// @generated by `cargo run --example gen_faces` from Minecraft client textures. Do not edit.

use super::{Builtin, Kind};

pub static BUILTINS: &[Builtin] = &[
    Builtin { id: "steve", name: "Steve", kind: Kind::Player, w: 8, h: 8, rgba: &[
        0x33, 0x24, 0x11, 0xff, 0x33, 0x24, 0x11, 0xff, 0x3f, 0x2a, 0x15, 0xff, 0x3f, 0x2a, 0x15, 0xff, 0x3f, 0x2a, 0x15, 0xff, 0x3f, 0x2a, 0x15, 0xff, 0x33, 0x24, 0x11, 0xff, 0x2b, 0x1e, 0x0d, 0xff,
        0x24, 0x18, 0x08, 0xff, 0x33, 0x24, 0x11, 0xff, 0x33, 0x24, 0x11, 0xff, 0x3f, 0x2a, 0x15, 0xff, 0x3f, 0x2a, 0x15, 0xff, 0x33, 0x24, 0x11, 0xff, 0x3f, 0x2a, 0x15, 0xff, 0x33, 0x24, 0x11, 0xff,
        0x2b, 0x1e, 0x0d, 0xff, 0x9b, 0x63, 0x49, 0xff, 0xb3, 0x79, 0x5e, 0xff, 0xb7, 0x83, 0x6b, 0xff, 0xb3, 0x79, 0x5e, 0xff, 0xaa, 0x72, 0x59, 0xff, 0x9b, 0x63, 0x49, 0xff, 0x34, 0x25, 0x12, 0xff,
        0x9b, 0x63, 0x49, 0xff, 0xaa, 0x72, 0x59, 0xff, 0xb3, 0x79, 0x5e, 0xff, 0xb3, 0x79, 0x5e, 0xff, 0xaa, 0x72, 0x59, 0xff, 0xaa, 0x72, 0x59, 0xff, 0xaa, 0x72, 0x59, 0xff, 0x9b, 0x63, 0x49, 0xff,
        0xaa, 0x72, 0x59, 0xff, 0xff, 0xff, 0xff, 0xff, 0x52, 0x3d, 0x89, 0xff, 0xaa, 0x72, 0x59, 0xff, 0x9b, 0x63, 0x49, 0xff, 0x52, 0x3d, 0x89, 0xff, 0xff, 0xff, 0xff, 0xff, 0xaa, 0x72, 0x59, 0xff,
        0x9b, 0x63, 0x49, 0xff, 0xaa, 0x72, 0x59, 0xff, 0xaa, 0x72, 0x59, 0xff, 0x6a, 0x40, 0x30, 0xff, 0x6a, 0x40, 0x30, 0xff, 0xaa, 0x72, 0x59, 0xff, 0xaa, 0x72, 0x59, 0xff, 0x9b, 0x63, 0x49, 0xff,
        0x90, 0x59, 0x3f, 0xff, 0x8f, 0x5e, 0x3e, 0xff, 0x49, 0x25, 0x10, 0xff, 0x77, 0x42, 0x35, 0xff, 0x77, 0x42, 0x35, 0xff, 0x42, 0x1d, 0x0a, 0xff, 0x8f, 0x5e, 0x3e, 0xff, 0x81, 0x53, 0x39, 0xff,
        0x94, 0x60, 0x3e, 0xff, 0x81, 0x53, 0x39, 0xff, 0x42, 0x1d, 0x0a, 0xff, 0x49, 0x25, 0x10, 0xff, 0x42, 0x1d, 0x0a, 0xff, 0x49, 0x25, 0x10, 0xff, 0x81, 0x53, 0x39, 0xff, 0x8f, 0x5e, 0x3e, 0xff,
    ] },
    Builtin { id: "alex", name: "Alex", kind: Kind::Player, w: 8, h: 8, rgba: &[
        0xe5, 0x8d, 0x3f, 0xff, 0xf3, 0xa8, 0x58, 0xff, 0xeb, 0x98, 0x3f, 0xff, 0xf3, 0xa8, 0x58, 0xff, 0xe5, 0x8d, 0x3f, 0xff, 0xeb, 0x98, 0x3f, 0xff, 0xf3, 0xa8, 0x58, 0xff, 0xe5, 0x8d, 0x3f, 0xff,
        0xeb, 0x98, 0x3f, 0xff, 0xf3, 0xa8, 0x58, 0xff, 0xe5, 0x8d, 0x3f, 0xff, 0xeb, 0x98, 0x3f, 0xff, 0xe5, 0x8d, 0x3f, 0xff, 0xe5, 0x8d, 0x3f, 0xff, 0xeb, 0x98, 0x3f, 0xff, 0xf3, 0xa8, 0x58, 0xff,
        0xeb, 0x98, 0x3f, 0xff, 0xe5, 0x8d, 0x3f, 0xff, 0xeb, 0x98, 0x3f, 0xff, 0xe5, 0x8d, 0x3f, 0xff, 0xdf, 0xc4, 0xa2, 0xff, 0xdf, 0xc4, 0xa2, 0xff, 0xe5, 0x8d, 0x3f, 0xff, 0xeb, 0x98, 0x3f, 0xff,
        0xeb, 0x98, 0x3f, 0xff, 0xeb, 0x98, 0x3f, 0xff, 0xe5, 0x8d, 0x3f, 0xff, 0xeb, 0xd0, 0xb0, 0xff, 0xef, 0xda, 0xbf, 0xff, 0xeb, 0xd0, 0xb0, 0xff, 0xeb, 0xd0, 0xb0, 0xff, 0xe5, 0x8d, 0x3f, 0xff,
        0xeb, 0xd0, 0xb0, 0xff, 0xff, 0xff, 0xff, 0xff, 0x23, 0x62, 0x24, 0xff, 0xef, 0xda, 0xbf, 0xff, 0xef, 0xda, 0xbf, 0xff, 0x23, 0x62, 0x24, 0xff, 0xff, 0xff, 0xff, 0xff, 0xeb, 0xd0, 0xb0, 0xff,
        0xef, 0xda, 0xbf, 0xff, 0xef, 0xda, 0xbf, 0xff, 0xef, 0xda, 0xbf, 0xff, 0xef, 0xda, 0xbf, 0xff, 0xef, 0xda, 0xbf, 0xff, 0xef, 0xda, 0xbf, 0xff, 0xef, 0xda, 0xbf, 0xff, 0xef, 0xda, 0xbf, 0xff,
        0xef, 0xda, 0xbf, 0xff, 0xef, 0xda, 0xbf, 0xff, 0xef, 0xda, 0xbf, 0xff, 0xef, 0xbb, 0xb1, 0xff, 0xef, 0xbb, 0xb1, 0xff, 0xef, 0xda, 0xbf, 0xff, 0xef, 0xda, 0xbf, 0xff, 0xeb, 0xd0, 0xb0, 0xff,
        0xeb, 0xd0, 0xb0, 0xff, 0xef, 0xda, 0xbf, 0xff, 0xef, 0xda, 0xbf, 0xff, 0xef, 0xda, 0xbf, 0xff, 0xef, 0xda, 0xbf, 0xff, 0xef, 0xda, 0xbf, 0xff, 0xeb, 0xd0, 0xb0, 0xff, 0xdf, 0xc4, 0xa2, 0xff,
    ] },
    Builtin { id: "ari", name: "Ari", kind: Kind::Player, w: 8, h: 8, rgba: &[
        0x80, 0x30, 0x12, 0xff, 0x9d, 0x45, 0x22, 0xff, 0x93, 0x3f, 0x1e, 0xff, 0x93, 0x3f, 0x1e, 0xff, 0xe5, 0x7f, 0x61, 0xff, 0x87, 0x37, 0x18, 0xff, 0x93, 0x3f, 0x1e, 0xff, 0x87, 0x37, 0x18, 0xff,
        0x87, 0x37, 0x18, 0xff, 0x93, 0x3f, 0x1e, 0xff, 0xe5, 0x7f, 0x61, 0xff, 0xf1, 0x93, 0x6e, 0xff, 0xf1, 0x93, 0x6e, 0xff, 0xe5, 0x7f, 0x61, 0xff, 0x93, 0x3f, 0x1e, 0xff, 0x80, 0x30, 0x12, 0xff,
        0x93, 0x3f, 0x1e, 0xff, 0xf1, 0x93, 0x6e, 0xff, 0xf9, 0xa7, 0x86, 0xff, 0xf9, 0xa7, 0x86, 0xff, 0xf9, 0xa7, 0x86, 0xff, 0xf9, 0xa7, 0x86, 0xff, 0xf1, 0x93, 0x6e, 0xff, 0x93, 0x3f, 0x1e, 0xff,
        0x93, 0x3f, 0x1e, 0xff, 0xf9, 0xa7, 0x86, 0xff, 0xf9, 0xa7, 0x86, 0xff, 0xf9, 0xa7, 0x86, 0xff, 0xf9, 0xa7, 0x86, 0xff, 0xf9, 0xa7, 0x86, 0xff, 0xf9, 0xa7, 0x86, 0xff, 0x93, 0x3f, 0x1e, 0xff,
        0x87, 0x37, 0x18, 0xff, 0xff, 0xff, 0xff, 0xff, 0x24, 0x03, 0x03, 0xff, 0xf9, 0xa7, 0x86, 0xff, 0xf9, 0xa7, 0x86, 0xff, 0x24, 0x03, 0x03, 0xff, 0xff, 0xff, 0xff, 0xff, 0x87, 0x37, 0x18, 0xff,
        0xf1, 0x81, 0x6e, 0xff, 0xf1, 0x81, 0x6e, 0xff, 0xf9, 0xa7, 0x86, 0xff, 0xf9, 0xa7, 0x86, 0xff, 0xf9, 0xa7, 0x86, 0xff, 0xf9, 0xa7, 0x86, 0xff, 0xf1, 0x81, 0x6e, 0xff, 0xf1, 0x81, 0x6e, 0xff,
        0xf9, 0xa7, 0x86, 0xff, 0xf9, 0xa7, 0x86, 0xff, 0xf9, 0xa7, 0x86, 0xff, 0xe5, 0x7f, 0x61, 0xff, 0xe5, 0x7f, 0x61, 0xff, 0xf9, 0xa7, 0x86, 0xff, 0xf9, 0xa7, 0x86, 0xff, 0xf9, 0xa7, 0x86, 0xff,
        0xf1, 0x93, 0x6e, 0xff, 0xf9, 0xa7, 0x86, 0xff, 0xf9, 0xa7, 0x86, 0xff, 0xf9, 0xa7, 0x86, 0xff, 0xf9, 0xa7, 0x86, 0xff, 0xf9, 0xa7, 0x86, 0xff, 0xf9, 0xa7, 0x86, 0xff, 0xf1, 0x93, 0x6e, 0xff,
    ] },
    Builtin { id: "efe", name: "Efe", kind: Kind::Player, w: 8, h: 8, rgba: &[
        0x86, 0x5c, 0x8e, 0xff, 0x8a, 0x62, 0x94, 0xff, 0x8a, 0x62, 0x94, 0xff, 0x95, 0x6b, 0x9e, 0xff, 0x8a, 0x62, 0x94, 0xff, 0x8a, 0x62, 0x94, 0xff, 0x78, 0x4f, 0x7e, 0xff, 0x8a, 0x62, 0x94, 0xff,
        0x86, 0x5c, 0x8e, 0xff, 0x81, 0x58, 0x89, 0xff, 0x93, 0x69, 0x9c, 0xff, 0x81, 0x58, 0x89, 0xff, 0x8a, 0x62, 0x94, 0xff, 0x8a, 0x62, 0x94, 0xff, 0x66, 0x3f, 0x69, 0xff, 0x8a, 0x62, 0x94, 0xff,
        0x8a, 0x62, 0x94, 0xff, 0x81, 0x58, 0x89, 0xff, 0xa4, 0x68, 0x40, 0xff, 0xab, 0x72, 0x4c, 0xff, 0x8a, 0x62, 0x94, 0xff, 0x78, 0x4f, 0x7e, 0xff, 0xa4, 0x68, 0x40, 0xff, 0x8a, 0x62, 0x94, 0xff,
        0x86, 0x5c, 0x8e, 0xff, 0xa4, 0x68, 0x40, 0xff, 0xab, 0x72, 0x4c, 0xff, 0xab, 0x72, 0x4c, 0xff, 0xab, 0x72, 0x4c, 0xff, 0xab, 0x72, 0x4c, 0xff, 0xab, 0x72, 0x4c, 0xff, 0x81, 0x58, 0x89, 0xff,
        0x8a, 0x62, 0x94, 0xff, 0xff, 0xff, 0xff, 0xff, 0x69, 0x2b, 0x34, 0xff, 0xab, 0x72, 0x4c, 0xff, 0xab, 0x72, 0x4c, 0xff, 0x69, 0x2b, 0x34, 0xff, 0xff, 0xff, 0xff, 0xff, 0x8a, 0x62, 0x94, 0xff,
        0x95, 0x6b, 0x9e, 0xff, 0xab, 0x72, 0x4c, 0xff, 0xab, 0x72, 0x4c, 0xff, 0xab, 0x72, 0x4c, 0xff, 0xab, 0x72, 0x4c, 0xff, 0xab, 0x72, 0x4c, 0xff, 0xab, 0x72, 0x4c, 0xff, 0x95, 0x6b, 0x9e, 0xff,
        0x95, 0x6b, 0x9e, 0xff, 0xa6, 0x68, 0x49, 0xff, 0xab, 0x72, 0x4c, 0xff, 0x77, 0x43, 0x20, 0xff, 0x77, 0x43, 0x20, 0xff, 0xab, 0x72, 0x4c, 0xff, 0xa6, 0x68, 0x49, 0xff, 0x9c, 0x73, 0xa9, 0xff,
        0x8a, 0x62, 0x94, 0xff, 0xab, 0x72, 0x4c, 0xff, 0xab, 0x72, 0x4c, 0xff, 0xab, 0x72, 0x4c, 0xff, 0xab, 0x72, 0x4c, 0xff, 0xab, 0x72, 0x4c, 0xff, 0xab, 0x72, 0x4c, 0xff, 0x8a, 0x62, 0x94, 0xff,
    ] },
    Builtin { id: "kai", name: "Kai", kind: Kind::Player, w: 8, h: 8, rgba: &[
        0xfb, 0xed, 0x91, 0xff, 0xfb, 0xed, 0x91, 0xff, 0xfb, 0xe2, 0x8a, 0xff, 0xfb, 0xed, 0x91, 0xff, 0xfb, 0xed, 0x91, 0xff, 0xfb, 0xed, 0x91, 0xff, 0xfb, 0xed, 0x91, 0xff, 0xfb, 0xed, 0x91, 0xff,
        0xfb, 0xed, 0x91, 0xff, 0xfb, 0xe2, 0x8a, 0xff, 0xfb, 0xed, 0x91, 0xff, 0xfb, 0xed, 0x91, 0xff, 0xfb, 0xed, 0x91, 0xff, 0xe8, 0xba, 0x6d, 0xff, 0xe8, 0xba, 0x6d, 0xff, 0xfb, 0xed, 0x91, 0xff,
        0xfb, 0xed, 0x91, 0xff, 0xfb, 0xed, 0x91, 0xff, 0xfb, 0xed, 0x91, 0xff, 0xfb, 0xed, 0x91, 0xff, 0xce, 0x88, 0x4e, 0xff, 0xdf, 0x96, 0x58, 0xff, 0xdf, 0x96, 0x58, 0xff, 0xfc, 0xf4, 0xaa, 0xff,
        0xfb, 0xed, 0x91, 0xff, 0xce, 0x88, 0x4e, 0xff, 0xdf, 0x96, 0x58, 0xff, 0xdf, 0x96, 0x58, 0xff, 0xdf, 0x96, 0x58, 0xff, 0xdf, 0x96, 0x58, 0xff, 0xdf, 0x96, 0x58, 0xff, 0xfc, 0xf4, 0xaa, 0xff,
        0xfc, 0xf4, 0xaa, 0xff, 0xff, 0xff, 0xff, 0xff, 0x43, 0x67, 0x53, 0xff, 0xdf, 0x96, 0x58, 0xff, 0xdf, 0x96, 0x58, 0xff, 0x43, 0x67, 0x53, 0xff, 0xff, 0xff, 0xff, 0xff, 0xfc, 0xf4, 0xaa, 0xff,
        0xfc, 0xf4, 0xaa, 0xff, 0xdf, 0x96, 0x58, 0xff, 0xdf, 0x96, 0x58, 0xff, 0xdf, 0x96, 0x58, 0xff, 0xdf, 0x96, 0x58, 0xff, 0xdf, 0x96, 0x58, 0xff, 0xdf, 0x96, 0x58, 0xff, 0xfb, 0xed, 0x91, 0xff,
        0xfb, 0xed, 0x91, 0xff, 0xdf, 0x96, 0x58, 0xff, 0xdf, 0x96, 0x58, 0xff, 0x77, 0x43, 0x20, 0xff, 0x77, 0x43, 0x20, 0xff, 0xdf, 0x96, 0x58, 0xff, 0xdf, 0x96, 0x58, 0xff, 0xfb, 0xed, 0x91, 0xff,
        0xfb, 0xed, 0x91, 0xff, 0xfb, 0xed, 0x91, 0xff, 0xdf, 0x96, 0x58, 0xff, 0xdf, 0x96, 0x58, 0xff, 0xdf, 0x96, 0x58, 0xff, 0xdf, 0x96, 0x58, 0xff, 0xfb, 0xed, 0x91, 0xff, 0xfb, 0xed, 0x91, 0xff,
    ] },
    Builtin { id: "makena", name: "Makena", kind: Kind::Player, w: 8, h: 8, rgba: &[
        0x26, 0x12, 0x16, 0xff, 0x1f, 0x0a, 0x0e, 0xff, 0x32, 0x19, 0x1e, 0xff, 0x32, 0x19, 0x1e, 0xff, 0x1e, 0x0e, 0x11, 0xff, 0x26, 0x12, 0x16, 0xff, 0x32, 0x19, 0x1e, 0xff, 0x26, 0x12, 0x16, 0xff,
        0x32, 0x19, 0x1e, 0xff, 0x26, 0x12, 0x16, 0xff, 0x32, 0x19, 0x1e, 0xff, 0x1f, 0x0a, 0x0e, 0xff, 0x44, 0x35, 0x28, 0xff, 0x44, 0x35, 0x28, 0xff, 0x32, 0x19, 0x1e, 0xff, 0x32, 0x19, 0x1e, 0xff,
        0x26, 0x12, 0x16, 0xff, 0x32, 0x19, 0x1e, 0xff, 0x38, 0x28, 0x1b, 0xff, 0x26, 0x12, 0x16, 0xff, 0x1f, 0x0a, 0x0e, 0xff, 0x44, 0x35, 0x28, 0xff, 0x38, 0x28, 0x1b, 0xff, 0x26, 0x12, 0x16, 0xff,
        0x38, 0x28, 0x1b, 0xff, 0x44, 0x35, 0x28, 0xff, 0x44, 0x35, 0x28, 0xff, 0x44, 0x35, 0x28, 0xff, 0x44, 0x35, 0x28, 0xff, 0x44, 0x35, 0x28, 0xff, 0x44, 0x35, 0x28, 0xff, 0x38, 0x28, 0x1b, 0xff,
        0x44, 0x35, 0x28, 0xff, 0xd3, 0xcb, 0xc6, 0xff, 0x2e, 0x18, 0x00, 0xff, 0x44, 0x35, 0x28, 0xff, 0x44, 0x35, 0x28, 0xff, 0x2e, 0x18, 0x00, 0xff, 0xd3, 0xcb, 0xc6, 0xff, 0x44, 0x35, 0x28, 0xff,
        0x5a, 0x45, 0x34, 0xff, 0x44, 0x35, 0x28, 0xff, 0x44, 0x35, 0x28, 0xff, 0x44, 0x35, 0x28, 0xff, 0x44, 0x35, 0x28, 0xff, 0x44, 0x35, 0x28, 0xff, 0x44, 0x35, 0x28, 0xff, 0x5a, 0x45, 0x34, 0xff,
        0x38, 0x28, 0x1b, 0xff, 0x44, 0x35, 0x28, 0xff, 0x44, 0x35, 0x28, 0xff, 0x30, 0x22, 0x18, 0xff, 0x30, 0x22, 0x18, 0xff, 0x44, 0x35, 0x28, 0xff, 0x44, 0x35, 0x28, 0xff, 0x38, 0x28, 0x1b, 0xff,
        0x2a, 0x1e, 0x0f, 0xff, 0x38, 0x28, 0x1b, 0xff, 0x44, 0x35, 0x28, 0xff, 0x44, 0x35, 0x28, 0xff, 0x44, 0x35, 0x28, 0xff, 0x44, 0x35, 0x28, 0xff, 0x38, 0x28, 0x1b, 0xff, 0x2a, 0x1e, 0x0f, 0xff,
    ] },
    Builtin { id: "noor", name: "Noor", kind: Kind::Player, w: 8, h: 8, rgba: &[
        0x2e, 0x18, 0x0e, 0xff, 0x38, 0x1e, 0x11, 0xff, 0x2e, 0x18, 0x0e, 0xff, 0x59, 0x34, 0x20, 0xff, 0x2e, 0x18, 0x0e, 0xff, 0x38, 0x1e, 0x11, 0xff, 0x2e, 0x18, 0x0e, 0xff, 0x38, 0x1e, 0x11, 0xff,
        0x38, 0x1e, 0x11, 0xff, 0xa7, 0x5c, 0x43, 0xff, 0xb9, 0x67, 0x4a, 0xff, 0xa7, 0x5c, 0x43, 0xff, 0xb9, 0x67, 0x4a, 0xff, 0xa7, 0x5c, 0x43, 0xff, 0xb9, 0x67, 0x4a, 0xff, 0x38, 0x1e, 0x11, 0xff,
        0xa7, 0x5c, 0x43, 0xff, 0xb9, 0x67, 0x4a, 0xff, 0xcd, 0x79, 0x5b, 0xff, 0xb9, 0x67, 0x4a, 0xff, 0xb9, 0x67, 0x4a, 0xff, 0xb9, 0x67, 0x4a, 0xff, 0xb9, 0x67, 0x4a, 0xff, 0xa7, 0x5c, 0x43, 0xff,
        0xb9, 0x67, 0x4a, 0xff, 0xa9, 0x56, 0x3a, 0xff, 0xa9, 0x56, 0x3a, 0xff, 0xb9, 0x67, 0x4a, 0xff, 0xb9, 0x67, 0x4a, 0xff, 0xa9, 0x56, 0x3a, 0xff, 0xa9, 0x56, 0x3a, 0xff, 0xb9, 0x67, 0x4a, 0xff,
        0xa9, 0x56, 0x3a, 0xff, 0xff, 0xff, 0xff, 0xff, 0x58, 0x2c, 0x1d, 0xff, 0xb9, 0x67, 0x4a, 0xff, 0xb9, 0x67, 0x4a, 0xff, 0x58, 0x2c, 0x1d, 0xff, 0xff, 0xff, 0xff, 0xff, 0xa9, 0x56, 0x3a, 0xff,
        0xb9, 0x67, 0x4a, 0xff, 0xb9, 0x67, 0x4a, 0xff, 0xb9, 0x67, 0x4a, 0xff, 0xb9, 0x67, 0x4a, 0xff, 0xb9, 0x67, 0x4a, 0xff, 0xb9, 0x67, 0x4a, 0xff, 0xb9, 0x67, 0x4a, 0xff, 0xb9, 0x67, 0x4a, 0xff,
        0xa7, 0x5c, 0x43, 0xff, 0xb9, 0x67, 0x4a, 0xff, 0xb9, 0x67, 0x4a, 0xff, 0x73, 0x3b, 0x27, 0xff, 0x73, 0x3b, 0x27, 0xff, 0xb9, 0x67, 0x4a, 0xff, 0xb9, 0x67, 0x4a, 0xff, 0xa7, 0x5c, 0x43, 0xff,
        0x91, 0x47, 0x31, 0xff, 0xa7, 0x5c, 0x43, 0xff, 0xb9, 0x67, 0x4a, 0xff, 0xb9, 0x67, 0x4a, 0xff, 0xb9, 0x67, 0x4a, 0xff, 0xb9, 0x67, 0x4a, 0xff, 0xa7, 0x5c, 0x43, 0xff, 0x91, 0x47, 0x31, 0xff,
    ] },
    Builtin { id: "sunny", name: "Sunny", kind: Kind::Player, w: 8, h: 8, rgba: &[
        0x2f, 0x2f, 0x2f, 0xff, 0x38, 0x38, 0x38, 0xff, 0x2f, 0x2f, 0x2f, 0xff, 0x38, 0x38, 0x38, 0xff, 0x49, 0x49, 0x49, 0xff, 0x2f, 0x2f, 0x2f, 0xff, 0x38, 0x38, 0x38, 0xff, 0x2f, 0x2f, 0x2f, 0xff,
        0x2f, 0x2f, 0x2f, 0xff, 0x38, 0x38, 0x38, 0xff, 0x49, 0x49, 0x49, 0xff, 0x38, 0x38, 0x38, 0xff, 0x49, 0x49, 0x49, 0xff, 0x2f, 0x2f, 0x2f, 0xff, 0x38, 0x38, 0x38, 0xff, 0x2f, 0x2f, 0x2f, 0xff,
        0x2f, 0x2f, 0x2f, 0xff, 0x2f, 0x2f, 0x2f, 0xff, 0x49, 0x49, 0x49, 0xff, 0x2f, 0x2f, 0x2f, 0xff, 0x38, 0x38, 0x38, 0xff, 0x38, 0x38, 0x38, 0xff, 0x2f, 0x2f, 0x2f, 0xff, 0x2f, 0x2f, 0x2f, 0xff,
        0x22, 0x22, 0x22, 0xff, 0x2f, 0x2f, 0x2f, 0xff, 0x38, 0x38, 0x38, 0xff, 0x22, 0x22, 0x22, 0xff, 0x2f, 0x2f, 0x2f, 0xff, 0x2f, 0x2f, 0x2f, 0xff, 0x2f, 0x2f, 0x2f, 0xff, 0x22, 0x22, 0x22, 0xff,
        0xd8, 0x84, 0x4b, 0xff, 0xff, 0xff, 0xff, 0xff, 0x00, 0x00, 0x00, 0xff, 0xd8, 0x84, 0x4b, 0xff, 0xd8, 0x84, 0x4b, 0xff, 0x00, 0x00, 0x00, 0xff, 0xff, 0xff, 0xff, 0xff, 0xd8, 0x84, 0x4b, 0xff,
        0xf2, 0x9f, 0x5f, 0xff, 0xf2, 0x9f, 0x5f, 0xff, 0xf2, 0x9f, 0x5f, 0xff, 0xf2, 0x9f, 0x5f, 0xff, 0xf2, 0x9f, 0x5f, 0xff, 0xf2, 0x9f, 0x5f, 0xff, 0xf2, 0x9f, 0x5f, 0xff, 0xf2, 0x9f, 0x5f, 0xff,
        0xd8, 0x84, 0x4b, 0xff, 0xf2, 0x9f, 0x5f, 0xff, 0xf2, 0x9f, 0x5f, 0xff, 0x77, 0x43, 0x20, 0xff, 0x77, 0x43, 0x20, 0xff, 0xf2, 0x9f, 0x5f, 0xff, 0xf2, 0x9f, 0x5f, 0xff, 0xd8, 0x84, 0x4b, 0xff,
        0xc1, 0x72, 0x3f, 0xff, 0xd8, 0x84, 0x4b, 0xff, 0xf2, 0x9f, 0x5f, 0xff, 0xf2, 0x9f, 0x5f, 0xff, 0xf2, 0x9f, 0x5f, 0xff, 0xf2, 0x9f, 0x5f, 0xff, 0xd8, 0x84, 0x4b, 0xff, 0xc1, 0x72, 0x3f, 0xff,
    ] },
    Builtin { id: "zuri", name: "Zuri", kind: Kind::Player, w: 8, h: 8, rgba: &[
        0x0e, 0x04, 0x01, 0xff, 0x0e, 0x04, 0x01, 0xff, 0x1b, 0x11, 0x0d, 0xff, 0x22, 0x16, 0x11, 0xff, 0x22, 0x16, 0x11, 0xff, 0x1b, 0x11, 0x0d, 0xff, 0x0e, 0x04, 0x01, 0xff, 0x0e, 0x04, 0x01, 0xff,
        0x0e, 0x04, 0x01, 0xff, 0x5f, 0x3e, 0x29, 0xff, 0x6d, 0x48, 0x30, 0xff, 0x7e, 0x53, 0x37, 0xff, 0x7e, 0x53, 0x37, 0xff, 0x6d, 0x48, 0x30, 0xff, 0x5f, 0x3e, 0x29, 0xff, 0x0e, 0x04, 0x01, 0xff,
        0x6d, 0x48, 0x30, 0xff, 0x7e, 0x53, 0x37, 0xff, 0x7e, 0x53, 0x37, 0xff, 0x7e, 0x53, 0x37, 0xff, 0x7e, 0x53, 0x37, 0xff, 0x7e, 0x53, 0x37, 0xff, 0x7e, 0x53, 0x37, 0xff, 0x6d, 0x48, 0x30, 0xff,
        0x7e, 0x53, 0x37, 0xff, 0x7e, 0x53, 0x37, 0xff, 0x7e, 0x53, 0x37, 0xff, 0x7e, 0x53, 0x37, 0xff, 0x7e, 0x53, 0x37, 0xff, 0x7e, 0x53, 0x37, 0xff, 0x7e, 0x53, 0x37, 0xff, 0x7e, 0x53, 0x37, 0xff,
        0x7e, 0x53, 0x37, 0xff, 0xff, 0xff, 0xff, 0xff, 0x41, 0x1e, 0x02, 0xff, 0x7e, 0x53, 0x37, 0xff, 0x7e, 0x53, 0x37, 0xff, 0x41, 0x1e, 0x02, 0xff, 0xff, 0xff, 0xff, 0xff, 0x6d, 0x48, 0x30, 0xff,
        0x92, 0x67, 0x4c, 0xff, 0x7e, 0x53, 0x37, 0xff, 0x7e, 0x53, 0x37, 0xff, 0x7e, 0x53, 0x37, 0xff, 0x7e, 0x53, 0x37, 0xff, 0x7e, 0x53, 0x37, 0xff, 0x7e, 0x53, 0x37, 0xff, 0x92, 0x67, 0x4c, 0xff,
        0x7e, 0x53, 0x37, 0xff, 0x7e, 0x53, 0x37, 0xff, 0x7e, 0x53, 0x37, 0xff, 0x75, 0x3c, 0x28, 0xff, 0x75, 0x3c, 0x28, 0xff, 0x7e, 0x53, 0x37, 0xff, 0x7e, 0x53, 0x37, 0xff, 0x6d, 0x48, 0x30, 0xff,
        0x5f, 0x3e, 0x29, 0xff, 0x6d, 0x48, 0x30, 0xff, 0x7e, 0x53, 0x37, 0xff, 0x7e, 0x53, 0x37, 0xff, 0x7e, 0x53, 0x37, 0xff, 0x7e, 0x53, 0x37, 0xff, 0x6d, 0x48, 0x30, 0xff, 0x5f, 0x3e, 0x29, 0xff,
    ] },
    Builtin { id: "creeper", name: "Creeper", kind: Kind::Mob, w: 8, h: 8, rgba: &[
        0xa5, 0xcd, 0x9f, 0xff, 0x13, 0xa9, 0x0f, 0xff, 0x4c, 0xb3, 0x41, 0xff, 0x9d, 0xc7, 0x9d, 0xff, 0xd2, 0xd2, 0xd2, 0xff, 0x85, 0xdc, 0x74, 0xff, 0x7d, 0xcc, 0x6e, 0xff, 0x4d, 0x90, 0x4a, 0xff,
        0x29, 0x93, 0x26, 0xff, 0x5f, 0xc5, 0x59, 0xff, 0x41, 0xb7, 0x36, 0xff, 0x6e, 0xc9, 0x65, 0xff, 0x4c, 0x91, 0x48, 0xff, 0x70, 0xdc, 0x5d, 0xff, 0x65, 0xbc, 0x55, 0xff, 0xd2, 0xd2, 0xd2, 0xff,
        0x47, 0xc5, 0x36, 0xff, 0x1f, 0x54, 0x17, 0xff, 0x38, 0x58, 0x31, 0xff, 0x93, 0xd7, 0x8c, 0xff, 0x57, 0x98, 0x56, 0xff, 0x1e, 0x4e, 0x18, 0xff, 0x38, 0x58, 0x31, 0xff, 0xdc, 0xdc, 0xdc, 0xff,
        0x4c, 0xcb, 0x3d, 0xff, 0x1e, 0x4e, 0x18, 0xff, 0x00, 0x00, 0x00, 0xff, 0x67, 0xcf, 0x55, 0xff, 0x47, 0xb2, 0x39, 0xff, 0x00, 0x00, 0x00, 0xff, 0x17, 0x3a, 0x14, 0xff, 0x78, 0xce, 0x67, 0xff,
        0x89, 0xd2, 0x82, 0xff, 0x65, 0xb7, 0x57, 0xff, 0x94, 0xd7, 0x8e, 0xff, 0x1c, 0x4f, 0x14, 0xff, 0x1d, 0x4c, 0x16, 0xff, 0xc3, 0xd2, 0xc0, 0xff, 0x48, 0x8c, 0x45, 0xff, 0x5e, 0xd0, 0x4c, 0xff,
        0xa4, 0xd2, 0x9a, 0xff, 0x51, 0x97, 0x4e, 0xff, 0x38, 0x58, 0x31, 0xff, 0x00, 0x00, 0x00, 0xff, 0x00, 0x00, 0x00, 0xff, 0x1f, 0x55, 0x18, 0xff, 0x67, 0xd7, 0x55, 0xff, 0xbf, 0xd2, 0xbb, 0xff,
        0xc2, 0xe2, 0xbb, 0xff, 0x67, 0xa1, 0x66, 0xff, 0x00, 0x00, 0x00, 0xff, 0x00, 0x00, 0x00, 0xff, 0x00, 0x00, 0x00, 0xff, 0x00, 0x00, 0x00, 0xff, 0x5f, 0xbc, 0x50, 0xff, 0x51, 0x98, 0x4d, 0xff,
        0x67, 0xd7, 0x55, 0xff, 0x82, 0xde, 0x70, 0xff, 0x17, 0x3a, 0x14, 0xff, 0x93, 0xd2, 0x84, 0xff, 0xae, 0xd0, 0xa8, 0xff, 0x1d, 0x4c, 0x16, 0xff, 0x3b, 0x8e, 0x37, 0xff, 0x68, 0xcf, 0x57, 0xff,
    ] },
    Builtin { id: "zombie", name: "Zombie", kind: Kind::Mob, w: 8, h: 8, rgba: &[
        0x3e, 0x69, 0x2d, 0xff, 0x3e, 0x69, 0x2d, 0xff, 0x3b, 0x62, 0x2f, 0xff, 0x3b, 0x62, 0x2f, 0xff, 0x3b, 0x62, 0x2f, 0xff, 0x3b, 0x62, 0x2f, 0xff, 0x3b, 0x62, 0x2f, 0xff, 0x49, 0x71, 0x35, 0xff,
        0x3e, 0x69, 0x2d, 0xff, 0x3b, 0x62, 0x2f, 0xff, 0x49, 0x71, 0x35, 0xff, 0x69, 0x87, 0x56, 0xff, 0x69, 0x87, 0x56, 0xff, 0x49, 0x71, 0x35, 0xff, 0x3b, 0x62, 0x2f, 0xff, 0x3e, 0x69, 0x2d, 0xff,
        0x4e, 0x7b, 0x36, 0xff, 0x67, 0x90, 0x56, 0xff, 0x6d, 0x95, 0x5b, 0xff, 0x79, 0x9c, 0x65, 0xff, 0x71, 0x95, 0x5b, 0xff, 0x6f, 0x95, 0x5c, 0xff, 0x67, 0x90, 0x56, 0xff, 0x49, 0x71, 0x35, 0xff,
        0x69, 0x87, 0x56, 0xff, 0x5a, 0x7b, 0x48, 0xff, 0x71, 0x95, 0x5b, 0xff, 0x71, 0x95, 0x5b, 0xff, 0x71, 0x95, 0x5b, 0xff, 0x69, 0x87, 0x56, 0xff, 0x5a, 0x7b, 0x48, 0xff, 0x69, 0x87, 0x56, 0xff,
        0x5a, 0x7b, 0x48, 0xff, 0x1a, 0x1a, 0x1a, 0xff, 0x1a, 0x1a, 0x1a, 0xff, 0x71, 0x95, 0x5b, 0xff, 0x69, 0x87, 0x56, 0xff, 0x1a, 0x1a, 0x1a, 0xff, 0x1a, 0x1a, 0x1a, 0xff, 0x5a, 0x7b, 0x48, 0xff,
        0x4e, 0x7b, 0x36, 0xff, 0x69, 0x87, 0x56, 0xff, 0x69, 0x87, 0x56, 0xff, 0x3b, 0x62, 0x2f, 0xff, 0x3b, 0x62, 0x2f, 0xff, 0x69, 0x87, 0x56, 0xff, 0x69, 0x87, 0x56, 0xff, 0x4e, 0x7b, 0x36, 0xff,
        0x3e, 0x69, 0x2d, 0xff, 0x48, 0x75, 0x32, 0xff, 0x3b, 0x62, 0x2f, 0xff, 0x4a, 0x69, 0x2d, 0xff, 0x4a, 0x69, 0x2d, 0xff, 0x3b, 0x62, 0x2f, 0xff, 0x48, 0x75, 0x32, 0xff, 0x3e, 0x69, 0x2d, 0xff,
        0x3b, 0x62, 0x2f, 0xff, 0x3b, 0x62, 0x2f, 0xff, 0x38, 0x52, 0x26, 0xff, 0x38, 0x52, 0x26, 0xff, 0x3b, 0x62, 0x2f, 0xff, 0x38, 0x52, 0x26, 0xff, 0x3e, 0x69, 0x2d, 0xff, 0x3e, 0x69, 0x2d, 0xff,
    ] },
    Builtin { id: "husk", name: "Husk", kind: Kind::Mob, w: 8, h: 8, rgba: &[
        0xb0, 0x98, 0x64, 0xff, 0x59, 0x50, 0x3b, 0xff, 0x5d, 0x55, 0x43, 0xff, 0xb0, 0x98, 0x64, 0xff, 0xb0, 0x98, 0x64, 0xff, 0xd3, 0xb8, 0x7d, 0xff, 0xd3, 0xb8, 0x7d, 0xff, 0xc9, 0xad, 0x70, 0xff,
        0x9e, 0x8b, 0x60, 0xff, 0x5d, 0x55, 0x43, 0xff, 0x6a, 0x5d, 0x4a, 0xff, 0x5d, 0x55, 0x43, 0xff, 0x5d, 0x55, 0x43, 0xff, 0x82, 0x74, 0x55, 0xff, 0xb0, 0x98, 0x64, 0xff, 0xb0, 0x98, 0x64, 0xff,
        0x59, 0x50, 0x3b, 0xff, 0x6a, 0x5d, 0x4a, 0xff, 0x6a, 0x5d, 0x4a, 0xff, 0x79, 0x70, 0x61, 0xff, 0x6c, 0x64, 0x54, 0xff, 0x6c, 0x64, 0x54, 0xff, 0x6a, 0x5d, 0x4a, 0xff, 0x52, 0x48, 0x35, 0xff,
        0x6a, 0x5d, 0x4a, 0xff, 0x5d, 0x55, 0x43, 0xff, 0x6c, 0x64, 0x54, 0xff, 0x6c, 0x64, 0x54, 0xff, 0x6c, 0x64, 0x54, 0xff, 0x6a, 0x5d, 0x4a, 0xff, 0x5d, 0x55, 0x43, 0xff, 0x6a, 0x5d, 0x4a, 0xff,
        0x5d, 0x55, 0x43, 0xff, 0x19, 0x19, 0x19, 0xff, 0x19, 0x19, 0x19, 0xff, 0x6c, 0x64, 0x54, 0xff, 0x6a, 0x5d, 0x4a, 0xff, 0x19, 0x19, 0x19, 0xff, 0x19, 0x19, 0x19, 0xff, 0x5d, 0x55, 0x43, 0xff,
        0x59, 0x50, 0x3b, 0xff, 0x6a, 0x5d, 0x4a, 0xff, 0x6a, 0x5d, 0x4a, 0xff, 0x46, 0x3d, 0x2c, 0xff, 0x46, 0x3d, 0x2c, 0xff, 0x6a, 0x5d, 0x4a, 0xff, 0x6a, 0x5d, 0x4a, 0xff, 0x59, 0x50, 0x3b, 0xff,
        0x52, 0x48, 0x35, 0xff, 0x59, 0x50, 0x3b, 0xff, 0x4b, 0x42, 0x31, 0xff, 0x52, 0x48, 0x35, 0xff, 0x52, 0x48, 0x35, 0xff, 0x46, 0x3d, 0x2c, 0xff, 0x59, 0x50, 0x3b, 0xff, 0x52, 0x48, 0x35, 0xff,
        0x4b, 0x42, 0x31, 0xff, 0x4b, 0x42, 0x31, 0xff, 0x46, 0x3d, 0x2c, 0xff, 0x46, 0x3d, 0x2c, 0xff, 0x4b, 0x42, 0x31, 0xff, 0x46, 0x3d, 0x2c, 0xff, 0x52, 0x48, 0x35, 0xff, 0x52, 0x48, 0x35, 0xff,
    ] },
    Builtin { id: "drowned", name: "Drowned", kind: Kind::Mob, w: 8, h: 8, rgba: &[
        0x32, 0x94, 0x00, 0xff, 0x29, 0x82, 0x00, 0xff, 0x32, 0x94, 0x00, 0xff, 0x4c, 0xa6, 0x82, 0xff, 0x4d, 0x92, 0x80, 0xff, 0x4d, 0x92, 0x80, 0xff, 0x50, 0x6e, 0x6a, 0xff, 0x29, 0x82, 0x00, 0xff,
        0x32, 0x94, 0x00, 0xff, 0x50, 0x6e, 0x6a, 0xff, 0x22, 0x70, 0x00, 0xff, 0x56, 0x84, 0x7e, 0xff, 0x4c, 0xa6, 0x82, 0xff, 0x56, 0x84, 0x7e, 0xff, 0x54, 0xb9, 0x72, 0xff, 0x56, 0x84, 0x7e, 0xff,
        0x22, 0x70, 0x00, 0xff, 0x56, 0x84, 0x7e, 0xff, 0x50, 0x6e, 0x6a, 0xff, 0x4d, 0x92, 0x80, 0xff, 0x56, 0x84, 0x7e, 0xff, 0x4d, 0x92, 0x80, 0xff, 0x27, 0x51, 0x4b, 0xff, 0x50, 0x6e, 0x6a, 0xff,
        0x50, 0x6e, 0x6a, 0xff, 0x4d, 0x92, 0x80, 0xff, 0x56, 0x84, 0x7e, 0xff, 0x56, 0x84, 0x7e, 0xff, 0x4d, 0x92, 0x80, 0xff, 0x56, 0x84, 0x7e, 0xff, 0x56, 0x84, 0x7e, 0xff, 0x4d, 0x92, 0x80, 0xff,
        0x56, 0x84, 0x7e, 0xff, 0x8f, 0xf1, 0xd7, 0xff, 0x8f, 0xf1, 0xd7, 0xff, 0x56, 0x84, 0x7e, 0xff, 0x56, 0x84, 0x7e, 0xff, 0x8f, 0xf1, 0xd7, 0xff, 0x8f, 0xf1, 0xd7, 0xff, 0x56, 0x84, 0x7e, 0xff,
        0x56, 0x84, 0x7e, 0xff, 0x4d, 0x92, 0x80, 0xff, 0x49, 0x72, 0x6c, 0xff, 0x65, 0xe0, 0xdd, 0xff, 0x65, 0xe0, 0xdd, 0xff, 0x49, 0x72, 0x6c, 0xff, 0x49, 0x72, 0x6c, 0xff, 0x56, 0x84, 0x7e, 0xff,
        0x56, 0x84, 0x7e, 0xff, 0x56, 0x84, 0x7e, 0xff, 0x8f, 0xf1, 0xd7, 0xff, 0x8f, 0xf1, 0xd7, 0xff, 0x8f, 0xf1, 0xd7, 0xff, 0x8f, 0xf1, 0xd7, 0xff, 0x56, 0x84, 0x7e, 0xff, 0x4d, 0x92, 0x80, 0xff,
        0x49, 0x72, 0x6c, 0xff, 0x56, 0x84, 0x7e, 0xff, 0x49, 0x72, 0x6c, 0xff, 0x49, 0x72, 0x6c, 0xff, 0x49, 0x72, 0x6c, 0xff, 0x49, 0x72, 0x6c, 0xff, 0x56, 0x84, 0x7e, 0xff, 0x50, 0x6e, 0x6a, 0xff,
    ] },
    Builtin { id: "skeleton", name: "Skeleton", kind: Kind::Mob, w: 8, h: 8, rgba: &[
        0xbc, 0xbc, 0xbc, 0xff, 0xbc, 0xbc, 0xbc, 0xff, 0xad, 0xab, 0xad, 0xff, 0xbc, 0xbc, 0xbc, 0xff, 0xbc, 0xbc, 0xbc, 0xff, 0xbc, 0xbc, 0xbc, 0xff, 0xbc, 0xbc, 0xbc, 0xff, 0xbc, 0xbc, 0xbc, 0xff,
        0xbc, 0xbc, 0xbc, 0xff, 0xcb, 0xc9, 0xc9, 0xff, 0xd3, 0xd3, 0xd3, 0xff, 0xad, 0xab, 0xad, 0xff, 0xd3, 0xd3, 0xd3, 0xff, 0xd3, 0xd3, 0xd3, 0xff, 0xcb, 0xc9, 0xc9, 0xff, 0xbc, 0xbc, 0xbc, 0xff,
        0xd3, 0xd3, 0xd3, 0xff, 0xd3, 0xd3, 0xd3, 0xff, 0xe3, 0xe3, 0xe3, 0xff, 0xbc, 0xbc, 0xbc, 0xff, 0xd3, 0xd3, 0xd3, 0xff, 0xd3, 0xd3, 0xd3, 0xff, 0xd3, 0xd3, 0xd3, 0xff, 0xd3, 0xd3, 0xd3, 0xff,
        0xd3, 0xd3, 0xd3, 0xff, 0xd3, 0xd3, 0xd3, 0xff, 0xd3, 0xd3, 0xd3, 0xff, 0xd3, 0xd3, 0xd3, 0xff, 0xd3, 0xd3, 0xd3, 0xff, 0xd3, 0xd3, 0xd3, 0xff, 0xd3, 0xd3, 0xd3, 0xff, 0xd3, 0xd3, 0xd3, 0xff,
        0xcb, 0xc9, 0xc9, 0xff, 0x49, 0x49, 0x49, 0xff, 0x49, 0x49, 0x49, 0xff, 0xcb, 0xc9, 0xc9, 0xff, 0xbc, 0xbc, 0xbc, 0xff, 0x49, 0x49, 0x49, 0xff, 0x49, 0x49, 0x49, 0xff, 0xcb, 0xc9, 0xc9, 0xff,
        0xad, 0xab, 0xad, 0xff, 0xad, 0xab, 0xad, 0xff, 0xbc, 0xbc, 0xbc, 0xff, 0x82, 0x82, 0x82, 0xff, 0x82, 0x82, 0x82, 0xff, 0xad, 0xab, 0xad, 0xff, 0xad, 0xab, 0xad, 0xff, 0xad, 0xab, 0xad, 0xff,
        0x8e, 0x8d, 0x8e, 0xff, 0x49, 0x49, 0x49, 0xff, 0x49, 0x49, 0x49, 0xff, 0x49, 0x49, 0x49, 0xff, 0x49, 0x49, 0x49, 0xff, 0x49, 0x49, 0x49, 0xff, 0x49, 0x49, 0x49, 0xff, 0x8e, 0x8d, 0x8e, 0xff,
        0xbc, 0xbc, 0xbc, 0xff, 0xbc, 0xbc, 0xbc, 0xff, 0xd3, 0xd3, 0xd3, 0xff, 0xd3, 0xd3, 0xd3, 0xff, 0xd3, 0xd3, 0xd3, 0xff, 0xd3, 0xd3, 0xd3, 0xff, 0xbc, 0xbc, 0xbc, 0xff, 0xbc, 0xbc, 0xbc, 0xff,
    ] },
    Builtin { id: "stray", name: "Stray", kind: Kind::Mob, w: 8, h: 8, rgba: &[
        0x61, 0x76, 0x77, 0xff, 0x57, 0x6c, 0x6d, 0xff, 0x46, 0x5b, 0x5c, 0xff, 0x57, 0x6c, 0x6d, 0xff, 0x57, 0x6c, 0x6d, 0xff, 0x61, 0x76, 0x77, 0xff, 0x46, 0x5b, 0x5c, 0xff, 0x57, 0x6c, 0x6d, 0xff,
        0x57, 0x6c, 0x6d, 0xff, 0x57, 0x6c, 0x6d, 0xff, 0x46, 0x5b, 0x5c, 0xff, 0x46, 0x5b, 0x5c, 0xff, 0x57, 0x6c, 0x6d, 0xff, 0x46, 0x5b, 0x5c, 0xff, 0xc5, 0xd6, 0xd5, 0xff, 0x57, 0x6c, 0x6d, 0xff,
        0x46, 0x5b, 0x5c, 0xff, 0x39, 0x4e, 0x4f, 0xff, 0x46, 0x5b, 0x5c, 0xff, 0x46, 0x5b, 0x5c, 0xff, 0x57, 0x6c, 0x6d, 0xff, 0x46, 0x5b, 0x5c, 0xff, 0xc5, 0xd6, 0xd5, 0xff, 0x39, 0x4e, 0x4f, 0xff,
        0xac, 0xba, 0xbd, 0xff, 0xac, 0xba, 0xbd, 0xff, 0xac, 0xba, 0xbd, 0xff, 0x46, 0x5b, 0x5c, 0xff, 0x39, 0x4e, 0x4f, 0xff, 0xac, 0xba, 0xbd, 0xff, 0xac, 0xba, 0xbd, 0xff, 0xac, 0xba, 0xbd, 0xff,
        0xac, 0xba, 0xbd, 0xff, 0xe6, 0xf2, 0xf6, 0xff, 0xe6, 0xf2, 0xf6, 0xff, 0xac, 0xba, 0xbd, 0xff, 0x9c, 0xae, 0xac, 0xff, 0xe6, 0xf2, 0xf6, 0xff, 0xe6, 0xf2, 0xf6, 0xff, 0xac, 0xba, 0xbd, 0xff,
        0x9c, 0xae, 0xac, 0xff, 0x9c, 0xae, 0xac, 0xff, 0xac, 0xba, 0xbd, 0xff, 0x83, 0x95, 0x94, 0xff, 0x83, 0x95, 0x94, 0xff, 0x9c, 0xae, 0xac, 0xff, 0x9c, 0xae, 0xac, 0xff, 0x9c, 0xae, 0xac, 0xff,
        0x83, 0x95, 0x94, 0xff, 0x6a, 0x81, 0x83, 0xff, 0x6a, 0x81, 0x83, 0xff, 0x6a, 0x81, 0x83, 0xff, 0x6a, 0x81, 0x83, 0xff, 0x6a, 0x81, 0x83, 0xff, 0x6a, 0x81, 0x83, 0xff, 0x83, 0x95, 0x94, 0xff,
        0xac, 0xba, 0xbd, 0xff, 0xac, 0xba, 0xbd, 0xff, 0xc5, 0xd6, 0xd5, 0xff, 0xc5, 0xd6, 0xd5, 0xff, 0xc5, 0xd6, 0xd5, 0xff, 0xc5, 0xd6, 0xd5, 0xff, 0xac, 0xba, 0xbd, 0xff, 0xac, 0xba, 0xbd, 0xff,
    ] },
    Builtin { id: "bogged", name: "Bogged", kind: Kind::Mob, w: 8, h: 8, rgba: &[
        0x54, 0x63, 0x2f, 0xff, 0x9f, 0x78, 0x5e, 0xff, 0x5c, 0x6d, 0x37, 0xff, 0xb4, 0xb8, 0x9e, 0xff, 0xcb, 0xcc, 0xbb, 0xff, 0xcb, 0xcc, 0xbb, 0xff, 0x6c, 0x7e, 0x45, 0xff, 0x9f, 0xa1, 0x7f, 0xff,
        0x6c, 0x7e, 0x45, 0xff, 0x54, 0x63, 0x2f, 0xff, 0xb4, 0xb8, 0x9e, 0xff, 0xcb, 0xcc, 0xbb, 0xff, 0xcb, 0xcc, 0xbb, 0xff, 0xb4, 0xb8, 0x9e, 0xff, 0x5e, 0x6d, 0x31, 0xff, 0x6c, 0x7e, 0x45, 0xff,
        0x9f, 0xa1, 0x7f, 0xff, 0x80, 0x81, 0x70, 0xff, 0xcb, 0xcc, 0xbb, 0xff, 0xcb, 0xcc, 0xbb, 0xff, 0x5e, 0x6d, 0x31, 0xff, 0x8e, 0x9d, 0x61, 0xff, 0x47, 0x56, 0x1a, 0xff, 0x55, 0x64, 0x28, 0xff,
        0xb4, 0xb8, 0x9e, 0xff, 0xb4, 0xb8, 0x9e, 0xff, 0x95, 0x96, 0x78, 0xff, 0xb4, 0xb8, 0x9e, 0xff, 0x55, 0x64, 0x28, 0xff, 0x55, 0x64, 0x28, 0xff, 0x47, 0x56, 0x1a, 0xff, 0x47, 0x56, 0x1a, 0xff,
        0xb4, 0xb8, 0x9e, 0xff, 0xef, 0xfe, 0xc2, 0xff, 0xef, 0xfe, 0xc2, 0xff, 0x95, 0x96, 0x78, 0xff, 0x55, 0x64, 0x28, 0xff, 0xef, 0xfe, 0xc2, 0xff, 0xef, 0xfe, 0xc2, 0xff, 0x47, 0x56, 0x1a, 0xff,
        0x9f, 0xa1, 0x7f, 0xff, 0x9f, 0xa1, 0x7f, 0xff, 0x95, 0x96, 0x78, 0xff, 0x67, 0x76, 0x3a, 0xff, 0x67, 0x76, 0x3a, 0xff, 0x47, 0x56, 0x1a, 0xff, 0x47, 0x56, 0x1a, 0xff, 0x47, 0x56, 0x1a, 0xff,
        0x60, 0x67, 0x4d, 0xff, 0x36, 0x45, 0x09, 0xff, 0x36, 0x45, 0x09, 0xff, 0x36, 0x45, 0x09, 0xff, 0x36, 0x45, 0x09, 0xff, 0x36, 0x45, 0x09, 0xff, 0x36, 0x45, 0x09, 0xff, 0x5e, 0x6d, 0x31, 0xff,
        0xb4, 0xb8, 0x9e, 0xff, 0xb4, 0xb8, 0x9e, 0xff, 0xcb, 0xcc, 0xbb, 0xff, 0xcb, 0xcc, 0xbb, 0xff, 0x8e, 0x9d, 0x61, 0xff, 0x6c, 0x7e, 0x45, 0xff, 0x55, 0x64, 0x28, 0xff, 0x55, 0x64, 0x28, 0xff,
    ] },
    Builtin { id: "wither_skeleton", name: "Wither Skeleton", kind: Kind::Mob, w: 8, h: 8, rgba: &[
        0x34, 0x34, 0x34, 0xff, 0x34, 0x34, 0x34, 0xff, 0x1f, 0x1f, 0x1f, 0xff, 0x34, 0x34, 0x34, 0xff, 0x34, 0x34, 0x34, 0xff, 0x29, 0x29, 0x29, 0xff, 0x1f, 0x1f, 0x1f, 0xff, 0x34, 0x34, 0x34, 0xff,
        0x51, 0x53, 0x53, 0xff, 0x3c, 0x41, 0x41, 0xff, 0x34, 0x34, 0x34, 0xff, 0x1f, 0x1f, 0x1f, 0xff, 0x34, 0x34, 0x34, 0xff, 0x34, 0x34, 0x34, 0xff, 0x34, 0x34, 0x34, 0xff, 0x3c, 0x41, 0x41, 0xff,
        0x29, 0x29, 0x29, 0xff, 0x34, 0x34, 0x34, 0xff, 0x29, 0x29, 0x29, 0xff, 0x34, 0x34, 0x34, 0xff, 0x29, 0x29, 0x29, 0xff, 0x29, 0x29, 0x29, 0xff, 0x34, 0x34, 0x34, 0xff, 0x29, 0x29, 0x29, 0xff,
        0x34, 0x34, 0x34, 0xff, 0x29, 0x29, 0x29, 0xff, 0x34, 0x34, 0x34, 0xff, 0x34, 0x34, 0x34, 0xff, 0x34, 0x34, 0x34, 0xff, 0x3c, 0x41, 0x41, 0xff, 0x3c, 0x41, 0x41, 0xff, 0x4b, 0x4d, 0x4d, 0xff,
        0x34, 0x34, 0x34, 0xff, 0x00, 0x00, 0x00, 0xff, 0x00, 0x00, 0x00, 0xff, 0x34, 0x34, 0x34, 0xff, 0x34, 0x34, 0x34, 0xff, 0x00, 0x00, 0x00, 0xff, 0x00, 0x00, 0x00, 0xff, 0x34, 0x34, 0x34, 0xff,
        0x4b, 0x4d, 0x4d, 0xff, 0x4b, 0x4d, 0x4d, 0xff, 0x34, 0x34, 0x34, 0xff, 0x29, 0x29, 0x29, 0xff, 0x34, 0x34, 0x34, 0xff, 0x34, 0x34, 0x34, 0xff, 0x29, 0x29, 0x29, 0xff, 0x3c, 0x41, 0x41, 0xff,
        0x29, 0x29, 0x29, 0xff, 0x1f, 0x1f, 0x1f, 0xff, 0x00, 0x00, 0x00, 0xff, 0x00, 0x00, 0x00, 0xff, 0x00, 0x00, 0x00, 0xff, 0x00, 0x00, 0x00, 0xff, 0x1f, 0x1f, 0x1f, 0xff, 0x29, 0x29, 0x29, 0xff,
        0x3c, 0x41, 0x41, 0xff, 0x34, 0x34, 0x34, 0xff, 0x29, 0x29, 0x29, 0xff, 0x29, 0x29, 0x29, 0xff, 0x34, 0x34, 0x34, 0xff, 0x3c, 0x41, 0x41, 0xff, 0x51, 0x53, 0x53, 0xff, 0x51, 0x53, 0x53, 0xff,
    ] },
    Builtin { id: "enderman", name: "Enderman", kind: Kind::Mob, w: 8, h: 8, rgba: &[
        0x00, 0x00, 0x00, 0xff, 0x16, 0x16, 0x16, 0xff, 0x00, 0x00, 0x00, 0xff, 0x00, 0x00, 0x00, 0xff, 0x00, 0x00, 0x00, 0xff, 0x00, 0x00, 0x00, 0xff, 0x16, 0x16, 0x16, 0xff, 0x00, 0x00, 0x00, 0xff,
        0x00, 0x00, 0x00, 0xff, 0x16, 0x16, 0x16, 0xff, 0x16, 0x16, 0x16, 0xff, 0x00, 0x00, 0x00, 0xff, 0x00, 0x00, 0x00, 0xff, 0x16, 0x16, 0x16, 0xff, 0x16, 0x16, 0x16, 0xff, 0x00, 0x00, 0x00, 0xff,
        0x16, 0x16, 0x16, 0xff, 0x00, 0x00, 0x00, 0xff, 0x16, 0x16, 0x16, 0xff, 0x16, 0x16, 0x16, 0xff, 0x16, 0x16, 0x16, 0xff, 0x16, 0x16, 0x16, 0xff, 0x00, 0x00, 0x00, 0xff, 0x16, 0x16, 0x16, 0xff,
        0x00, 0x00, 0x00, 0xff, 0x00, 0x00, 0x00, 0xff, 0x16, 0x16, 0x16, 0xff, 0x16, 0x16, 0x16, 0xff, 0x16, 0x16, 0x16, 0xff, 0x16, 0x16, 0x16, 0xff, 0x00, 0x00, 0x00, 0xff, 0x00, 0x00, 0x00, 0xff,
        0xe0, 0x79, 0xfa, 0xff, 0xcc, 0x00, 0xfa, 0xff, 0xe0, 0x79, 0xfa, 0xff, 0x16, 0x16, 0x16, 0xff, 0x16, 0x16, 0x16, 0xff, 0xe0, 0x79, 0xfa, 0xff, 0xcc, 0x00, 0xfa, 0xff, 0xe0, 0x79, 0xfa, 0xff,
        0x16, 0x16, 0x16, 0xff, 0x00, 0x00, 0x00, 0xff, 0x00, 0x00, 0x00, 0xff, 0x16, 0x16, 0x16, 0xff, 0x16, 0x16, 0x16, 0xff, 0x00, 0x00, 0x00, 0xff, 0x00, 0x00, 0x00, 0xff, 0x16, 0x16, 0x16, 0xff,
        0x00, 0x00, 0x00, 0xff, 0x16, 0x16, 0x16, 0xff, 0x16, 0x16, 0x16, 0xff, 0x00, 0x00, 0x00, 0xff, 0x00, 0x00, 0x00, 0xff, 0x16, 0x16, 0x16, 0xff, 0x16, 0x16, 0x16, 0xff, 0x00, 0x00, 0x00, 0xff,
        0x00, 0x00, 0x00, 0xff, 0x00, 0x00, 0x00, 0xff, 0x00, 0x00, 0x00, 0xff, 0x00, 0x00, 0x00, 0xff, 0x00, 0x00, 0x00, 0xff, 0x00, 0x00, 0x00, 0xff, 0x00, 0x00, 0x00, 0xff, 0x00, 0x00, 0x00, 0xff,
    ] },
    Builtin { id: "spider", name: "Spider", kind: Kind::Mob, w: 8, h: 8, rgba: &[
        0x32, 0x2b, 0x26, 0xff, 0xa6, 0x02, 0x02, 0xff, 0x60, 0x54, 0x48, 0xff, 0x4f, 0x45, 0x3c, 0xff, 0x4f, 0x45, 0x3c, 0xff, 0x60, 0x54, 0x48, 0xff, 0x62, 0x00, 0x00, 0xff, 0x32, 0x2b, 0x26, 0xff,
        0x60, 0x54, 0x48, 0xff, 0x4f, 0x45, 0x3c, 0xff, 0x62, 0x00, 0x00, 0xff, 0x60, 0x54, 0x48, 0xff, 0x60, 0x54, 0x48, 0xff, 0xa6, 0x02, 0x02, 0xff, 0x4f, 0x45, 0x3c, 0xff, 0x60, 0x54, 0x48, 0xff,
        0xa6, 0x02, 0x02, 0xff, 0x60, 0x54, 0x48, 0xff, 0x4f, 0x45, 0x3c, 0xff, 0x60, 0x54, 0x48, 0xff, 0x60, 0x54, 0x48, 0xff, 0x4f, 0x45, 0x3c, 0xff, 0x60, 0x54, 0x48, 0xff, 0xff, 0x0e, 0x0e, 0xff,
        0x62, 0x00, 0x00, 0xff, 0x4f, 0x45, 0x3c, 0xff, 0xff, 0x0e, 0x0e, 0xff, 0xa6, 0x02, 0x02, 0xff, 0xff, 0x0e, 0x0e, 0xff, 0xa6, 0x02, 0x02, 0xff, 0x4f, 0x45, 0x3c, 0xff, 0xa6, 0x02, 0x02, 0xff,
        0x3d, 0x34, 0x2d, 0xff, 0x60, 0x54, 0x48, 0xff, 0xa6, 0x02, 0x02, 0xff, 0x62, 0x00, 0x00, 0xff, 0xa6, 0x02, 0x02, 0xff, 0x62, 0x00, 0x00, 0xff, 0x60, 0x54, 0x48, 0xff, 0x3d, 0x34, 0x2d, 0xff,
        0x4f, 0x45, 0x3c, 0xff, 0x4f, 0x45, 0x3c, 0xff, 0x60, 0x54, 0x48, 0xff, 0x60, 0x54, 0x48, 0xff, 0x4f, 0x45, 0x3c, 0xff, 0x60, 0x54, 0x48, 0xff, 0x4f, 0x45, 0x3c, 0xff, 0x4f, 0x45, 0x3c, 0xff,
        0x47, 0x3e, 0x35, 0xff, 0x92, 0x89, 0x7f, 0xff, 0x1a, 0x14, 0x0f, 0xff, 0x4f, 0x45, 0x3c, 0xff, 0x47, 0x3e, 0x35, 0xff, 0x1a, 0x14, 0x0f, 0xff, 0x92, 0x89, 0x7f, 0xff, 0x47, 0x3e, 0x35, 0xff,
        0x26, 0x20, 0x1b, 0xff, 0x8c, 0x82, 0x77, 0xff, 0x1a, 0x14, 0x0f, 0xff, 0x47, 0x3e, 0x35, 0xff, 0x4f, 0x45, 0x3c, 0xff, 0x1a, 0x14, 0x0f, 0xff, 0x8c, 0x82, 0x77, 0xff, 0x26, 0x20, 0x1b, 0xff,
    ] },
    Builtin { id: "cave_spider", name: "Cave Spider", kind: Kind::Mob, w: 8, h: 8, rgba: &[
        0x0b, 0x1b, 0x18, 0xff, 0xa6, 0x02, 0x02, 0xff, 0x39, 0x44, 0x39, 0xff, 0x15, 0x3a, 0x34, 0xff, 0x15, 0x3a, 0x34, 0xff, 0x39, 0x44, 0x39, 0xff, 0x62, 0x00, 0x00, 0xff, 0x0b, 0x1b, 0x18, 0xff,
        0x39, 0x44, 0x39, 0xff, 0x15, 0x3a, 0x34, 0xff, 0x62, 0x00, 0x00, 0xff, 0x39, 0x44, 0x39, 0xff, 0x39, 0x44, 0x39, 0xff, 0xa6, 0x02, 0x02, 0xff, 0x15, 0x3a, 0x34, 0xff, 0x39, 0x44, 0x39, 0xff,
        0xa6, 0x02, 0x02, 0xff, 0x39, 0x44, 0x39, 0xff, 0x15, 0x3a, 0x34, 0xff, 0x39, 0x44, 0x39, 0xff, 0x39, 0x44, 0x39, 0xff, 0x15, 0x3a, 0x34, 0xff, 0x39, 0x44, 0x39, 0xff, 0xff, 0x0e, 0x0e, 0xff,
        0x62, 0x00, 0x00, 0xff, 0x15, 0x3a, 0x34, 0xff, 0xff, 0x0e, 0x0e, 0xff, 0xa6, 0x02, 0x02, 0xff, 0xff, 0x0e, 0x0e, 0xff, 0xa6, 0x02, 0x02, 0xff, 0x15, 0x3a, 0x34, 0xff, 0xa6, 0x02, 0x02, 0xff,
        0x12, 0x26, 0x20, 0xff, 0x39, 0x44, 0x39, 0xff, 0xa6, 0x02, 0x02, 0xff, 0x62, 0x00, 0x00, 0xff, 0xa6, 0x02, 0x02, 0xff, 0x62, 0x00, 0x00, 0xff, 0x39, 0x44, 0x39, 0xff, 0x12, 0x26, 0x20, 0xff,
        0x15, 0x3a, 0x34, 0xff, 0x39, 0x44, 0x39, 0xff, 0x15, 0x3a, 0x34, 0xff, 0x39, 0x44, 0x39, 0xff, 0x39, 0x44, 0x39, 0xff, 0x15, 0x3a, 0x34, 0xff, 0x39, 0x44, 0x39, 0xff, 0x15, 0x3a, 0x34, 0xff,
        0x00, 0x2e, 0x32, 0xff, 0x92, 0x89, 0x7f, 0xff, 0x1a, 0x14, 0x0f, 0xff, 0x39, 0x44, 0x39, 0xff, 0x15, 0x3a, 0x34, 0xff, 0x1a, 0x14, 0x0f, 0xff, 0x92, 0x89, 0x7f, 0xff, 0x00, 0x2e, 0x32, 0xff,
        0x00, 0x13, 0x13, 0xff, 0x8c, 0x82, 0x77, 0xff, 0x1a, 0x14, 0x0f, 0xff, 0x15, 0x3a, 0x34, 0xff, 0x12, 0x26, 0x20, 0xff, 0x1a, 0x14, 0x0f, 0xff, 0x8c, 0x82, 0x77, 0xff, 0x00, 0x13, 0x13, 0xff,
    ] },
    Builtin { id: "pig", name: "Pig", kind: Kind::Mob, w: 8, h: 8, rgba: &[
        0xee, 0xa5, 0xa4, 0xff, 0xee, 0xa5, 0xa4, 0xff, 0xf1, 0x9e, 0x98, 0xff, 0xee, 0xa5, 0xa4, 0xff, 0xee, 0xa5, 0xa4, 0xff, 0xf1, 0x9e, 0x98, 0xff, 0xee, 0xa5, 0xa4, 0xff, 0xf1, 0x9e, 0x98, 0xff,
        0xf1, 0x9e, 0x98, 0xff, 0xf1, 0x9e, 0x98, 0xff, 0xf1, 0x9e, 0x98, 0xff, 0xee, 0xa5, 0xa4, 0xff, 0xee, 0xa5, 0xa4, 0xff, 0xf1, 0x9e, 0x98, 0xff, 0xee, 0xa5, 0xa4, 0xff, 0xee, 0xa5, 0xa4, 0xff,
        0xe6, 0x91, 0x8b, 0xff, 0xe6, 0x91, 0x8b, 0xff, 0xf1, 0x9e, 0x98, 0xff, 0xf1, 0x9e, 0x98, 0xff, 0xee, 0xa5, 0xa4, 0xff, 0xf1, 0x9e, 0x98, 0xff, 0xe6, 0x91, 0x8b, 0xff, 0xe6, 0x91, 0x8b, 0xff,
        0x02, 0x00, 0x01, 0xff, 0xff, 0xff, 0xff, 0xff, 0xe6, 0x91, 0x8b, 0xff, 0xe6, 0x85, 0x83, 0xff, 0xe6, 0x85, 0x83, 0xff, 0xe6, 0x91, 0x8b, 0xff, 0xff, 0xff, 0xff, 0xff, 0x02, 0x00, 0x01, 0xff,
        0xe6, 0x91, 0x8b, 0xff, 0xf1, 0x9e, 0x98, 0xff, 0xf1, 0x9e, 0x98, 0xff, 0xf1, 0x9e, 0x98, 0xff, 0xf1, 0x9e, 0x98, 0xff, 0xf1, 0x9e, 0x98, 0xff, 0xf1, 0x9e, 0x98, 0xff, 0xe6, 0x91, 0x8b, 0xff,
        0xe6, 0x85, 0x83, 0xff, 0xe6, 0x91, 0x8b, 0xff, 0x89, 0x47, 0x46, 0xff, 0xe6, 0x79, 0x73, 0xff, 0xe6, 0x85, 0x83, 0xff, 0x89, 0x47, 0x46, 0xff, 0xe6, 0x91, 0x8b, 0xff, 0xe6, 0x85, 0x83, 0xff,
        0xe6, 0x85, 0x83, 0xff, 0xe6, 0x85, 0x83, 0xff, 0xf1, 0x9e, 0x98, 0xff, 0xf1, 0x9e, 0x98, 0xff, 0xf1, 0x9e, 0x98, 0xff, 0xf1, 0x9e, 0x98, 0xff, 0xe6, 0x85, 0x83, 0xff, 0xe6, 0x85, 0x83, 0xff,
        0xe6, 0x79, 0x73, 0xff, 0xe6, 0x85, 0x83, 0xff, 0xe6, 0x85, 0x83, 0xff, 0xe6, 0x85, 0x83, 0xff, 0xe6, 0x85, 0x83, 0xff, 0xe6, 0x85, 0x83, 0xff, 0xe6, 0x85, 0x83, 0xff, 0xe6, 0x79, 0x73, 0xff,
    ] },
    Builtin { id: "cow", name: "Cow", kind: Kind::Mob, w: 8, h: 8, rgba: &[
        0x3f, 0x30, 0x24, 0xff, 0x44, 0x36, 0x26, 0xff, 0x81, 0x81, 0x81, 0xff, 0xb3, 0xb3, 0xb3, 0xff, 0xb3, 0xb3, 0xb3, 0xff, 0xb3, 0xb3, 0xb3, 0xff, 0xa1, 0xa1, 0xa1, 0xff, 0x59, 0x50, 0x46, 0xff,
        0x3f, 0x30, 0x24, 0xff, 0x44, 0x36, 0x26, 0xff, 0x59, 0x50, 0x46, 0xff, 0xb3, 0xb3, 0xb3, 0xff, 0xb3, 0xb3, 0xb3, 0xff, 0xb3, 0xb3, 0xb3, 0xff, 0x44, 0x36, 0x26, 0xff, 0x3f, 0x30, 0x24, 0xff,
        0xc9, 0xc9, 0xc9, 0xff, 0xc9, 0xc9, 0xc9, 0xff, 0x44, 0x36, 0x26, 0xff, 0xa1, 0xa1, 0xa1, 0xff, 0xb3, 0xb3, 0xb3, 0xff, 0x3f, 0x30, 0x24, 0xff, 0xc9, 0xc9, 0xc9, 0xff, 0xc9, 0xc9, 0xc9, 0xff,
        0x00, 0x00, 0x00, 0xff, 0xff, 0xff, 0xff, 0xff, 0x44, 0x36, 0x26, 0xff, 0xa1, 0xa1, 0xa1, 0xff, 0x59, 0x50, 0x46, 0xff, 0x44, 0x36, 0x26, 0xff, 0xff, 0xff, 0xff, 0xff, 0x00, 0x00, 0x00, 0xff,
        0x44, 0x36, 0x26, 0xff, 0x44, 0x36, 0x26, 0xff, 0x44, 0x36, 0x26, 0xff, 0x44, 0x36, 0x26, 0xff, 0x44, 0x36, 0x26, 0xff, 0x44, 0x36, 0x26, 0xff, 0x44, 0x36, 0x26, 0xff, 0x44, 0x36, 0x26, 0xff,
        0x3f, 0x30, 0x24, 0xff, 0x59, 0x50, 0x46, 0xff, 0xdc, 0xdc, 0xdc, 0xff, 0xdc, 0xdc, 0xdc, 0xff, 0xdc, 0xdc, 0xdc, 0xff, 0xdc, 0xdc, 0xdc, 0xff, 0x59, 0x50, 0x46, 0xff, 0x44, 0x36, 0x26, 0xff,
        0x3f, 0x30, 0x24, 0xff, 0xdc, 0xdc, 0xdc, 0xff, 0x00, 0x00, 0x00, 0xff, 0x60, 0x60, 0x60, 0xff, 0x60, 0x60, 0x60, 0xff, 0x00, 0x00, 0x00, 0xff, 0xdc, 0xdc, 0xdc, 0xff, 0x3f, 0x30, 0x24, 0xff,
        0x3f, 0x30, 0x24, 0xff, 0xc4, 0xc4, 0xc4, 0xff, 0x60, 0x60, 0x60, 0xff, 0x49, 0x49, 0x49, 0xff, 0x49, 0x49, 0x49, 0xff, 0x60, 0x60, 0x60, 0xff, 0xdc, 0xdc, 0xdc, 0xff, 0x3f, 0x30, 0x24, 0xff,
    ] },
    Builtin { id: "villager", name: "Villager", kind: Kind::Mob, w: 8, h: 11, rgba: &[
        0xbe, 0x88, 0x6c, 0xff, 0xbe, 0x88, 0x6c, 0xff, 0xbe, 0x88, 0x6c, 0xff, 0xbe, 0x88, 0x6c, 0xff, 0xbe, 0x88, 0x6c, 0xff, 0xbe, 0x88, 0x6c, 0xff, 0xb7, 0x82, 0x72, 0xff, 0xb3, 0x7b, 0x62, 0xff,
        0xbe, 0x88, 0x6c, 0xff, 0xbe, 0x88, 0x6c, 0xff, 0xb7, 0x82, 0x72, 0xff, 0xbe, 0x88, 0x6c, 0xff, 0xbe, 0x88, 0x6c, 0xff, 0xbe, 0x88, 0x6c, 0xff, 0xbe, 0x88, 0x6c, 0xff, 0xb7, 0x82, 0x72, 0xff,
        0xbe, 0x88, 0x6c, 0xff, 0xbe, 0x88, 0x6c, 0xff, 0xb3, 0x7b, 0x62, 0xff, 0xbe, 0x88, 0x6c, 0xff, 0xbe, 0x88, 0x6c, 0xff, 0xbe, 0x88, 0x6c, 0xff, 0xbe, 0x88, 0x6c, 0xff, 0xbe, 0x88, 0x6c, 0xff,
        0xb7, 0x82, 0x72, 0xff, 0xbe, 0x88, 0x6c, 0xff, 0xbe, 0x88, 0x6c, 0xff, 0xbe, 0x88, 0x6c, 0xff, 0xbe, 0x88, 0x6c, 0xff, 0xbe, 0x88, 0x6c, 0xff, 0xbe, 0x88, 0x6c, 0xff, 0xb7, 0x82, 0x72, 0xff,
        0xb7, 0x82, 0x72, 0xff, 0xb7, 0x82, 0x72, 0xff, 0xbe, 0x88, 0x6c, 0xff, 0xbe, 0x88, 0x6c, 0xff, 0xbe, 0x88, 0x6c, 0xff, 0xbe, 0x88, 0x6c, 0xff, 0xb7, 0x82, 0x72, 0xff, 0xb7, 0x82, 0x72, 0xff,
        0xb7, 0x82, 0x72, 0xff, 0x33, 0x24, 0x11, 0xff, 0x33, 0x24, 0x11, 0xff, 0x33, 0x24, 0x11, 0xff, 0x33, 0x24, 0x11, 0xff, 0x33, 0x24, 0x11, 0xff, 0x33, 0x24, 0x11, 0xff, 0xb7, 0x82, 0x72, 0xff,
        0xbe, 0x88, 0x6c, 0xff, 0xff, 0xff, 0xff, 0xff, 0x00, 0x96, 0x11, 0xff, 0xb3, 0x7b, 0x62, 0xff, 0xb3, 0x7b, 0x62, 0xff, 0x00, 0x96, 0x11, 0xff, 0xff, 0xff, 0xff, 0xff, 0xbe, 0x88, 0x6c, 0xff,
        0x90, 0x5e, 0x43, 0xff, 0xb3, 0x7b, 0x62, 0xff, 0xb7, 0x82, 0x72, 0xff, 0x90, 0x5e, 0x43, 0xff, 0x90, 0x5e, 0x43, 0xff, 0xbe, 0x88, 0x6c, 0xff, 0xb3, 0x7b, 0x62, 0xff, 0x90, 0x5e, 0x43, 0xff,
        0x90, 0x5e, 0x43, 0xff, 0xb3, 0x7b, 0x62, 0xff, 0x77, 0x42, 0x35, 0xff, 0x90, 0x5e, 0x43, 0xff, 0x90, 0x5e, 0x43, 0xff, 0x77, 0x42, 0x35, 0xff, 0xb3, 0x7b, 0x62, 0xff, 0x90, 0x5e, 0x43, 0xff,
        0x90, 0x5e, 0x43, 0xff, 0xb3, 0x7b, 0x62, 0xff, 0xb3, 0x7b, 0x62, 0xff, 0x90, 0x5e, 0x43, 0xff, 0x90, 0x5e, 0x43, 0xff, 0xb3, 0x7b, 0x62, 0xff, 0xb3, 0x7b, 0x62, 0xff, 0x90, 0x5e, 0x43, 0xff,
        0x00, 0x00, 0x00, 0x00, 0x00, 0x00, 0x00, 0x00, 0x00, 0x00, 0x00, 0x00, 0x90, 0x5e, 0x43, 0xff, 0x90, 0x5e, 0x43, 0xff, 0x00, 0x00, 0x00, 0x00, 0x00, 0x00, 0x00, 0x00, 0x00, 0x00, 0x00, 0x00,
    ] },
    Builtin { id: "iron_golem", name: "Iron Golem", kind: Kind::Mob, w: 8, h: 11, rgba: &[
        0xd0, 0xd0, 0xd0, 0xff, 0xd0, 0xd0, 0xd0, 0xff, 0xd6, 0xd6, 0xd6, 0xff, 0xd6, 0xd6, 0xd6, 0xff, 0xd6, 0xd6, 0xd6, 0xff, 0xd6, 0xd6, 0xd6, 0xff, 0xd0, 0xd0, 0xd0, 0xff, 0xd0, 0xd0, 0xd0, 0xff,
        0xc5, 0xc5, 0xc5, 0xff, 0xd0, 0xd0, 0xd0, 0xff, 0xd0, 0xd0, 0xd0, 0xff, 0xd0, 0xd0, 0xd0, 0xff, 0xd0, 0xd0, 0xd0, 0xff, 0xd0, 0xd0, 0xd0, 0xff, 0xd0, 0xd0, 0xd0, 0xff, 0xc5, 0xc5, 0xc5, 0xff,
        0xc2, 0xa4, 0x8d, 0xff, 0xc2, 0xa4, 0x8d, 0xff, 0xcf, 0xb1, 0x98, 0xff, 0xcf, 0xb1, 0x98, 0xff, 0xcf, 0xb1, 0x98, 0xff, 0xcf, 0xb1, 0x98, 0xff, 0xc2, 0xa4, 0x8d, 0xff, 0xc2, 0xa4, 0x8d, 0xff,
        0xcf, 0xb1, 0x98, 0xff, 0xd2, 0xbc, 0xaa, 0xff, 0xdb, 0xcd, 0xc2, 0xff, 0xdb, 0xcd, 0xc2, 0xff, 0xdb, 0xcd, 0xc2, 0xff, 0xdb, 0xcd, 0xc2, 0xff, 0xd2, 0xbc, 0xaa, 0xff, 0xcf, 0xb1, 0x98, 0xff,
        0x57, 0x40, 0x30, 0xff, 0x57, 0x40, 0x30, 0xff, 0x57, 0x40, 0x30, 0xff, 0x57, 0x40, 0x30, 0xff, 0x57, 0x40, 0x30, 0xff, 0x57, 0x40, 0x30, 0xff, 0x57, 0x40, 0x30, 0xff, 0x57, 0x40, 0x30, 0xff,
        0xdb, 0xcd, 0xc2, 0xff, 0x1e, 0x00, 0x0e, 0xff, 0x1e, 0x00, 0x0e, 0xff, 0xdb, 0xcd, 0xc2, 0xff, 0xcf, 0xb1, 0x98, 0xff, 0x1e, 0x00, 0x0e, 0xff, 0x1e, 0x00, 0x0e, 0xff, 0xcf, 0xb1, 0x98, 0xff,
        0xd2, 0xbc, 0xaa, 0xff, 0x8d, 0x00, 0x2a, 0xff, 0x1e, 0x00, 0x0e, 0xff, 0xcf, 0xb1, 0x98, 0xff, 0xcf, 0xb1, 0x98, 0xff, 0x1e, 0x00, 0x0e, 0xff, 0x8d, 0x00, 0x2a, 0xff, 0xd2, 0xbc, 0xaa, 0xff,
        0xdb, 0xcd, 0xc2, 0xff, 0x81, 0x62, 0x4c, 0xff, 0x81, 0x62, 0x4c, 0xff, 0xad, 0xa1, 0x9a, 0xff, 0x9d, 0x8f, 0x88, 0xff, 0x81, 0x62, 0x4c, 0xff, 0x81, 0x62, 0x4c, 0xff, 0xdb, 0xcd, 0xc2, 0xff,
        0xdb, 0xcd, 0xc2, 0xff, 0xd2, 0xbc, 0xaa, 0xff, 0xdb, 0xcd, 0xc2, 0xff, 0x9d, 0x8f, 0x88, 0xff, 0x8d, 0x7c, 0x73, 0xff, 0xcf, 0xb1, 0x98, 0xff, 0xcf, 0xb1, 0x98, 0xff, 0xdb, 0xcd, 0xc2, 0xff,
        0xdb, 0xcd, 0xc2, 0xff, 0xdb, 0xcd, 0xc2, 0xff, 0xdb, 0xcd, 0xc2, 0xff, 0x9c, 0x90, 0x89, 0xff, 0x83, 0x71, 0x68, 0xff, 0xdb, 0xcd, 0xc2, 0xff, 0xdb, 0xcd, 0xc2, 0xff, 0xdb, 0xcd, 0xc2, 0xff,
        0x00, 0x00, 0x00, 0x00, 0x00, 0x00, 0x00, 0x00, 0x00, 0x00, 0x00, 0x00, 0x83, 0x71, 0x68, 0xff, 0x83, 0x71, 0x68, 0xff, 0x00, 0x00, 0x00, 0x00, 0x00, 0x00, 0x00, 0x00, 0x00, 0x00, 0x00, 0x00,
    ] },
    Builtin { id: "piglin", name: "Piglin", kind: Kind::Mob, w: 10, h: 8, rgba: &[
        0xe8, 0xa0, 0x74, 0xff, 0xf2, 0xba, 0x86, 0xff, 0xe8, 0xa0, 0x74, 0xff, 0xf2, 0xba, 0x86, 0xff, 0xf2, 0xba, 0x86, 0xff, 0xe8, 0xa0, 0x74, 0xff, 0xe8, 0xa0, 0x74, 0xff, 0xf2, 0xba, 0x86, 0xff, 0xf2, 0xba, 0x86, 0xff, 0xe8, 0xa0, 0x74, 0xff,
        0xf2, 0xba, 0x86, 0xff, 0xe8, 0xa0, 0x74, 0xff, 0xe8, 0xa0, 0x74, 0xff, 0xe8, 0xa0, 0x74, 0xff, 0xe8, 0xa0, 0x74, 0xff, 0xe8, 0xa0, 0x74, 0xff, 0xe8, 0xa0, 0x74, 0xff, 0xe8, 0xa0, 0x74, 0xff, 0xe8, 0xa0, 0x74, 0xff, 0xf2, 0xba, 0x86, 0xff,
        0xf2, 0xba, 0x86, 0xff, 0xf2, 0xba, 0x86, 0xff, 0xf2, 0xba, 0x86, 0xff, 0xe8, 0xa0, 0x74, 0xff, 0xe8, 0xa0, 0x74, 0xff, 0xe8, 0xa0, 0x74, 0xff, 0xe8, 0xa0, 0x74, 0xff, 0xf2, 0xba, 0x86, 0xff, 0xf2, 0xba, 0x86, 0xff, 0xf2, 0xba, 0x86, 0xff,
        0xd5, 0x95, 0x7a, 0xff, 0xc9, 0x82, 0x65, 0xff, 0xff, 0xff, 0xff, 0xff, 0xc9, 0x82, 0x65, 0xff, 0xe8, 0xa0, 0x74, 0xff, 0xe8, 0xa0, 0x74, 0xff, 0xc9, 0x82, 0x65, 0xff, 0xff, 0xff, 0xff, 0xff, 0xc9, 0x82, 0x65, 0xff, 0xd5, 0x95, 0x7a, 0xff,
        0xe8, 0xa0, 0x74, 0xff, 0xe8, 0xa0, 0x74, 0xff, 0xba, 0x66, 0x45, 0xff, 0xf2, 0xba, 0x86, 0xff, 0xf2, 0xba, 0x86, 0xff, 0xf2, 0xba, 0x86, 0xff, 0xf2, 0xba, 0x86, 0xff, 0xba, 0x66, 0x45, 0xff, 0xe8, 0xa0, 0x74, 0xff, 0xe8, 0xa0, 0x74, 0xff,
        0xd5, 0x95, 0x7a, 0xff, 0xba, 0x66, 0x45, 0xff, 0xc9, 0x82, 0x65, 0xff, 0x7a, 0x26, 0x21, 0xff, 0xe8, 0xa0, 0x74, 0xff, 0xe8, 0xa0, 0x74, 0xff, 0x7a, 0x26, 0x21, 0xff, 0xc9, 0x82, 0x65, 0xff, 0xba, 0x66, 0x45, 0xff, 0xd5, 0x95, 0x7a, 0xff,
        0xc9, 0x82, 0x65, 0xff, 0xba, 0x66, 0x45, 0xff, 0xff, 0xed, 0xa8, 0xff, 0xa1, 0x3e, 0x38, 0xff, 0xe8, 0xa0, 0x74, 0xff, 0xe8, 0xa0, 0x74, 0xff, 0xa1, 0x3e, 0x38, 0xff, 0xff, 0xed, 0xa8, 0xff, 0xba, 0x66, 0x45, 0xff, 0xc9, 0x82, 0x65, 0xff,
        0xba, 0x66, 0x45, 0xff, 0xad, 0x55, 0x32, 0xff, 0xcc, 0xcc, 0x83, 0xff, 0xc2, 0xc2, 0x74, 0xff, 0xc9, 0x82, 0x65, 0xff, 0xc9, 0x82, 0x65, 0xff, 0xc2, 0xc2, 0x74, 0xff, 0xcc, 0xcc, 0x83, 0xff, 0xad, 0x55, 0x32, 0xff, 0xba, 0x66, 0x45, 0xff,
    ] },
    Builtin { id: "blaze", name: "Blaze", kind: Kind::Mob, w: 8, h: 8, rgba: &[
        0xff, 0xff, 0x84, 0xff, 0xff, 0xf8, 0x47, 0xff, 0xff, 0xf8, 0x47, 0xff, 0xff, 0xf8, 0x47, 0xff, 0xff, 0xf8, 0x47, 0xff, 0xff, 0xf8, 0x47, 0xff, 0xff, 0xf8, 0x47, 0xff, 0xff, 0xff, 0x84, 0xff,
        0xff, 0xf8, 0x47, 0xff, 0xff, 0xff, 0x84, 0xff, 0xff, 0xff, 0x84, 0xff, 0xff, 0xff, 0x84, 0xff, 0xff, 0xff, 0x84, 0xff, 0xff, 0xf8, 0x47, 0xff, 0xff, 0xff, 0x84, 0xff, 0xff, 0xd5, 0x28, 0xff,
        0xff, 0xd5, 0x28, 0xff, 0xff, 0xf8, 0x47, 0xff, 0xff, 0xff, 0x84, 0xff, 0xff, 0xff, 0x84, 0xff, 0xff, 0xf8, 0x47, 0xff, 0xff, 0xf8, 0x47, 0xff, 0xff, 0xf8, 0x47, 0xff, 0xff, 0xd5, 0x28, 0xff,
        0xfc, 0x96, 0x00, 0xff, 0xff, 0xff, 0xff, 0xff, 0x31, 0x0e, 0x0b, 0xff, 0xff, 0xf8, 0x47, 0xff, 0xff, 0xd5, 0x28, 0xff, 0x31, 0x0e, 0x0b, 0xff, 0xff, 0xff, 0xff, 0xff, 0xfc, 0x96, 0x00, 0xff,
        0xd1, 0x78, 0x00, 0xff, 0xab, 0x75, 0x01, 0xff, 0xd1, 0x78, 0x00, 0xff, 0xd1, 0x78, 0x00, 0xff, 0xab, 0x75, 0x01, 0xff, 0xfc, 0x96, 0x00, 0xff, 0xd1, 0x78, 0x00, 0xff, 0xab, 0x75, 0x01, 0xff,
        0xab, 0x75, 0x01, 0xff, 0x8b, 0x34, 0x01, 0xff, 0x6c, 0x31, 0x00, 0xff, 0x8b, 0x34, 0x01, 0xff, 0x8b, 0x34, 0x01, 0xff, 0xab, 0x75, 0x01, 0xff, 0x6c, 0x31, 0x00, 0xff, 0x8b, 0x34, 0x01, 0xff,
        0x8b, 0x34, 0x01, 0xff, 0x6c, 0x31, 0x00, 0xff, 0x6c, 0x31, 0x00, 0xff, 0x8b, 0x34, 0x01, 0xff, 0x6c, 0x31, 0x00, 0xff, 0x8b, 0x34, 0x01, 0xff, 0x6c, 0x31, 0x00, 0xff, 0x6c, 0x31, 0x00, 0xff,
        0x5f, 0x02, 0x01, 0xff, 0x6c, 0x31, 0x00, 0xff, 0x5f, 0x02, 0x01, 0xff, 0x6c, 0x31, 0x00, 0xff, 0x5f, 0x02, 0x01, 0xff, 0x6c, 0x31, 0x00, 0xff, 0x5f, 0x02, 0x01, 0xff, 0x5f, 0x02, 0x01, 0xff,
    ] },
    Builtin { id: "ghast", name: "Ghast", kind: Kind::Mob, w: 16, h: 16, rgba: &[
        0xf9, 0xf9, 0xf9, 0xff, 0xf6, 0xf6, 0xf6, 0xff, 0xf4, 0xf4, 0xf4, 0xff, 0xf4, 0xf4, 0xf4, 0xff, 0xf4, 0xf4, 0xf4, 0xff, 0xf0, 0xf0, 0xf0, 0xff, 0xf0, 0xf0, 0xf0, 0xff, 0xf2, 0xf2, 0xf2, 0xff, 0xf4, 0xf4, 0xf4, 0xff, 0xf4, 0xf4, 0xf4, 0xff, 0xf2, 0xf2, 0xf2, 0xff, 0xf0, 0xf0, 0xf0, 0xff, 0xf0, 0xf0, 0xf0, 0xff, 0xf2, 0xf2, 0xf2, 0xff, 0xf6, 0xf6, 0xf6, 0xff, 0xf9, 0xf9, 0xf9, 0xff,
        0xf6, 0xf6, 0xf6, 0xff, 0xf0, 0xf0, 0xf0, 0xff, 0xf0, 0xf0, 0xf0, 0xff, 0xf0, 0xf0, 0xf0, 0xff, 0xf0, 0xf0, 0xf0, 0xff, 0xe1, 0xdf, 0xdf, 0xff, 0xf0, 0xf0, 0xf0, 0xff, 0xf0, 0xf0, 0xf0, 0xff, 0xf0, 0xf0, 0xf0, 0xff, 0xf0, 0xf0, 0xf0, 0xff, 0xe1, 0xdf, 0xdf, 0xff, 0xf0, 0xf0, 0xf0, 0xff, 0xf0, 0xf0, 0xf0, 0xff, 0xf0, 0xf0, 0xf0, 0xff, 0xf0, 0xf0, 0xf0, 0xff, 0xf9, 0xf9, 0xf9, 0xff,
        0xf4, 0xf4, 0xf4, 0xff, 0xf0, 0xf0, 0xf0, 0xff, 0xf0, 0xf0, 0xf0, 0xff, 0xe6, 0xe5, 0xe5, 0xff, 0xd9, 0xcf, 0xcf, 0xff, 0xea, 0xe7, 0xe7, 0xff, 0xf0, 0xf0, 0xf0, 0xff, 0xf0, 0xf0, 0xf0, 0xff, 0xf0, 0xf0, 0xf0, 0xff, 0xf0, 0xf0, 0xf0, 0xff, 0xea, 0xe7, 0xe7, 0xff, 0xd9, 0xcf, 0xcf, 0xff, 0xe6, 0xe5, 0xe5, 0xff, 0xf0, 0xf0, 0xf0, 0xff, 0xf0, 0xf0, 0xf0, 0xff, 0xf4, 0xf4, 0xf4, 0xff,
        0xf4, 0xf4, 0xf4, 0xff, 0xf0, 0xf0, 0xf0, 0xff, 0xf0, 0xf0, 0xf0, 0xff, 0xf0, 0xf0, 0xf0, 0xff, 0xf0, 0xf0, 0xf0, 0xff, 0xf0, 0xf0, 0xf0, 0xff, 0xf0, 0xf0, 0xf0, 0xff, 0xf0, 0xf0, 0xf0, 0xff, 0xf0, 0xf0, 0xf0, 0xff, 0xf0, 0xf0, 0xf0, 0xff, 0xf0, 0xf0, 0xf0, 0xff, 0xf0, 0xf0, 0xf0, 0xff, 0xf0, 0xf0, 0xf0, 0xff, 0xf0, 0xf0, 0xf0, 0xff, 0xf0, 0xf0, 0xf0, 0xff, 0xf4, 0xf4, 0xf4, 0xff,
        0xf0, 0xf0, 0xf0, 0xff, 0xf0, 0xf0, 0xf0, 0xff, 0xf0, 0xf0, 0xf0, 0xff, 0xf0, 0xf0, 0xf0, 0xff, 0xf0, 0xf0, 0xf0, 0xff, 0xf0, 0xf0, 0xf0, 0xff, 0xf0, 0xf0, 0xf0, 0xff, 0xf0, 0xf0, 0xf0, 0xff, 0xf0, 0xf0, 0xf0, 0xff, 0xf0, 0xf0, 0xf0, 0xff, 0xf0, 0xf0, 0xf0, 0xff, 0xf0, 0xf0, 0xf0, 0xff, 0xf0, 0xf0, 0xf0, 0xff, 0xf0, 0xf0, 0xf0, 0xff, 0xf0, 0xf0, 0xf0, 0xff, 0xf0, 0xf0, 0xf0, 0xff,
        0xf0, 0xf0, 0xf0, 0xff, 0xf0, 0xf0, 0xf0, 0xff, 0xe1, 0xdf, 0xdf, 0xff, 0x7d, 0x7c, 0x7c, 0xff, 0x73, 0x73, 0x73, 0xff, 0x73, 0x73, 0x73, 0xff, 0xad, 0xa9, 0xa9, 0xff, 0xe0, 0xde, 0xde, 0xff, 0xe0, 0xde, 0xde, 0xff, 0xad, 0xa9, 0xa9, 0xff, 0x73, 0x73, 0x73, 0xff, 0x73, 0x73, 0x73, 0xff, 0x7d, 0x7c, 0x7c, 0xff, 0xe1, 0xdf, 0xdf, 0xff, 0xf0, 0xf0, 0xf0, 0xff, 0xf0, 0xf0, 0xf0, 0xff,
        0xf4, 0xf4, 0xf4, 0xff, 0xf0, 0xf0, 0xf0, 0xff, 0xed, 0xec, 0xec, 0xff, 0xea, 0xe9, 0xe9, 0xff, 0xd8, 0xcc, 0xcc, 0xff, 0xe1, 0xdf, 0xdf, 0xff, 0xe8, 0xe7, 0xe7, 0xff, 0xe6, 0xe5, 0xe5, 0xff, 0xe6, 0xe5, 0xe5, 0xff, 0xe8, 0xe7, 0xe7, 0xff, 0xe1, 0xdf, 0xdf, 0xff, 0xd8, 0xcc, 0xcc, 0xff, 0xea, 0xe9, 0xe9, 0xff, 0xed, 0xec, 0xec, 0xff, 0xf0, 0xf0, 0xf0, 0xff, 0xf4, 0xf4, 0xf4, 0xff,
        0xf4, 0xf4, 0xf4, 0xff, 0xf0, 0xf0, 0xf0, 0xff, 0xf0, 0xf0, 0xf0, 0xff, 0xf0, 0xf0, 0xf0, 0xff, 0xd8, 0xcc, 0xcc, 0xff, 0xf0, 0xf0, 0xf0, 0xff, 0xf9, 0xf9, 0xf9, 0xff, 0xf0, 0xf0, 0xf0, 0xff, 0xf0, 0xf0, 0xf0, 0xff, 0xf9, 0xf9, 0xf9, 0xff, 0xf0, 0xf0, 0xf0, 0xff, 0xe0, 0xdc, 0xdc, 0xff, 0xf0, 0xf0, 0xf0, 0xff, 0xf0, 0xf0, 0xf0, 0xff, 0xf0, 0xf0, 0xf0, 0xff, 0xf4, 0xf4, 0xf4, 0xff,
        0xf4, 0xf4, 0xf4, 0xff, 0xf0, 0xf0, 0xf0, 0xff, 0xf0, 0xf0, 0xf0, 0xff, 0xf0, 0xf0, 0xf0, 0xff, 0xe5, 0xe1, 0xe1, 0xff, 0xf0, 0xf0, 0xf0, 0xff, 0xf2, 0xf2, 0xf2, 0xff, 0xf0, 0xf0, 0xf0, 0xff, 0xf0, 0xf0, 0xf0, 0xff, 0xf2, 0xf2, 0xf2, 0xff, 0xf0, 0xf0, 0xf0, 0xff, 0xee, 0xee, 0xee, 0xff, 0xf0, 0xf0, 0xf0, 0xff, 0xf0, 0xf0, 0xf0, 0xff, 0xf0, 0xf0, 0xf0, 0xff, 0xf4, 0xf4, 0xf4, 0xff,
        0xdd, 0xda, 0xda, 0xff, 0xde, 0xdc, 0xdc, 0xff, 0xe7, 0xe5, 0xe5, 0xff, 0xf0, 0xf0, 0xf0, 0xff, 0xee, 0xee, 0xee, 0xff, 0xf0, 0xf0, 0xf0, 0xff, 0xf0, 0xf0, 0xf0, 0xff, 0xf0, 0xf0, 0xf0, 0xff, 0xf0, 0xf0, 0xf0, 0xff, 0xf0, 0xf0, 0xf0, 0xff, 0xf0, 0xf0, 0xf0, 0xff, 0xe0, 0xde, 0xde, 0xff, 0xf0, 0xf0, 0xf0, 0xff, 0xe7, 0xe5, 0xe5, 0xff, 0xde, 0xdc, 0xdc, 0xff, 0xdd, 0xda, 0xda, 0xff,
        0xf9, 0xf9, 0xf9, 0xff, 0xf6, 0xf6, 0xf6, 0xff, 0xf2, 0xf2, 0xf2, 0xff, 0xf0, 0xf0, 0xf0, 0xff, 0xe0, 0xde, 0xde, 0xff, 0xf0, 0xf0, 0xf0, 0xff, 0xf0, 0xf0, 0xf0, 0xff, 0xf0, 0xf0, 0xf0, 0xff, 0xf0, 0xf0, 0xf0, 0xff, 0xf0, 0xf0, 0xf0, 0xff, 0xf0, 0xf0, 0xf0, 0xff, 0xee, 0xee, 0xee, 0xff, 0xf0, 0xf0, 0xf0, 0xff, 0xf2, 0xf2, 0xf2, 0xff, 0xf6, 0xf6, 0xf6, 0xff, 0xf9, 0xf9, 0xf9, 0xff,
        0xde, 0xdc, 0xdc, 0xff, 0xe7, 0xe5, 0xe5, 0xff, 0xf0, 0xf0, 0xf0, 0xff, 0xf0, 0xf0, 0xf0, 0xff, 0xee, 0xee, 0xee, 0xff, 0xf0, 0xf0, 0xf0, 0xff, 0xf0, 0xf0, 0xf0, 0xff, 0xf0, 0xf0, 0xf0, 0xff, 0xf0, 0xf0, 0xf0, 0xff, 0xf0, 0xf0, 0xf0, 0xff, 0xf0, 0xf0, 0xf0, 0xff, 0xf0, 0xf0, 0xf0, 0xff, 0xf0, 0xf0, 0xf0, 0xff, 0xf0, 0xf0, 0xf0, 0xff, 0xe7, 0xe5, 0xe5, 0xff, 0xde, 0xdc, 0xdc, 0xff,
        0xf6, 0xf6, 0xf6, 0xff, 0xf2, 0xf2, 0xf2, 0xff, 0xf0, 0xf0, 0xf0, 0xff, 0xf0, 0xf0, 0xf0, 0xff, 0xf0, 0xf0, 0xf0, 0xff, 0xe6, 0xe5, 0xe5, 0xff, 0x92, 0x8f, 0x8f, 0xff, 0x73, 0x73, 0x73, 0xff, 0x73, 0x73, 0x73, 0xff, 0x92, 0x8f, 0x8f, 0xff, 0xe6, 0xe5, 0xe5, 0xff, 0xf0, 0xf0, 0xf0, 0xff, 0xf0, 0xf0, 0xf0, 0xff, 0xf0, 0xf0, 0xf0, 0xff, 0xf2, 0xf2, 0xf2, 0xff, 0xf6, 0xf6, 0xf6, 0xff,
        0xe7, 0xe5, 0xe5, 0xff, 0xf0, 0xf0, 0xf0, 0xff, 0xf0, 0xf0, 0xf0, 0xff, 0xf0, 0xf0, 0xf0, 0xff, 0xf0, 0xf0, 0xf0, 0xff, 0xf0, 0xf0, 0xf0, 0xff, 0xf0, 0xf0, 0xf0, 0xff, 0xf0, 0xf0, 0xf0, 0xff, 0xf0, 0xf0, 0xf0, 0xff, 0xf0, 0xf0, 0xf0, 0xff, 0xf0, 0xf0, 0xf0, 0xff, 0xf0, 0xf0, 0xf0, 0xff, 0xf0, 0xf0, 0xf0, 0xff, 0xf0, 0xf0, 0xf0, 0xff, 0xf0, 0xf0, 0xf0, 0xff, 0xe7, 0xe5, 0xe5, 0xff,
        0xf0, 0xf0, 0xf0, 0xff, 0xf0, 0xf0, 0xf0, 0xff, 0xf0, 0xf0, 0xf0, 0xff, 0xf0, 0xf0, 0xf0, 0xff, 0xf0, 0xf0, 0xf0, 0xff, 0xf0, 0xf0, 0xf0, 0xff, 0xf0, 0xf0, 0xf0, 0xff, 0xf0, 0xf0, 0xf0, 0xff, 0xf0, 0xf0, 0xf0, 0xff, 0xf0, 0xf0, 0xf0, 0xff, 0xf0, 0xf0, 0xf0, 0xff, 0xf0, 0xf0, 0xf0, 0xff, 0xf0, 0xf0, 0xf0, 0xff, 0xf0, 0xf0, 0xf0, 0xff, 0xf0, 0xf0, 0xf0, 0xff, 0xf0, 0xf0, 0xf0, 0xff,
        0xf9, 0xf9, 0xf9, 0xff, 0xf6, 0xf6, 0xf6, 0xff, 0xf4, 0xf4, 0xf4, 0xff, 0xf4, 0xf4, 0xf4, 0xff, 0xf4, 0xf4, 0xf4, 0xff, 0xf2, 0xf2, 0xf2, 0xff, 0xf2, 0xf2, 0xf2, 0xff, 0xf4, 0xf4, 0xf4, 0xff, 0xf4, 0xf4, 0xf4, 0xff, 0xf4, 0xf4, 0xf4, 0xff, 0xf0, 0xf0, 0xf0, 0xff, 0xf4, 0xf4, 0xf4, 0xff, 0xf4, 0xf4, 0xf4, 0xff, 0xf4, 0xf4, 0xf4, 0xff, 0xf4, 0xf4, 0xf4, 0xff, 0xf6, 0xf6, 0xf6, 0xff,
    ] },
    Builtin { id: "slime", name: "Slime", kind: Kind::Mob, w: 8, h: 8, rgba: &[
        0x73, 0xc2, 0x62, 0xff, 0x7b, 0xce, 0x6a, 0xff, 0x7b, 0xce, 0x6a, 0xff, 0x73, 0xc2, 0x62, 0xff, 0x7b, 0xca, 0x62, 0xff, 0x73, 0xc2, 0x62, 0xff, 0x73, 0xc2, 0x62, 0xff, 0x5a, 0xaa, 0x43, 0xff,
        0x62, 0xb6, 0x4a, 0xff, 0x51, 0xa0, 0x3e, 0xff, 0x51, 0xa0, 0x3e, 0xff, 0x51, 0xa0, 0x3e, 0xff, 0x51, 0xa0, 0x3e, 0xff, 0x51, 0xa0, 0x3e, 0xff, 0x51, 0xa0, 0x3e, 0xff, 0x73, 0xc2, 0x62, 0xff,
        0x73, 0xc2, 0x62, 0xff, 0x16, 0x28, 0x10, 0xff, 0x16, 0x28, 0x10, 0xff, 0x75, 0xb9, 0x64, 0xff, 0x7e, 0xbf, 0x6e, 0xff, 0x16, 0x28, 0x10, 0xff, 0x16, 0x28, 0x10, 0xff, 0x73, 0xc2, 0x62, 0xff,
        0x73, 0xc2, 0x62, 0xff, 0x16, 0x28, 0x10, 0xff, 0x0a, 0x0a, 0x0a, 0xff, 0x7e, 0xbf, 0x6e, 0xff, 0x7e, 0xbf, 0x6e, 0xff, 0x0a, 0x0a, 0x0a, 0xff, 0x16, 0x28, 0x10, 0xff, 0x7b, 0xca, 0x62, 0xff,
        0x73, 0xc2, 0x62, 0xff, 0x51, 0xa0, 0x3e, 0xff, 0x75, 0xb9, 0x64, 0xff, 0x7e, 0xbf, 0x6e, 0xff, 0x7e, 0xbf, 0x6e, 0xff, 0x7e, 0xbf, 0x6e, 0xff, 0x51, 0xa0, 0x3e, 0xff, 0x7b, 0xca, 0x62, 0xff,
        0x62, 0xb6, 0x4a, 0xff, 0x51, 0xa0, 0x3e, 0xff, 0x7e, 0xbf, 0x6e, 0xff, 0x75, 0xb9, 0x64, 0xff, 0x0a, 0x0a, 0x0a, 0xff, 0x7e, 0xbf, 0x6e, 0xff, 0x51, 0xa0, 0x3e, 0xff, 0x73, 0xc2, 0x62, 0xff,
        0x7b, 0xca, 0x62, 0xff, 0x51, 0xa0, 0x3e, 0xff, 0x51, 0xa0, 0x3e, 0xff, 0x51, 0xa0, 0x3e, 0xff, 0x51, 0xa0, 0x3e, 0xff, 0x51, 0xa0, 0x3e, 0xff, 0x51, 0xa0, 0x3e, 0xff, 0x7b, 0xce, 0x6a, 0xff,
        0x73, 0xc2, 0x62, 0xff, 0x7b, 0xca, 0x62, 0xff, 0x73, 0xc2, 0x62, 0xff, 0x62, 0xb6, 0x4a, 0xff, 0x73, 0xc2, 0x62, 0xff, 0x73, 0xc2, 0x62, 0xff, 0x73, 0xc2, 0x62, 0xff, 0x73, 0xc2, 0x62, 0xff,
    ] },
    Builtin { id: "sheep", name: "Sheep", kind: Kind::Mob, w: 8, h: 8, rgba: &[
        0xff, 0xff, 0xff, 0xff, 0xf8, 0xf8, 0xf8, 0xff, 0xff, 0xff, 0xff, 0xff, 0xf8, 0xf8, 0xf8, 0xff, 0xff, 0xff, 0xff, 0xff, 0xff, 0xff, 0xff, 0xff, 0xf8, 0xf8, 0xf8, 0xff, 0xff, 0xff, 0xff, 0xff,
        0xff, 0xff, 0xff, 0xff, 0xec, 0xec, 0xec, 0xff, 0xde, 0xde, 0xde, 0xff, 0xf8, 0xf6, 0xf5, 0xff, 0xec, 0xec, 0xec, 0xff, 0xd2, 0xd2, 0xd2, 0xff, 0xec, 0xec, 0xec, 0xff, 0xff, 0xff, 0xff, 0xff,
        0xff, 0xff, 0xff, 0xff, 0xb7, 0x94, 0x7b, 0xff, 0xc0, 0x9e, 0x86, 0xff, 0xc0, 0x9e, 0x86, 0xff, 0xc0, 0x9e, 0x86, 0xff, 0xb7, 0x94, 0x7b, 0xff, 0xaf, 0x88, 0x6b, 0xff, 0xff, 0xff, 0xff, 0xff,
        0xff, 0xff, 0xff, 0xff, 0x08, 0x08, 0x08, 0xff, 0xff, 0xff, 0xff, 0xff, 0xc0, 0x9e, 0x86, 0xff, 0xc0, 0x9e, 0x86, 0xff, 0xff, 0xff, 0xff, 0xff, 0x00, 0x00, 0x00, 0xff, 0xff, 0xff, 0xff, 0xff,
        0xff, 0xff, 0xff, 0xff, 0xb7, 0x94, 0x7b, 0xff, 0xc0, 0x9e, 0x86, 0xff, 0xc0, 0x9e, 0x86, 0xff, 0xb7, 0x94, 0x7b, 0xff, 0xb7, 0x94, 0x7b, 0xff, 0xaf, 0x88, 0x6b, 0xff, 0xf8, 0xf8, 0xf8, 0xff,
        0xff, 0xff, 0xff, 0xff, 0xde, 0xde, 0xde, 0xff, 0xb7, 0x94, 0x7b, 0xff, 0xff, 0xb8, 0xb8, 0xff, 0xff, 0xb8, 0xb8, 0xff, 0xaf, 0x88, 0x6b, 0xff, 0xde, 0xde, 0xde, 0xff, 0xff, 0xff, 0xff, 0xff,
        0xff, 0xff, 0xff, 0xff, 0xde, 0xde, 0xde, 0xff, 0xaf, 0x88, 0x6b, 0xff, 0xe6, 0x94, 0x94, 0xff, 0xe6, 0x94, 0x94, 0xff, 0xaf, 0x88, 0x6b, 0xff, 0xde, 0xde, 0xde, 0xff, 0xff, 0xff, 0xff, 0xff,
        0xff, 0xff, 0xff, 0xff, 0xff, 0xff, 0xff, 0xff, 0xff, 0xff, 0xff, 0xff, 0xff, 0xff, 0xff, 0xff, 0xf8, 0xf8, 0xf8, 0xff, 0xff, 0xff, 0xff, 0xff, 0xff, 0xff, 0xff, 0xff, 0xf8, 0xf8, 0xf8, 0xff,
    ] },
    Builtin { id: "chicken", name: "Chicken", kind: Kind::Mob, w: 4, h: 6, rgba: &[
        0xff, 0xff, 0xff, 0xff, 0xff, 0xff, 0xff, 0xff, 0xff, 0xff, 0xff, 0xff, 0xff, 0xff, 0xff, 0xff,
        0x00, 0x00, 0x00, 0xff, 0xe2, 0xe2, 0xe2, 0xff, 0xe2, 0xe2, 0xe2, 0xff, 0x00, 0x00, 0x00, 0xff,
        0xc1, 0x93, 0x43, 0xff, 0xc1, 0x93, 0x43, 0xff, 0xc1, 0x93, 0x43, 0xff, 0xc1, 0x93, 0x43, 0xff,
        0x96, 0x72, 0x34, 0xff, 0x96, 0x72, 0x34, 0xff, 0x96, 0x72, 0x34, 0xff, 0x96, 0x72, 0x34, 0xff,
        0xd3, 0xd3, 0xd3, 0xff, 0xff, 0x00, 0x00, 0xff, 0xff, 0x00, 0x00, 0xff, 0xd3, 0xd3, 0xd3, 0xff,
        0xc6, 0xc6, 0xc6, 0xff, 0xff, 0x00, 0x00, 0xff, 0xff, 0x00, 0x00, 0xff, 0xc6, 0xc6, 0xc6, 0xff,
    ] },
    Builtin { id: "wolf", name: "Wolf", kind: Kind::Mob, w: 6, h: 8, rgba: &[
        0xdd, 0xda, 0xdb, 0xff, 0xdd, 0xda, 0xdb, 0xff, 0x00, 0x00, 0x00, 0x00, 0x00, 0x00, 0x00, 0x00, 0xdd, 0xda, 0xdb, 0xff, 0xdd, 0xda, 0xdb, 0xff,
        0xd3, 0xcf, 0xcf, 0xff, 0xd3, 0xcf, 0xcf, 0xff, 0x00, 0x00, 0x00, 0x00, 0x00, 0x00, 0x00, 0x00, 0xd3, 0xcf, 0xcf, 0xff, 0xd3, 0xcf, 0xcf, 0xff,
        0xc1, 0xbe, 0xbe, 0xff, 0xd3, 0xcf, 0xcf, 0xff, 0xdd, 0xda, 0xdb, 0xff, 0xdd, 0xda, 0xdb, 0xff, 0xd3, 0xcf, 0xcf, 0xff, 0xc1, 0xbe, 0xbe, 0xff,
        0xc1, 0xbe, 0xbe, 0xff, 0xc1, 0xbe, 0xbe, 0xff, 0xd3, 0xcf, 0xcf, 0xff, 0xd3, 0xcf, 0xcf, 0xff, 0xc1, 0xbe, 0xbe, 0xff, 0xca, 0xc7, 0xc8, 0xff,
        0xff, 0xff, 0xff, 0xff, 0x12, 0x14, 0x16, 0xff, 0xa7, 0x8f, 0x7e, 0xff, 0xa7, 0x8f, 0x7e, 0xff, 0x12, 0x14, 0x16, 0xff, 0xff, 0xff, 0xff, 0xff,
        0xa7, 0x8f, 0x7e, 0xff, 0xe4, 0xd8, 0xd9, 0xff, 0x12, 0x14, 0x16, 0xff, 0xe4, 0xd8, 0xd9, 0xff, 0x8c, 0x6f, 0x52, 0xff, 0xa7, 0x8f, 0x7e, 0xff,
        0x8c, 0x6f, 0x52, 0xff, 0xe4, 0xd8, 0xd9, 0xff, 0xe4, 0xd8, 0xd9, 0xff, 0xe4, 0xd8, 0xd9, 0xff, 0x9a, 0x8c, 0x88, 0xff, 0x8c, 0x6f, 0x52, 0xff,
        0x9a, 0x8c, 0x88, 0xff, 0x39, 0x3c, 0x3f, 0xff, 0x39, 0x3c, 0x3f, 0xff, 0x39, 0x3c, 0x3f, 0xff, 0xd3, 0xcf, 0xcf, 0xff, 0x9a, 0x8c, 0x88, 0xff,
    ] },
    Builtin { id: "cat", name: "Cat", kind: Kind::Mob, w: 5, h: 5, rgba: &[
        0x00, 0x00, 0x00, 0x00, 0x95, 0x72, 0x56, 0xff, 0x00, 0x00, 0x00, 0x00, 0x95, 0x72, 0x56, 0xff, 0x00, 0x00, 0x00, 0x00,
        0x95, 0x72, 0x56, 0xff, 0x95, 0x72, 0x56, 0xff, 0xd1, 0xb7, 0xa1, 0xff, 0x95, 0x72, 0x56, 0xff, 0x95, 0x72, 0x56, 0xff,
        0xf1, 0xda, 0x3c, 0xff, 0xbb, 0x89, 0x10, 0xff, 0xf3, 0xe9, 0xdb, 0xff, 0xbb, 0x89, 0x10, 0xff, 0xf1, 0xda, 0x3c, 0xff,
        0xd1, 0xb7, 0xa1, 0xff, 0xd1, 0xb7, 0xa1, 0xff, 0xbe, 0x73, 0x73, 0xff, 0xd1, 0xb7, 0xa1, 0xff, 0xd1, 0xb7, 0xa1, 0xff,
        0x87, 0x65, 0x4a, 0xff, 0xe9, 0xd9, 0xc2, 0xff, 0xf3, 0xe9, 0xdb, 0xff, 0xe9, 0xd9, 0xc2, 0xff, 0x87, 0x65, 0x4a, 0xff,
    ] },
    Builtin { id: "ocelot", name: "Ocelot", kind: Kind::Mob, w: 5, h: 5, rgba: &[
        0x00, 0x00, 0x00, 0x00, 0xf1, 0xb3, 0x63, 0xff, 0x00, 0x00, 0x00, 0x00, 0xf1, 0xb3, 0x63, 0xff, 0x00, 0x00, 0x00, 0x00,
        0xdb, 0x9e, 0x55, 0xff, 0xb5, 0x87, 0x4b, 0xff, 0xf0, 0xcb, 0x74, 0xff, 0xb5, 0x87, 0x4b, 0xff, 0xdb, 0x9e, 0x55, 0xff,
        0xff, 0xff, 0xfd, 0xff, 0x1f, 0x6f, 0x32, 0xff, 0xf0, 0xcb, 0x74, 0xff, 0x1f, 0x6f, 0x32, 0xff, 0xff, 0xff, 0xfd, 0xff,
        0xf2, 0xd1, 0x9a, 0xff, 0xf2, 0xd1, 0x9a, 0xff, 0x8e, 0x55, 0x2a, 0xff, 0xf2, 0xd1, 0x9a, 0xff, 0xf2, 0xd1, 0x9a, 0xff,
        0xff, 0xdd, 0x74, 0xff, 0xf0, 0xcb, 0x74, 0xff, 0xf0, 0xcb, 0x74, 0xff, 0xf0, 0xcb, 0x74, 0xff, 0xff, 0xdd, 0x74, 0xff,
    ] },
    Builtin { id: "fox", name: "Fox", kind: Kind::Mob, w: 8, h: 8, rgba: &[
        0xf9, 0xf4, 0xf4, 0xff, 0xf9, 0xf4, 0xf4, 0xff, 0x00, 0x00, 0x00, 0x00, 0x00, 0x00, 0x00, 0x00, 0x00, 0x00, 0x00, 0x00, 0x00, 0x00, 0x00, 0x00, 0xf9, 0xf4, 0xf4, 0xff, 0xf9, 0xf4, 0xf4, 0xff,
        0xf9, 0xf4, 0xf4, 0xff, 0xb4, 0x8f, 0x83, 0xff, 0x00, 0x00, 0x00, 0x00, 0x00, 0x00, 0x00, 0x00, 0x00, 0x00, 0x00, 0x00, 0x00, 0x00, 0x00, 0x00, 0xb4, 0x8f, 0x83, 0xff, 0xf9, 0xf4, 0xf4, 0xff,
        0xcc, 0x69, 0x20, 0xff, 0xe2, 0x7c, 0x21, 0xff, 0xe2, 0x7c, 0x21, 0xff, 0xe2, 0x7c, 0x21, 0xff, 0xe2, 0x7c, 0x21, 0xff, 0xe2, 0x7c, 0x21, 0xff, 0xe2, 0x7c, 0x21, 0xff, 0xcc, 0x69, 0x20, 0xff,
        0xcc, 0x69, 0x20, 0xff, 0xe2, 0x7c, 0x21, 0xff, 0xe2, 0x7c, 0x21, 0xff, 0xe2, 0x7c, 0x21, 0xff, 0xe2, 0x7c, 0x21, 0xff, 0xe2, 0x7c, 0x21, 0xff, 0xe2, 0x7c, 0x21, 0xff, 0xcc, 0x69, 0x20, 0xff,
        0xb0, 0x51, 0x22, 0xff, 0xcc, 0x69, 0x20, 0xff, 0xe2, 0x7c, 0x21, 0xff, 0xe2, 0x7c, 0x21, 0xff, 0xe2, 0x7c, 0x21, 0xff, 0xe2, 0x7c, 0x21, 0xff, 0xcc, 0x69, 0x20, 0xff, 0xb0, 0x51, 0x22, 0xff,
        0x06, 0x04, 0x0e, 0xff, 0xf9, 0xf4, 0xf4, 0xff, 0xe2, 0x7c, 0x21, 0xff, 0xe7, 0x8f, 0x41, 0xff, 0xe7, 0x8f, 0x41, 0xff, 0xe2, 0x7c, 0x21, 0xff, 0xf9, 0xf4, 0xf4, 0xff, 0x06, 0x04, 0x0e, 0xff,
        0xcc, 0x69, 0x20, 0xff, 0xcc, 0x69, 0x20, 0xff, 0xe7, 0xd9, 0xd3, 0xff, 0x06, 0x04, 0x0e, 0xff, 0x06, 0x04, 0x0e, 0xff, 0xe7, 0xd9, 0xd3, 0xff, 0xcc, 0x69, 0x20, 0xff, 0xcc, 0x69, 0x20, 0xff,
        0xe7, 0xd9, 0xd3, 0xff, 0xe7, 0xd9, 0xd3, 0xff, 0xf9, 0xf4, 0xf4, 0xff, 0xf9, 0xf4, 0xf4, 0xff, 0xf9, 0xf4, 0xf4, 0xff, 0xf9, 0xf4, 0xf4, 0xff, 0xe7, 0xd9, 0xd3, 0xff, 0xe7, 0xd9, 0xd3, 0xff,
    ] },
    Builtin { id: "rabbit", name: "Rabbit", kind: Kind::Mob, w: 5, h: 10, rgba: &[
        0xa0, 0x74, 0x4d, 0xff, 0xa0, 0x74, 0x4d, 0xff, 0x00, 0x00, 0x00, 0x00, 0xa0, 0x74, 0x4d, 0xff, 0xa0, 0x74, 0x4d, 0xff,
        0xb4, 0x91, 0x73, 0xff, 0xa0, 0x74, 0x4d, 0xff, 0x00, 0x00, 0x00, 0x00, 0xa0, 0x74, 0x4d, 0xff, 0xb4, 0x91, 0x73, 0xff,
        0xbf, 0xa2, 0x86, 0xff, 0xa0, 0x74, 0x4d, 0xff, 0x00, 0x00, 0x00, 0x00, 0xa0, 0x74, 0x4d, 0xff, 0xbf, 0xa2, 0x86, 0xff,
        0xbf, 0xa2, 0x86, 0xff, 0x96, 0x69, 0x45, 0xff, 0x00, 0x00, 0x00, 0x00, 0x96, 0x69, 0x45, 0xff, 0xbf, 0xa2, 0x86, 0xff,
        0xab, 0x83, 0x61, 0xff, 0x96, 0x69, 0x45, 0xff, 0x00, 0x00, 0x00, 0x00, 0x96, 0x69, 0x45, 0xff, 0xab, 0x83, 0x61, 0xff,
        0xa0, 0x74, 0x4d, 0xff, 0x96, 0x69, 0x45, 0xff, 0x96, 0x69, 0x45, 0xff, 0x96, 0x69, 0x45, 0xff, 0xa0, 0x74, 0x4d, 0xff,
        0xa0, 0x74, 0x4d, 0xff, 0x55, 0x36, 0x25, 0xff, 0x96, 0x69, 0x45, 0xff, 0x55, 0x36, 0x25, 0xff, 0x96, 0x69, 0x45, 0xff,
        0x96, 0x69, 0x45, 0xff, 0x39, 0x27, 0x17, 0xff, 0xa0, 0x74, 0x4d, 0xff, 0x39, 0x27, 0x17, 0xff, 0x96, 0x69, 0x45, 0xff,
        0xa0, 0x74, 0x4d, 0xff, 0xab, 0x83, 0x61, 0xff, 0xf7, 0xb8, 0xc6, 0xff, 0xab, 0x83, 0x61, 0xff, 0xa0, 0x74, 0x4d, 0xff,
        0xa0, 0x74, 0x4d, 0xff, 0xb4, 0x91, 0x73, 0xff, 0xbf, 0xa2, 0x86, 0xff, 0xb4, 0x91, 0x73, 0xff, 0xa0, 0x74, 0x4d, 0xff,
    ] },
    Builtin { id: "panda", name: "Panda", kind: Kind::Mob, w: 17, h: 13, rgba: &[
        0x1b, 0x1b, 0x22, 0xff, 0x1b, 0x1b, 0x22, 0xff, 0x1b, 0x1b, 0x22, 0xff, 0x13, 0x13, 0x19, 0xff, 0x13, 0x13, 0x19, 0xff, 0x00, 0x00, 0x00, 0x00, 0x00, 0x00, 0x00, 0x00, 0x00, 0x00, 0x00, 0x00, 0x00, 0x00, 0x00, 0x00, 0x00, 0x00, 0x00, 0x00, 0x00, 0x00, 0x00, 0x00, 0x00, 0x00, 0x00, 0x00, 0x1b, 0x1b, 0x22, 0xff, 0x1b, 0x1b, 0x22, 0xff, 0x1b, 0x1b, 0x22, 0xff, 0x13, 0x13, 0x19, 0xff, 0x13, 0x13, 0x19, 0xff,
        0x1b, 0x1b, 0x22, 0xff, 0x00, 0x00, 0x00, 0xff, 0x00, 0x00, 0x00, 0xff, 0x0a, 0x0a, 0x0d, 0xff, 0x13, 0x13, 0x19, 0xff, 0x00, 0x00, 0x00, 0x00, 0x00, 0x00, 0x00, 0x00, 0x00, 0x00, 0x00, 0x00, 0x00, 0x00, 0x00, 0x00, 0x00, 0x00, 0x00, 0x00, 0x00, 0x00, 0x00, 0x00, 0x00, 0x00, 0x00, 0x00, 0x1b, 0x1b, 0x22, 0xff, 0x00, 0x00, 0x00, 0xff, 0x00, 0x00, 0x00, 0xff, 0x0a, 0x0a, 0x0d, 0xff, 0x13, 0x13, 0x19, 0xff,
        0x13, 0x13, 0x19, 0xff, 0x00, 0x00, 0x00, 0xff, 0x0a, 0x0a, 0x0d, 0xff, 0x0a, 0x0a, 0x0d, 0xff, 0x13, 0x13, 0x19, 0xff, 0x00, 0x00, 0x00, 0x00, 0x00, 0x00, 0x00, 0x00, 0x00, 0x00, 0x00, 0x00, 0x00, 0x00, 0x00, 0x00, 0x00, 0x00, 0x00, 0x00, 0x00, 0x00, 0x00, 0x00, 0x00, 0x00, 0x00, 0x00, 0x13, 0x13, 0x19, 0xff, 0x00, 0x00, 0x00, 0xff, 0x0a, 0x0a, 0x0d, 0xff, 0x0a, 0x0a, 0x0d, 0xff, 0x13, 0x13, 0x19, 0xff,
        0x0a, 0x0a, 0x0d, 0xff, 0x0a, 0x0a, 0x0d, 0xff, 0xe7, 0xe7, 0xe7, 0xff, 0xe7, 0xe7, 0xe7, 0xff, 0xe7, 0xe7, 0xe7, 0xff, 0xe7, 0xe7, 0xe7, 0xff, 0xe7, 0xe7, 0xe7, 0xff, 0xe7, 0xe7, 0xe7, 0xff, 0xe7, 0xe7, 0xe7, 0xff, 0xe7, 0xe7, 0xe7, 0xff, 0xe7, 0xe7, 0xe7, 0xff, 0xe7, 0xe7, 0xe7, 0xff, 0xe7, 0xe7, 0xe7, 0xff, 0xe7, 0xe7, 0xe7, 0xff, 0xe7, 0xe7, 0xe7, 0xff, 0x0a, 0x0a, 0x0d, 0xff, 0x0a, 0x0a, 0x0d, 0xff,
        0x00, 0x00, 0x00, 0x00, 0x00, 0x00, 0x00, 0x00, 0xe7, 0xe7, 0xe7, 0xff, 0x13, 0x13, 0x19, 0xff, 0x1b, 0x1b, 0x22, 0xff, 0x1b, 0x1b, 0x22, 0xff, 0xd9, 0xd9, 0xd7, 0xff, 0xe7, 0xe7, 0xe7, 0xff, 0xe7, 0xe7, 0xe7, 0xff, 0xe7, 0xe7, 0xe7, 0xff, 0xd9, 0xd9, 0xd7, 0xff, 0x1b, 0x1b, 0x22, 0xff, 0x1b, 0x1b, 0x22, 0xff, 0x13, 0x13, 0x19, 0xff, 0xe7, 0xe7, 0xe7, 0xff, 0x00, 0x00, 0x00, 0x00, 0x00, 0x00, 0x00, 0x00,
        0x00, 0x00, 0x00, 0x00, 0x00, 0x00, 0x00, 0x00, 0x13, 0x13, 0x19, 0xff, 0x1b, 0x1b, 0x22, 0xff, 0x1b, 0x1b, 0x22, 0xff, 0x1b, 0x1b, 0x22, 0xff, 0x1b, 0x1b, 0x22, 0xff, 0xe7, 0xe7, 0xe7, 0xff, 0xe7, 0xe7, 0xe7, 0xff, 0xe7, 0xe7, 0xe7, 0xff, 0x1b, 0x1b, 0x22, 0xff, 0x1b, 0x1b, 0x22, 0xff, 0x1b, 0x1b, 0x22, 0xff, 0x1b, 0x1b, 0x22, 0xff, 0x13, 0x13, 0x19, 0xff, 0x00, 0x00, 0x00, 0x00, 0x00, 0x00, 0x00, 0x00,
        0x00, 0x00, 0x00, 0x00, 0x00, 0x00, 0x00, 0x00, 0x1b, 0x1b, 0x22, 0xff, 0x1b, 0x1b, 0x22, 0xff, 0x13, 0x13, 0x19, 0xff, 0x13, 0x13, 0x19, 0xff, 0x1b, 0x1b, 0x22, 0xff, 0xd9, 0xd9, 0xd7, 0xff, 0xe7, 0xe7, 0xe7, 0xff, 0xd9, 0xd9, 0xd7, 0xff, 0x1b, 0x1b, 0x22, 0xff, 0x13, 0x13, 0x19, 0xff, 0x13, 0x13, 0x19, 0xff, 0x1b, 0x1b, 0x22, 0xff, 0x1b, 0x1b, 0x22, 0xff, 0x00, 0x00, 0x00, 0x00, 0x00, 0x00, 0x00, 0x00,
        0x00, 0x00, 0x00, 0x00, 0x00, 0x00, 0x00, 0x00, 0x1b, 0x1b, 0x22, 0xff, 0x13, 0x13, 0x19, 0xff, 0xff, 0xff, 0xff, 0xff, 0x3f, 0x40, 0x43, 0xff, 0x13, 0x13, 0x19, 0xff, 0x92, 0x92, 0x92, 0xff, 0xd9, 0xd9, 0xd7, 0xff, 0x92, 0x92, 0x92, 0xff, 0x13, 0x13, 0x19, 0xff, 0x3f, 0x40, 0x43, 0xff, 0xff, 0xff, 0xff, 0xff, 0x13, 0x13, 0x19, 0xff, 0x1b, 0x1b, 0x22, 0xff, 0x00, 0x00, 0x00, 0x00, 0x00, 0x00, 0x00, 0x00,
        0x00, 0x00, 0x00, 0x00, 0x00, 0x00, 0x00, 0x00, 0x1b, 0x1b, 0x22, 0xff, 0x1b, 0x1b, 0x22, 0xff, 0x13, 0x13, 0x19, 0xff, 0xe7, 0xe7, 0xe7, 0xff, 0xe7, 0xe7, 0xe7, 0xff, 0x1b, 0x1b, 0x22, 0xff, 0x1b, 0x1b, 0x22, 0xff, 0x1b, 0x1b, 0x22, 0xff, 0xe7, 0xe7, 0xe7, 0xff, 0xe7, 0xe7, 0xe7, 0xff, 0x13, 0x13, 0x19, 0xff, 0x1b, 0x1b, 0x22, 0xff, 0x1b, 0x1b, 0x22, 0xff, 0x00, 0x00, 0x00, 0x00, 0x00, 0x00, 0x00, 0x00,
        0x00, 0x00, 0x00, 0x00, 0x00, 0x00, 0x00, 0x00, 0x1b, 0x1b, 0x22, 0xff, 0x13, 0x13, 0x19, 0xff, 0x92, 0x92, 0x92, 0xff, 0xe7, 0xe7, 0xe7, 0xff, 0xe7, 0xe7, 0xe7, 0xff, 0x0a, 0x0a, 0x0d, 0xff, 0x1b, 0x1b, 0x22, 0xff, 0x0a, 0x0a, 0x0d, 0xff, 0xe7, 0xe7, 0xe7, 0xff, 0xe7, 0xe7, 0xe7, 0xff, 0x92, 0x92, 0x92, 0xff, 0x13, 0x13, 0x19, 0xff, 0x1b, 0x1b, 0x22, 0xff, 0x00, 0x00, 0x00, 0x00, 0x00, 0x00, 0x00, 0x00,
        0x00, 0x00, 0x00, 0x00, 0x00, 0x00, 0x00, 0x00, 0x13, 0x13, 0x19, 0xff, 0x92, 0x92, 0x92, 0xff, 0xab, 0xab, 0xab, 0xff, 0xe7, 0xe7, 0xe7, 0xff, 0xe7, 0xe7, 0xe7, 0xff, 0xd9, 0xd9, 0xd7, 0xff, 0x1b, 0x1b, 0x22, 0xff, 0xd9, 0xd9, 0xd7, 0xff, 0xe7, 0xe7, 0xe7, 0xff, 0xe7, 0xe7, 0xe7, 0xff, 0xab, 0xab, 0xab, 0xff, 0x92, 0x92, 0x92, 0xff, 0x13, 0x13, 0x19, 0xff, 0x00, 0x00, 0x00, 0x00, 0x00, 0x00, 0x00, 0x00,
        0x00, 0x00, 0x00, 0x00, 0x00, 0x00, 0x00, 0x00, 0xd9, 0xd9, 0xd7, 0xff, 0xab, 0xab, 0xab, 0xff, 0xab, 0xab, 0xab, 0xff, 0xd9, 0xd9, 0xd7, 0xff, 0xe7, 0xe7, 0xe7, 0xff, 0xab, 0xab, 0xab, 0xff, 0xab, 0xab, 0xab, 0xff, 0xab, 0xab, 0xab, 0xff, 0xe7, 0xe7, 0xe7, 0xff, 0xd9, 0xd9, 0xd7, 0xff, 0xab, 0xab, 0xab, 0xff, 0xab, 0xab, 0xab, 0xff, 0xd9, 0xd9, 0xd7, 0xff, 0x00, 0x00, 0x00, 0x00, 0x00, 0x00, 0x00, 0x00,
        0x00, 0x00, 0x00, 0x00, 0x00, 0x00, 0x00, 0x00, 0xab, 0xab, 0xab, 0xff, 0xab, 0xab, 0xab, 0xff, 0x92, 0x92, 0x92, 0xff, 0xd9, 0xd9, 0xd7, 0xff, 0xab, 0xab, 0xab, 0xff, 0xd9, 0xd9, 0xd7, 0xff, 0xd9, 0xd9, 0xd7, 0xff, 0xd9, 0xd9, 0xd7, 0xff, 0xab, 0xab, 0xab, 0xff, 0xd9, 0xd9, 0xd7, 0xff, 0x92, 0x92, 0x92, 0xff, 0xab, 0xab, 0xab, 0xff, 0xab, 0xab, 0xab, 0xff, 0x00, 0x00, 0x00, 0x00, 0x00, 0x00, 0x00, 0x00,
    ] },
    Builtin { id: "polar_bear", name: "Polar Bear", kind: Kind::Mob, w: 9, h: 8, rgba: &[
        0xbd, 0xb6, 0xac, 0xff, 0xbd, 0xb6, 0xac, 0xff, 0x00, 0x00, 0x00, 0x00, 0x00, 0x00, 0x00, 0x00, 0x00, 0x00, 0x00, 0x00, 0x00, 0x00, 0x00, 0x00, 0x00, 0x00, 0x00, 0x00, 0xbd, 0xb6, 0xac, 0xff, 0xbd, 0xb6, 0xac, 0xff,
        0xbd, 0xb6, 0xac, 0xff, 0xf6, 0xf6, 0xf6, 0xff, 0xf6, 0xf6, 0xf6, 0xff, 0xf6, 0xf6, 0xf6, 0xff, 0xf6, 0xf6, 0xf6, 0xff, 0xf6, 0xf6, 0xf6, 0xff, 0xf6, 0xf6, 0xf6, 0xff, 0xf6, 0xf6, 0xf6, 0xff, 0x8b, 0x8d, 0x8b, 0xff,
        0x00, 0x00, 0x00, 0x00, 0xf6, 0xf6, 0xf6, 0xff, 0xf6, 0xf6, 0xf6, 0xff, 0xf6, 0xf6, 0xf6, 0xff, 0xf6, 0xf6, 0xf6, 0xff, 0xf6, 0xf6, 0xf6, 0xff, 0xf6, 0xf6, 0xf6, 0xff, 0xf6, 0xf6, 0xf6, 0xff, 0x00, 0x00, 0x00, 0x00,
        0x00, 0x00, 0x00, 0x00, 0xbd, 0xb6, 0xac, 0xff, 0xd5, 0xd6, 0xcd, 0xff, 0xd5, 0xd6, 0xcd, 0xff, 0xf6, 0xf6, 0xf6, 0xff, 0xd5, 0xd6, 0xcd, 0xff, 0xd5, 0xd6, 0xcd, 0xff, 0xbd, 0xb6, 0xac, 0xff, 0x00, 0x00, 0x00, 0x00,
        0x00, 0x00, 0x00, 0x00, 0xf6, 0xf6, 0xf6, 0xff, 0x18, 0x20, 0x18, 0xff, 0xee, 0xee, 0xde, 0xff, 0xf6, 0xf6, 0xf6, 0xff, 0xee, 0xee, 0xde, 0xff, 0x18, 0x20, 0x18, 0xff, 0xf6, 0xf6, 0xf6, 0xff, 0x00, 0x00, 0x00, 0x00,
        0x00, 0x00, 0x00, 0x00, 0xf6, 0xf6, 0xf6, 0xff, 0xe6, 0xe2, 0xde, 0xff, 0xbd, 0xb6, 0xac, 0xff, 0xbd, 0xb6, 0xac, 0xff, 0xbd, 0xb6, 0xac, 0xff, 0xe6, 0xe2, 0xde, 0xff, 0xf6, 0xf6, 0xf6, 0xff, 0x00, 0x00, 0x00, 0x00,
        0x00, 0x00, 0x00, 0x00, 0xf6, 0xf6, 0xf6, 0xff, 0xbd, 0xb6, 0xac, 0xff, 0x18, 0x20, 0x18, 0xff, 0x18, 0x20, 0x18, 0xff, 0x18, 0x20, 0x18, 0xff, 0xbd, 0xb6, 0xac, 0xff, 0xf6, 0xf6, 0xf6, 0xff, 0x00, 0x00, 0x00, 0x00,
        0x00, 0x00, 0x00, 0x00, 0xf6, 0xf6, 0xf6, 0xff, 0x18, 0x20, 0x18, 0xff, 0x18, 0x20, 0x18, 0xff, 0x18, 0x20, 0x18, 0xff, 0x18, 0x20, 0x18, 0xff, 0x18, 0x20, 0x18, 0xff, 0xf6, 0xf6, 0xf6, 0xff, 0x00, 0x00, 0x00, 0x00,
    ] },
    Builtin { id: "bee", name: "Bee", kind: Kind::Mob, w: 7, h: 7, rgba: &[
        0xfe, 0xd6, 0x68, 0xff, 0xfe, 0xd6, 0x68, 0xff, 0xed, 0xc3, 0x43, 0xff, 0xfe, 0xd6, 0x68, 0xff, 0xfe, 0xd6, 0x68, 0xff, 0xed, 0xc3, 0x43, 0xff, 0xfe, 0xd6, 0x68, 0xff,
        0xed, 0xc3, 0x43, 0xff, 0x30, 0x2b, 0x37, 0xff, 0xfe, 0xd6, 0x68, 0xff, 0xed, 0xc3, 0x43, 0xff, 0xed, 0xc3, 0x43, 0xff, 0x30, 0x2b, 0x37, 0xff, 0xfe, 0xd6, 0x68, 0xff,
        0xd0, 0x8e, 0x48, 0xff, 0xe4, 0xae, 0x3b, 0xff, 0xed, 0xc3, 0x43, 0xff, 0xed, 0xc3, 0x43, 0xff, 0xfe, 0xd6, 0x68, 0xff, 0xe4, 0xae, 0x3b, 0xff, 0xd0, 0x8e, 0x48, 0xff,
        0x1e, 0x1e, 0x28, 0xff, 0x7c, 0xc9, 0xd1, 0xff, 0xed, 0xc3, 0x43, 0xff, 0xed, 0xc3, 0x43, 0xff, 0xed, 0xc3, 0x43, 0xff, 0x7c, 0xc9, 0xd1, 0xff, 0x1e, 0x1e, 0x28, 0xff,
        0x30, 0x2b, 0x37, 0xff, 0x1e, 0x1e, 0x28, 0xff, 0xed, 0xc3, 0x43, 0xff, 0xed, 0xc3, 0x43, 0xff, 0xed, 0xc3, 0x43, 0xff, 0x1e, 0x1e, 0x28, 0xff, 0x30, 0x2b, 0x37, 0xff,
        0x1e, 0x1e, 0x28, 0xff, 0x30, 0x2b, 0x37, 0xff, 0xe4, 0xae, 0x3b, 0xff, 0xed, 0xc3, 0x43, 0xff, 0xe4, 0xae, 0x3b, 0xff, 0x30, 0x2b, 0x37, 0xff, 0x1e, 0x1e, 0x28, 0xff,
        0xc5, 0x82, 0x3c, 0xff, 0xd0, 0x8e, 0x48, 0xff, 0xd0, 0x8e, 0x48, 0xff, 0xe4, 0xae, 0x3b, 0xff, 0xd0, 0x8e, 0x48, 0xff, 0xd0, 0x8e, 0x48, 0xff, 0xc5, 0x82, 0x3c, 0xff,
    ] },
    Builtin { id: "axolotl", name: "Axolotl", kind: Kind::Mob, w: 14, h: 8, rgba: &[
        0x00, 0x00, 0x00, 0x00, 0x00, 0x00, 0x00, 0x00, 0x00, 0x00, 0x00, 0x00, 0xe1, 0x61, 0x95, 0xff, 0x00, 0x00, 0x00, 0x00, 0x00, 0x00, 0x00, 0x00, 0x00, 0x00, 0x00, 0x00, 0x00, 0x00, 0x00, 0x00, 0x00, 0x00, 0x00, 0x00, 0x00, 0x00, 0x00, 0x00, 0xe1, 0x61, 0x95, 0xff, 0x00, 0x00, 0x00, 0x00, 0x00, 0x00, 0x00, 0x00, 0x00, 0x00, 0x00, 0x00,
        0xe2, 0x61, 0x96, 0xff, 0x00, 0x00, 0x00, 0x00, 0x00, 0x00, 0x00, 0x00, 0xf2, 0x70, 0x93, 0xff, 0xd6, 0x4e, 0x89, 0xff, 0x00, 0x00, 0x00, 0x00, 0x00, 0x00, 0x00, 0x00, 0x00, 0x00, 0x00, 0x00, 0x00, 0x00, 0x00, 0x00, 0xd6, 0x4e, 0x89, 0xff, 0xf2, 0x70, 0x93, 0xff, 0x00, 0x00, 0x00, 0x00, 0x00, 0x00, 0x00, 0x00, 0xe2, 0x61, 0x96, 0xff,
        0xf2, 0x70, 0x93, 0xff, 0xd7, 0x4d, 0x8a, 0xff, 0x00, 0x00, 0x00, 0x00, 0x00, 0x00, 0x00, 0x00, 0xf2, 0x70, 0x93, 0xff, 0xe0, 0x62, 0x96, 0xff, 0x00, 0x00, 0x00, 0x00, 0x00, 0x00, 0x00, 0x00, 0xe0, 0x62, 0x96, 0xff, 0xf2, 0x70, 0x93, 0xff, 0x00, 0x00, 0x00, 0x00, 0x00, 0x00, 0x00, 0x00, 0xd7, 0x4d, 0x8a, 0xff, 0xf2, 0x70, 0x93, 0xff,
        0x00, 0x00, 0x00, 0x00, 0xf2, 0x70, 0x93, 0xff, 0xe0, 0x62, 0x96, 0xff, 0xfb, 0xc1, 0xe3, 0xff, 0xfb, 0xc1, 0xe3, 0xff, 0xfb, 0xc1, 0xe3, 0xff, 0xfb, 0xc1, 0xe3, 0xff, 0xfb, 0xc1, 0xe3, 0xff, 0xfb, 0xc1, 0xe3, 0xff, 0xfb, 0xc1, 0xe3, 0xff, 0xfb, 0xc1, 0xe3, 0xff, 0xe0, 0x62, 0x96, 0xff, 0xf2, 0x70, 0x93, 0xff, 0x00, 0x00, 0x00, 0x00,
        0x00, 0x00, 0x00, 0x00, 0x00, 0x00, 0x00, 0x00, 0xf2, 0x70, 0x93, 0xff, 0xfb, 0xc1, 0xe3, 0xff, 0xfb, 0xc1, 0xe3, 0xff, 0xfb, 0xc1, 0xe3, 0xff, 0xfb, 0xc1, 0xe3, 0xff, 0xfb, 0xc1, 0xe3, 0xff, 0xfb, 0xc1, 0xe3, 0xff, 0xfb, 0xc1, 0xe3, 0xff, 0xfb, 0xc1, 0xe3, 0xff, 0xf2, 0x70, 0x93, 0xff, 0x00, 0x00, 0x00, 0x00, 0x00, 0x00, 0x00, 0x00,
        0xe2, 0x61, 0x96, 0xff, 0x00, 0x00, 0x00, 0x00, 0x00, 0x00, 0x00, 0x00, 0x3a, 0x00, 0x6c, 0xff, 0xfb, 0xc1, 0xe3, 0xff, 0xfb, 0xc1, 0xe3, 0xff, 0xc8, 0x62, 0x9e, 0xff, 0xc8, 0x62, 0x9e, 0xff, 0xfb, 0xc1, 0xe3, 0xff, 0xfb, 0xc1, 0xe3, 0xff, 0x3a, 0x00, 0x6c, 0xff, 0x00, 0x00, 0x00, 0x00, 0x00, 0x00, 0x00, 0x00, 0xe2, 0x61, 0x96, 0xff,
        0xf2, 0x70, 0x93, 0xff, 0xd7, 0x4d, 0x8a, 0xff, 0x00, 0x00, 0x00, 0x00, 0xf3, 0xad, 0xd6, 0xff, 0xfb, 0xc1, 0xe3, 0xff, 0xfb, 0xc1, 0xe3, 0xff, 0xfb, 0xc1, 0xe3, 0xff, 0xfb, 0xc1, 0xe3, 0xff, 0xfb, 0xc1, 0xe3, 0xff, 0xfb, 0xc1, 0xe3, 0xff, 0xf3, 0xad, 0xd6, 0xff, 0x00, 0x00, 0x00, 0x00, 0xd7, 0x4d, 0x8a, 0xff, 0xf2, 0x70, 0x93, 0xff,
        0x00, 0x00, 0x00, 0x00, 0xf2, 0x70, 0x93, 0xff, 0xe0, 0x62, 0x96, 0xff, 0xe3, 0x84, 0xbc, 0xff, 0xf3, 0xad, 0xd6, 0xff, 0xfb, 0xc1, 0xe3, 0xff, 0xfb, 0xc1, 0xe3, 0xff, 0xfb, 0xc1, 0xe3, 0xff, 0xfb, 0xc1, 0xe3, 0xff, 0xf3, 0xad, 0xd6, 0xff, 0xe3, 0x84, 0xbc, 0xff, 0xe0, 0x62, 0x96, 0xff, 0xf2, 0x70, 0x93, 0xff, 0x00, 0x00, 0x00, 0x00,
    ] },
    Builtin { id: "frog", name: "Frog", kind: Kind::Mob, w: 7, h: 7, rgba: &[
        0xe5, 0x88, 0x57, 0xff, 0xd0, 0x74, 0x44, 0xff, 0xd0, 0x74, 0x44, 0xff, 0x00, 0x00, 0x00, 0x00, 0xe5, 0x88, 0x57, 0xff, 0xd0, 0x74, 0x44, 0xff, 0xd0, 0x74, 0x44, 0xff,
        0x2a, 0x2a, 0x30, 0xff, 0x2a, 0x2a, 0x30, 0xff, 0xb8, 0xb6, 0x71, 0xff, 0x00, 0x00, 0x00, 0x00, 0xb8, 0xb6, 0x71, 0xff, 0x2a, 0x2a, 0x30, 0xff, 0x2a, 0x2a, 0x30, 0xff,
        0xd0, 0x74, 0x44, 0xff, 0xe5, 0x88, 0x57, 0xff, 0xea, 0xa0, 0x79, 0xff, 0xe5, 0x88, 0x57, 0xff, 0xe5, 0x88, 0x57, 0xff, 0xe5, 0x88, 0x57, 0xff, 0xd0, 0x74, 0x44, 0xff,
        0x94, 0x51, 0x2e, 0xff, 0xab, 0x62, 0x3d, 0xff, 0xe5, 0x88, 0x57, 0xff, 0xe5, 0x88, 0x57, 0xff, 0xd0, 0x74, 0x44, 0xff, 0xab, 0x62, 0x3d, 0xff, 0x94, 0x51, 0x2e, 0xff,
        0xe3, 0xb3, 0x73, 0xff, 0xc6, 0x8b, 0x55, 0xff, 0xab, 0x62, 0x3d, 0xff, 0xab, 0x62, 0x3d, 0xff, 0xab, 0x62, 0x3d, 0xff, 0xc6, 0x8b, 0x55, 0xff, 0xe3, 0xb3, 0x73, 0xff,
        0xe3, 0xb3, 0x73, 0xff, 0xd3, 0x9d, 0x66, 0xff, 0xe3, 0xb3, 0x73, 0xff, 0xd3, 0x9d, 0x66, 0xff, 0xe3, 0xb3, 0x73, 0xff, 0xd3, 0x9d, 0x66, 0xff, 0xe3, 0xb3, 0x73, 0xff,
        0xd3, 0x9d, 0x66, 0xff, 0xe3, 0xb3, 0x73, 0xff, 0xe3, 0xb3, 0x73, 0xff, 0xc6, 0x8b, 0x55, 0xff, 0xe3, 0xb3, 0x73, 0xff, 0xe3, 0xb3, 0x73, 0xff, 0xd3, 0x9d, 0x66, 0xff,
    ] },
    Builtin { id: "turtle", name: "Turtle", kind: Kind::Mob, w: 6, h: 5, rgba: &[
        0x47, 0xbf, 0x4a, 0xff, 0x47, 0xbf, 0x4a, 0xff, 0x47, 0xbf, 0x4a, 0xff, 0x47, 0xbf, 0x4a, 0xff, 0x47, 0xbf, 0x4a, 0xff, 0x47, 0xbf, 0x4a, 0xff,
        0x47, 0xbf, 0x4a, 0xff, 0x47, 0xbf, 0x4a, 0xff, 0x47, 0xbf, 0x4a, 0xff, 0x47, 0xbf, 0x4a, 0xff, 0x47, 0xbf, 0x4a, 0xff, 0x47, 0xbf, 0x4a, 0xff,
        0x3f, 0xa4, 0x42, 0xff, 0x30, 0x72, 0x3f, 0xff, 0x3f, 0xa4, 0x42, 0xff, 0x3f, 0xa4, 0x42, 0xff, 0x30, 0x72, 0x3f, 0xff, 0x3f, 0xa4, 0x42, 0xff,
        0x3f, 0xa4, 0x42, 0xff, 0x38, 0x8d, 0x3a, 0xff, 0x3f, 0xa4, 0x42, 0xff, 0x3f, 0xa4, 0x42, 0xff, 0x38, 0x8d, 0x3a, 0xff, 0x3f, 0xa4, 0x42, 0xff,
        0x94, 0x8b, 0x63, 0xff, 0xa8, 0x9a, 0x73, 0xff, 0xa8, 0x9a, 0x73, 0xff, 0xa8, 0x9a, 0x73, 0xff, 0xa8, 0x9a, 0x73, 0xff, 0x94, 0x8b, 0x63, 0xff,
    ] },
    Builtin { id: "mooshroom", name: "Mooshroom", kind: Kind::Mob, w: 8, h: 8, rgba: &[
        0x99, 0x10, 0x12, 0xff, 0xa8, 0x10, 0x12, 0xff, 0x81, 0x81, 0x81, 0xff, 0xb3, 0xb3, 0xb3, 0xff, 0xb3, 0xb3, 0xb3, 0xff, 0xb3, 0xb3, 0xb3, 0xff, 0xa1, 0xa1, 0xa1, 0xff, 0x9c, 0x51, 0x53, 0xff,
        0x99, 0x10, 0x12, 0xff, 0xa8, 0x10, 0x12, 0xff, 0x9c, 0x51, 0x53, 0xff, 0xb3, 0xb3, 0xb3, 0xff, 0xb3, 0xb3, 0xb3, 0xff, 0xb3, 0xb3, 0xb3, 0xff, 0xa8, 0x10, 0x12, 0xff, 0x99, 0x10, 0x12, 0xff,
        0x33, 0x33, 0x33, 0xff, 0x00, 0x00, 0x00, 0xff, 0xa8, 0x10, 0x12, 0xff, 0xa1, 0xa1, 0xa1, 0xff, 0xb3, 0xb3, 0xb3, 0xff, 0x99, 0x10, 0x12, 0xff, 0x33, 0x33, 0x33, 0xff, 0x00, 0x00, 0x00, 0xff,
        0x00, 0x00, 0x00, 0xff, 0x00, 0x00, 0x00, 0xff, 0xa8, 0x10, 0x12, 0xff, 0xa1, 0xa1, 0xa1, 0xff, 0x9c, 0x51, 0x53, 0xff, 0xa8, 0x10, 0x12, 0xff, 0x00, 0x00, 0x00, 0xff, 0x00, 0x00, 0x00, 0xff,
        0xa8, 0x10, 0x12, 0xff, 0xa8, 0x10, 0x12, 0xff, 0xa8, 0x10, 0x12, 0xff, 0xa8, 0x10, 0x12, 0xff, 0xa8, 0x10, 0x12, 0xff, 0xa8, 0x10, 0x12, 0xff, 0xa8, 0x10, 0x12, 0xff, 0xa8, 0x10, 0x12, 0xff,
        0x99, 0x10, 0x12, 0xff, 0x9c, 0x51, 0x53, 0xff, 0xdc, 0xdc, 0xdc, 0xff, 0xdc, 0xdc, 0xdc, 0xff, 0xdc, 0xdc, 0xdc, 0xff, 0xdc, 0xdc, 0xdc, 0xff, 0x9c, 0x51, 0x53, 0xff, 0xa8, 0x10, 0x12, 0xff,
        0x99, 0x10, 0x12, 0xff, 0xdc, 0xdc, 0xdc, 0xff, 0x00, 0x00, 0x00, 0xff, 0x60, 0x60, 0x60, 0xff, 0x60, 0x60, 0x60, 0xff, 0x00, 0x00, 0x00, 0xff, 0xdc, 0xdc, 0xdc, 0xff, 0x99, 0x10, 0x12, 0xff,
        0x99, 0x10, 0x12, 0xff, 0xc4, 0xc4, 0xc4, 0xff, 0x60, 0x60, 0x60, 0xff, 0x49, 0x49, 0x49, 0xff, 0x49, 0x49, 0x49, 0xff, 0x60, 0x60, 0x60, 0xff, 0xc4, 0xc4, 0xc4, 0xff, 0x99, 0x10, 0x12, 0xff,
    ] },
    Builtin { id: "goat", name: "Goat", kind: Kind::Mob, w: 11, h: 15, rgba: &[
        0x00, 0x00, 0x00, 0x00, 0x00, 0x00, 0x00, 0x00, 0x00, 0x00, 0x00, 0x00, 0x9e, 0x9e, 0x9e, 0xff, 0x74, 0x73, 0x73, 0xff, 0x00, 0x00, 0x00, 0x00, 0x9e, 0x9e, 0x9e, 0xff, 0x74, 0x73, 0x73, 0xff, 0x00, 0x00, 0x00, 0x00, 0x00, 0x00, 0x00, 0x00, 0x00, 0x00, 0x00, 0x00,
        0x00, 0x00, 0x00, 0x00, 0x00, 0x00, 0x00, 0x00, 0x00, 0x00, 0x00, 0x00, 0x83, 0x83, 0x83, 0xff, 0x4d, 0x4d, 0x4d, 0xff, 0x00, 0x00, 0x00, 0x00, 0x83, 0x83, 0x83, 0xff, 0x4d, 0x4d, 0x4d, 0xff, 0x00, 0x00, 0x00, 0x00, 0x00, 0x00, 0x00, 0x00, 0x00, 0x00, 0x00, 0x00,
        0x00, 0x00, 0x00, 0x00, 0x00, 0x00, 0x00, 0x00, 0x00, 0x00, 0x00, 0x00, 0x9e, 0x9e, 0x9e, 0xff, 0x74, 0x73, 0x73, 0xff, 0x00, 0x00, 0x00, 0x00, 0x9e, 0x9e, 0x9e, 0xff, 0x74, 0x73, 0x73, 0xff, 0x00, 0x00, 0x00, 0x00, 0x00, 0x00, 0x00, 0x00, 0x00, 0x00, 0x00, 0x00,
        0x00, 0x00, 0x00, 0x00, 0x00, 0x00, 0x00, 0x00, 0x00, 0x00, 0x00, 0x00, 0x74, 0x73, 0x73, 0xff, 0x4d, 0x4d, 0x4d, 0xff, 0x00, 0x00, 0x00, 0x00, 0x74, 0x73, 0x73, 0xff, 0x4d, 0x4d, 0x4d, 0xff, 0x00, 0x00, 0x00, 0x00, 0x00, 0x00, 0x00, 0x00, 0x00, 0x00, 0x00, 0x00,
        0x00, 0x00, 0x00, 0x00, 0x00, 0x00, 0x00, 0x00, 0x00, 0x00, 0x00, 0x00, 0x83, 0x83, 0x83, 0xff, 0x57, 0x57, 0x57, 0xff, 0x00, 0x00, 0x00, 0x00, 0x83, 0x83, 0x83, 0xff, 0x57, 0x57, 0x57, 0xff, 0x00, 0x00, 0x00, 0x00, 0x00, 0x00, 0x00, 0x00, 0x00, 0x00, 0x00, 0x00,
        0xf0, 0xef, 0xec, 0xff, 0xea, 0xe7, 0xde, 0xff, 0xdb, 0xd5, 0xc2, 0xff, 0x57, 0x57, 0x57, 0xff, 0x40, 0x3e, 0x3e, 0xff, 0x00, 0x00, 0x00, 0x00, 0x57, 0x57, 0x57, 0xff, 0x40, 0x3e, 0x3e, 0xff, 0xf0, 0xef, 0xec, 0xff, 0xea, 0xe7, 0xde, 0xff, 0xdb, 0xd5, 0xc2, 0xff,
        0xf0, 0xef, 0xec, 0xff, 0xdb, 0xd5, 0xc2, 0xff, 0xc0, 0xac, 0x90, 0xff, 0x40, 0x3e, 0x3e, 0xff, 0x40, 0x3e, 0x3e, 0xff, 0x00, 0x00, 0x00, 0x00, 0x40, 0x3e, 0x3e, 0xff, 0x40, 0x3e, 0x3e, 0xff, 0xf0, 0xef, 0xec, 0xff, 0xdb, 0xd5, 0xc2, 0xff, 0xc0, 0xac, 0x90, 0xff,
        0x00, 0x00, 0x00, 0x00, 0x00, 0x00, 0x00, 0x00, 0x00, 0x00, 0x00, 0x00, 0xfa, 0xfa, 0xfa, 0xff, 0xf0, 0xef, 0xec, 0xff, 0xf0, 0xef, 0xec, 0xff, 0xf0, 0xef, 0xec, 0xff, 0xfa, 0xfa, 0xfa, 0xff, 0x00, 0x00, 0x00, 0x00, 0x00, 0x00, 0x00, 0x00, 0x00, 0x00, 0x00, 0x00,
        0x00, 0x00, 0x00, 0x00, 0x00, 0x00, 0x00, 0x00, 0x00, 0x00, 0x00, 0x00, 0xf0, 0xef, 0xec, 0xff, 0xea, 0xe7, 0xde, 0xff, 0xea, 0xe7, 0xde, 0xff, 0xea, 0xe7, 0xde, 0xff, 0xf0, 0xef, 0xec, 0xff, 0x00, 0x00, 0x00, 0x00, 0x00, 0x00, 0x00, 0x00, 0x00, 0x00, 0x00, 0x00,
        0x00, 0x00, 0x00, 0x00, 0x00, 0x00, 0x00, 0x00, 0x00, 0x00, 0x00, 0x00, 0xea, 0xe7, 0xde, 0xff, 0xea, 0xe7, 0xde, 0xff, 0xea, 0xe7, 0xde, 0xff, 0xea, 0xe7, 0xde, 0xff, 0xea, 0xe7, 0xde, 0xff, 0x00, 0x00, 0x00, 0x00, 0x00, 0x00, 0x00, 0x00, 0x00, 0x00, 0x00, 0x00,
        0x00, 0x00, 0x00, 0x00, 0x00, 0x00, 0x00, 0x00, 0x00, 0x00, 0x00, 0x00, 0xea, 0xe7, 0xde, 0xff, 0xf0, 0xef, 0xec, 0xff, 0xfa, 0xfa, 0xfa, 0xff, 0xf0, 0xef, 0xec, 0xff, 0xea, 0xe7, 0xde, 0xff, 0x00, 0x00, 0x00, 0x00, 0x00, 0x00, 0x00, 0x00, 0x00, 0x00, 0x00, 0x00,
        0x00, 0x00, 0x00, 0x00, 0x00, 0x00, 0x00, 0x00, 0x00, 0x00, 0x00, 0x00, 0xea, 0xe7, 0xde, 0xff, 0xfa, 0xfa, 0xfa, 0xff, 0xfa, 0xfa, 0xfa, 0xff, 0xfa, 0xfa, 0xfa, 0xff, 0xea, 0xe7, 0xde, 0xff, 0x00, 0x00, 0x00, 0x00, 0x00, 0x00, 0x00, 0x00, 0x00, 0x00, 0x00, 0x00,
        0x00, 0x00, 0x00, 0x00, 0x00, 0x00, 0x00, 0x00, 0x00, 0x00, 0x00, 0x00, 0xf0, 0xef, 0xec, 0xff, 0xfa, 0xfa, 0xfa, 0xff, 0xf0, 0xef, 0xec, 0xff, 0xfa, 0xfa, 0xfa, 0xff, 0xf0, 0xef, 0xec, 0xff, 0x00, 0x00, 0x00, 0x00, 0x00, 0x00, 0x00, 0x00, 0x00, 0x00, 0x00, 0x00,
        0x00, 0x00, 0x00, 0x00, 0x00, 0x00, 0x00, 0x00, 0x00, 0x00, 0x00, 0x00, 0xfa, 0xfa, 0xfa, 0xff, 0xfa, 0xfa, 0xfa, 0xff, 0xf0, 0xef, 0xec, 0xff, 0xfa, 0xfa, 0xfa, 0xff, 0xfa, 0xfa, 0xfa, 0xff, 0x00, 0x00, 0x00, 0x00, 0x00, 0x00, 0x00, 0x00, 0x00, 0x00, 0x00, 0x00,
        0x00, 0x00, 0x00, 0x00, 0x00, 0x00, 0x00, 0x00, 0x00, 0x00, 0x00, 0x00, 0xfa, 0xfa, 0xfa, 0xff, 0x34, 0x33, 0x32, 0xff, 0x34, 0x33, 0x32, 0xff, 0x34, 0x33, 0x32, 0xff, 0xfa, 0xfa, 0xfa, 0xff, 0x00, 0x00, 0x00, 0x00, 0x00, 0x00, 0x00, 0x00, 0x00, 0x00, 0x00, 0x00,
    ] },
    Builtin { id: "llama", name: "Llama", kind: Kind::Mob, w: 8, h: 13, rgba: &[
        0xf5, 0xe2, 0xb8, 0xff, 0xf1, 0xdc, 0xaf, 0xff, 0xf5, 0xe2, 0xb8, 0xff, 0x00, 0x00, 0x00, 0x00, 0x00, 0x00, 0x00, 0x00, 0xf5, 0xe2, 0xb8, 0xff, 0xf1, 0xdc, 0xaf, 0xff, 0xf5, 0xe2, 0xb8, 0xff,
        0xf1, 0xdc, 0xaf, 0xff, 0xa5, 0x89, 0x66, 0xff, 0xf1, 0xdc, 0xaf, 0xff, 0x00, 0x00, 0x00, 0x00, 0x00, 0x00, 0x00, 0x00, 0xf1, 0xdc, 0xaf, 0xff, 0xa5, 0x89, 0x66, 0xff, 0xf1, 0xdc, 0xaf, 0xff,
        0xf1, 0xdc, 0xaf, 0xff, 0xe3, 0xca, 0x95, 0xff, 0xf1, 0xdc, 0xaf, 0xff, 0x00, 0x00, 0x00, 0x00, 0x00, 0x00, 0x00, 0x00, 0xf1, 0xdc, 0xaf, 0xff, 0xe3, 0xca, 0x95, 0xff, 0xf1, 0xdc, 0xaf, 0xff,
        0xf1, 0xdc, 0xaf, 0xff, 0xf5, 0xe2, 0xb8, 0xff, 0xf5, 0xe2, 0xb8, 0xff, 0xf5, 0xe2, 0xb8, 0xff, 0xf5, 0xe2, 0xb8, 0xff, 0xf5, 0xe2, 0xb8, 0xff, 0xf5, 0xe2, 0xb8, 0xff, 0xf1, 0xdc, 0xaf, 0xff,
        0xf5, 0xe2, 0xb8, 0xff, 0xc4, 0xa2, 0x79, 0xff, 0xc4, 0xa2, 0x79, 0xff, 0xfc, 0xeb, 0xc6, 0xff, 0xfc, 0xeb, 0xc6, 0xff, 0xc4, 0xa2, 0x79, 0xff, 0xc4, 0xa2, 0x79, 0xff, 0xfc, 0xeb, 0xc6, 0xff,
        0xfc, 0xeb, 0xc6, 0xff, 0x33, 0x29, 0x23, 0xff, 0xfc, 0xeb, 0xc6, 0xff, 0xfc, 0xeb, 0xc6, 0xff, 0xfc, 0xeb, 0xc6, 0xff, 0xfc, 0xeb, 0xc6, 0xff, 0x33, 0x29, 0x23, 0xff, 0xfc, 0xeb, 0xc6, 0xff,
        0xfc, 0xeb, 0xc6, 0xff, 0xf1, 0xdc, 0xaf, 0xff, 0x63, 0x51, 0x3d, 0xff, 0xf5, 0xe2, 0xb8, 0xff, 0xf5, 0xe2, 0xb8, 0xff, 0x63, 0x51, 0x3d, 0xff, 0xf1, 0xdc, 0xaf, 0xff, 0xfc, 0xeb, 0xc6, 0xff,
        0xf5, 0xe2, 0xb8, 0xff, 0xf5, 0xe2, 0xb8, 0xff, 0xf5, 0xe2, 0xb8, 0xff, 0xcc, 0xa9, 0x7e, 0xff, 0xcc, 0xa9, 0x7e, 0xff, 0xf5, 0xe2, 0xb8, 0xff, 0xf1, 0xdc, 0xaf, 0xff, 0xf5, 0xe2, 0xb8, 0xff,
        0xf5, 0xe2, 0xb8, 0xff, 0xf5, 0xe2, 0xb8, 0xff, 0xaf, 0x91, 0x6d, 0xff, 0xa5, 0x89, 0x66, 0xff, 0xa5, 0x89, 0x66, 0xff, 0xaf, 0x91, 0x6d, 0xff, 0xf5, 0xe2, 0xb8, 0xff, 0xf5, 0xe2, 0xb8, 0xff,
        0xf5, 0xe2, 0xb8, 0xff, 0xf1, 0xdc, 0xaf, 0xff, 0xf1, 0xdc, 0xaf, 0xff, 0xf5, 0xe2, 0xb8, 0xff, 0xf5, 0xe2, 0xb8, 0xff, 0xf1, 0xdc, 0xaf, 0xff, 0xf5, 0xe2, 0xb8, 0xff, 0xf1, 0xdc, 0xaf, 0xff,
        0xf5, 0xe2, 0xb8, 0xff, 0xf1, 0xdc, 0xaf, 0xff, 0xf5, 0xe2, 0xb8, 0xff, 0xf1, 0xdc, 0xaf, 0xff, 0xf5, 0xe2, 0xb8, 0xff, 0xf1, 0xdc, 0xaf, 0xff, 0xf1, 0xdc, 0xaf, 0xff, 0xf5, 0xe2, 0xb8, 0xff,
        0xef, 0xd9, 0xa9, 0xff, 0xf1, 0xdc, 0xaf, 0xff, 0xf5, 0xe2, 0xb8, 0xff, 0xf1, 0xdc, 0xaf, 0xff, 0xf1, 0xdc, 0xaf, 0xff, 0xef, 0xd9, 0xa9, 0xff, 0xf1, 0xdc, 0xaf, 0xff, 0xf5, 0xe2, 0xb8, 0xff,
        0xef, 0xd9, 0xa9, 0xff, 0xf1, 0xdc, 0xaf, 0xff, 0xf1, 0xdc, 0xaf, 0xff, 0xef, 0xd9, 0xa9, 0xff, 0xf1, 0xdc, 0xaf, 0xff, 0xf5, 0xe2, 0xb8, 0xff, 0xeb, 0xd3, 0x9e, 0xff, 0xf1, 0xdc, 0xaf, 0xff,
    ] },
    Builtin { id: "horse", name: "Horse", kind: Kind::Mob, w: 6, h: 7, rgba: &[
        0x47, 0x2a, 0x08, 0xff, 0x47, 0x2a, 0x08, 0xff, 0x00, 0x00, 0x00, 0x00, 0x00, 0x00, 0x00, 0x00, 0x47, 0x2a, 0x08, 0xff, 0x47, 0x2a, 0x08, 0xff,
        0x47, 0x2a, 0x08, 0xff, 0x47, 0x2a, 0x08, 0xff, 0x00, 0x00, 0x00, 0x00, 0x00, 0x00, 0x00, 0x00, 0x47, 0x2a, 0x08, 0xff, 0x47, 0x2a, 0x08, 0xff,
        0x58, 0x34, 0x0b, 0xff, 0x0f, 0x0f, 0x0f, 0xff, 0xbb, 0x97, 0x84, 0xff, 0x9c, 0x79, 0x66, 0xff, 0x0f, 0x0f, 0x0f, 0xff, 0x58, 0x34, 0x0b, 0xff,
        0x62, 0x3b, 0x0e, 0xff, 0x41, 0x20, 0x19, 0xff, 0x9c, 0x79, 0x66, 0xff, 0xbb, 0x97, 0x84, 0xff, 0x41, 0x20, 0x19, 0xff, 0x62, 0x3b, 0x0e, 0xff,
        0x62, 0x3b, 0x0e, 0xff, 0x25, 0x11, 0x06, 0xff, 0x66, 0x42, 0x2f, 0xff, 0x66, 0x42, 0x2f, 0xff, 0x25, 0x11, 0x06, 0xff, 0x62, 0x3b, 0x0e, 0xff,
        0x58, 0x34, 0x0b, 0xff, 0x25, 0x11, 0x06, 0xff, 0x25, 0x11, 0x06, 0xff, 0x25, 0x11, 0x06, 0xff, 0x25, 0x11, 0x06, 0xff, 0x58, 0x34, 0x0b, 0xff,
        0x47, 0x2a, 0x08, 0xff, 0x25, 0x11, 0x06, 0xff, 0x25, 0x11, 0x06, 0xff, 0x25, 0x11, 0x06, 0xff, 0x25, 0x11, 0x06, 0xff, 0x47, 0x2a, 0x08, 0xff,
    ] },
    Builtin { id: "donkey", name: "Donkey", kind: Kind::Mob, w: 6, h: 10, rgba: &[
        0xcb, 0xc7, 0xbb, 0xff, 0xb2, 0xab, 0x9f, 0xff, 0x00, 0x00, 0x00, 0x00, 0x00, 0x00, 0x00, 0x00, 0xcb, 0xc7, 0xbb, 0xff, 0xb2, 0xab, 0x9f, 0xff,
        0xcb, 0xc7, 0xbb, 0xff, 0xcb, 0xc7, 0xbb, 0xff, 0x00, 0x00, 0x00, 0x00, 0x00, 0x00, 0x00, 0x00, 0xcb, 0xc7, 0xbb, 0xff, 0xcb, 0xc7, 0xbb, 0xff,
        0xb2, 0xab, 0x9f, 0xff, 0xcb, 0xc7, 0xbb, 0xff, 0x00, 0x00, 0x00, 0x00, 0x00, 0x00, 0x00, 0x00, 0xb2, 0xab, 0x9f, 0xff, 0xcb, 0xc7, 0xbb, 0xff,
        0xc1, 0xbc, 0xac, 0xff, 0xb2, 0xab, 0x9f, 0xff, 0x00, 0x00, 0x00, 0x00, 0x00, 0x00, 0x00, 0x00, 0xc1, 0xbc, 0xac, 0xff, 0xb2, 0xab, 0x9f, 0xff,
        0xb2, 0xab, 0x9f, 0xff, 0x8c, 0x81, 0x75, 0xff, 0x00, 0x00, 0x00, 0x00, 0x00, 0x00, 0x00, 0x00, 0xb2, 0xab, 0x9f, 0xff, 0x8c, 0x81, 0x75, 0xff,
        0x5a, 0x4e, 0x43, 0xff, 0x24, 0x24, 0x24, 0xff, 0xda, 0xd7, 0xce, 0xff, 0xda, 0xd7, 0xce, 0xff, 0x24, 0x24, 0x24, 0xff, 0x5a, 0x4e, 0x43, 0xff,
        0x65, 0x57, 0x49, 0xff, 0x62, 0x5e, 0x58, 0xff, 0xcb, 0xc7, 0xbb, 0xff, 0xcb, 0xc7, 0xbb, 0xff, 0x62, 0x5e, 0x58, 0xff, 0x65, 0x57, 0x49, 0xff,
        0x65, 0x57, 0x49, 0xff, 0xb2, 0xab, 0x9f, 0xff, 0xc1, 0xbc, 0xac, 0xff, 0xc1, 0xbc, 0xac, 0xff, 0xb2, 0xab, 0x9f, 0xff, 0x65, 0x57, 0x49, 0xff,
        0x5a, 0x4e, 0x43, 0xff, 0xcb, 0xc7, 0xbb, 0xff, 0xcb, 0xc7, 0xbb, 0xff, 0xcb, 0xc7, 0xbb, 0xff, 0xcb, 0xc7, 0xbb, 0xff, 0x5a, 0x4e, 0x43, 0xff,
        0x52, 0x46, 0x3a, 0xff, 0xc1, 0xbc, 0xac, 0xff, 0xcb, 0xc7, 0xbb, 0xff, 0xcb, 0xc7, 0xbb, 0xff, 0xc1, 0xbc, 0xac, 0xff, 0x52, 0x46, 0x3a, 0xff,
    ] },
    Builtin { id: "parrot", name: "Parrot", kind: Kind::Mob, w: 4, h: 5, rgba: &[
        0x00, 0x00, 0x00, 0x00, 0xea, 0x00, 0x00, 0xff, 0xf0, 0x02, 0x02, 0xff, 0x00, 0x00, 0x00, 0x00,
        0x00, 0x00, 0x00, 0xff, 0xf5, 0xb1, 0x99, 0xff, 0xf3, 0xaf, 0x97, 0xff, 0x00, 0x00, 0x00, 0xff,
        0xf7, 0xb3, 0x9b, 0xff, 0x0f, 0x0f, 0x0f, 0xff, 0x0f, 0x0f, 0x0f, 0xff, 0xf5, 0xb1, 0x99, 0xff,
        0xef, 0x01, 0x01, 0xff, 0x25, 0x25, 0x25, 0xff, 0x25, 0x25, 0x25, 0xff, 0xf1, 0x03, 0x03, 0xff,
        0x00, 0x00, 0x00, 0x00, 0x0f, 0x0f, 0x0f, 0xff, 0x0f, 0x0f, 0x0f, 0xff, 0x00, 0x00, 0x00, 0x00,
    ] },
    Builtin { id: "squid", name: "Squid", kind: Kind::Mob, w: 12, h: 20, rgba: &[
        0x12, 0x27, 0x37, 0xff, 0x12, 0x27, 0x37, 0xff, 0x12, 0x27, 0x37, 0xff, 0x12, 0x27, 0x37, 0xff, 0x12, 0x27, 0x37, 0xff, 0x12, 0x27, 0x37, 0xff, 0x12, 0x27, 0x37, 0xff, 0x12, 0x27, 0x37, 0xff, 0x12, 0x27, 0x37, 0xff, 0x12, 0x27, 0x37, 0xff, 0x12, 0x27, 0x37, 0xff, 0x12, 0x27, 0x37, 0xff,
        0x12, 0x27, 0x37, 0xff, 0x22, 0x3b, 0x4d, 0xff, 0x22, 0x3b, 0x4d, 0xff, 0x22, 0x3b, 0x4d, 0xff, 0x38, 0x52, 0x65, 0xff, 0x38, 0x52, 0x65, 0xff, 0x38, 0x52, 0x65, 0xff, 0x38, 0x52, 0x65, 0xff, 0x22, 0x3b, 0x4d, 0xff, 0x22, 0x3b, 0x4d, 0xff, 0x22, 0x3b, 0x4d, 0xff, 0x12, 0x27, 0x37, 0xff,
        0x12, 0x27, 0x37, 0xff, 0x22, 0x3b, 0x4d, 0xff, 0x54, 0x6d, 0x80, 0xff, 0x70, 0x88, 0x99, 0xff, 0x54, 0x6d, 0x80, 0xff, 0x54, 0x6d, 0x80, 0xff, 0x54, 0x6d, 0x80, 0xff, 0x54, 0x6d, 0x80, 0xff, 0x38, 0x52, 0x65, 0xff, 0x22, 0x3b, 0x4d, 0xff, 0x22, 0x3b, 0x4d, 0xff, 0x12, 0x27, 0x37, 0xff,
        0x12, 0x27, 0x37, 0xff, 0x22, 0x3b, 0x4d, 0xff, 0x70, 0x88, 0x99, 0xff, 0x70, 0x88, 0x99, 0xff, 0x54, 0x6d, 0x80, 0xff, 0x54, 0x6d, 0x80, 0xff, 0x54, 0x6d, 0x80, 0xff, 0x54, 0x6d, 0x80, 0xff, 0x54, 0x6d, 0x80, 0xff, 0x54, 0x6d, 0x80, 0xff, 0x22, 0x3b, 0x4d, 0xff, 0x12, 0x27, 0x37, 0xff,
        0x12, 0x27, 0x37, 0xff, 0x22, 0x3b, 0x4d, 0xff, 0x38, 0x52, 0x65, 0xff, 0x54, 0x6d, 0x80, 0xff, 0x54, 0x6d, 0x80, 0xff, 0x54, 0x6d, 0x80, 0xff, 0x54, 0x6d, 0x80, 0xff, 0x54, 0x6d, 0x80, 0xff, 0x54, 0x6d, 0x80, 0xff, 0x54, 0x6d, 0x80, 0xff, 0x38, 0x52, 0x65, 0xff, 0x12, 0x27, 0x37, 0xff,
        0x12, 0x27, 0x37, 0xff, 0x22, 0x3b, 0x4d, 0xff, 0x54, 0x6d, 0x80, 0xff, 0x54, 0x6d, 0x80, 0xff, 0x54, 0x6d, 0x80, 0xff, 0x54, 0x6d, 0x80, 0xff, 0x54, 0x6d, 0x80, 0xff, 0x54, 0x6d, 0x80, 0xff, 0x54, 0x6d, 0x80, 0xff, 0x54, 0x6d, 0x80, 0xff, 0x38, 0x52, 0x65, 0xff, 0x12, 0x27, 0x37, 0xff,
        0x12, 0x27, 0x37, 0xff, 0x38, 0x52, 0x65, 0xff, 0x13, 0x13, 0x14, 0xff, 0xff, 0xff, 0xff, 0xff, 0x54, 0x6d, 0x80, 0xff, 0x54, 0x6d, 0x80, 0xff, 0x54, 0x6d, 0x80, 0xff, 0x54, 0x6d, 0x80, 0xff, 0xff, 0xff, 0xff, 0xff, 0x13, 0x13, 0x14, 0xff, 0x38, 0x52, 0x65, 0xff, 0x12, 0x27, 0x37, 0xff,
        0x12, 0x27, 0x37, 0xff, 0x38, 0x52, 0x65, 0xff, 0xff, 0xff, 0xff, 0xff, 0xff, 0xff, 0xff, 0xff, 0x54, 0x6d, 0x80, 0xff, 0x54, 0x6d, 0x80, 0xff, 0x54, 0x6d, 0x80, 0xff, 0x54, 0x6d, 0x80, 0xff, 0xff, 0xff, 0xff, 0xff, 0xff, 0xff, 0xff, 0xff, 0x38, 0x52, 0x65, 0xff, 0x12, 0x27, 0x37, 0xff,
        0x12, 0x27, 0x37, 0xff, 0x38, 0x52, 0x65, 0xff, 0x54, 0x6d, 0x80, 0xff, 0x54, 0x6d, 0x80, 0xff, 0x54, 0x6d, 0x80, 0xff, 0x54, 0x6d, 0x80, 0xff, 0x54, 0x6d, 0x80, 0xff, 0x54, 0x6d, 0x80, 0xff, 0x54, 0x6d, 0x80, 0xff, 0x54, 0x6d, 0x80, 0xff, 0x38, 0x52, 0x65, 0xff, 0x12, 0x27, 0x37, 0xff,
        0x12, 0x27, 0x37, 0xff, 0x38, 0x52, 0x65, 0xff, 0x54, 0x6d, 0x80, 0xff, 0x54, 0x6d, 0x80, 0xff, 0x54, 0x6d, 0x80, 0xff, 0x54, 0x6d, 0x80, 0xff, 0x54, 0x6d, 0x80, 0xff, 0x54, 0x6d, 0x80, 0xff, 0x70, 0x88, 0x99, 0xff, 0x54, 0x6d, 0x80, 0xff, 0x38, 0x52, 0x65, 0xff, 0x12, 0x27, 0x37, 0xff,
        0x12, 0x27, 0x37, 0xff, 0x38, 0x52, 0x65, 0xff, 0x54, 0x6d, 0x80, 0xff, 0x54, 0x6d, 0x80, 0xff, 0x54, 0x6d, 0x80, 0xff, 0x54, 0x6d, 0x80, 0xff, 0x54, 0x6d, 0x80, 0xff, 0x54, 0x6d, 0x80, 0xff, 0x70, 0x88, 0x99, 0xff, 0x54, 0x6d, 0x80, 0xff, 0x38, 0x52, 0x65, 0xff, 0x12, 0x27, 0x37, 0xff,
        0x12, 0x27, 0x37, 0xff, 0x22, 0x3b, 0x4d, 0xff, 0x38, 0x52, 0x65, 0xff, 0x54, 0x6d, 0x80, 0xff, 0x54, 0x6d, 0x80, 0xff, 0x54, 0x6d, 0x80, 0xff, 0x54, 0x6d, 0x80, 0xff, 0x70, 0x88, 0x99, 0xff, 0x54, 0x6d, 0x80, 0xff, 0x38, 0x52, 0x65, 0xff, 0x22, 0x3b, 0x4d, 0xff, 0x12, 0x27, 0x37, 0xff,
        0x12, 0x27, 0x37, 0xff, 0x22, 0x3b, 0x4d, 0xff, 0x38, 0x52, 0x65, 0xff, 0x38, 0x52, 0x65, 0xff, 0x54, 0x6d, 0x80, 0xff, 0x54, 0x6d, 0x80, 0xff, 0x54, 0x6d, 0x80, 0xff, 0x54, 0x6d, 0x80, 0xff, 0x38, 0x52, 0x65, 0xff, 0x38, 0x52, 0x65, 0xff, 0x22, 0x3b, 0x4d, 0xff, 0x12, 0x27, 0x37, 0xff,
        0x12, 0x27, 0x37, 0xff, 0x22, 0x3b, 0x4d, 0xff, 0x22, 0x3b, 0x4d, 0xff, 0x38, 0x52, 0x65, 0xff, 0x38, 0x52, 0x65, 0xff, 0x38, 0x52, 0x65, 0xff, 0x38, 0x52, 0x65, 0xff, 0x38, 0x52, 0x65, 0xff, 0x38, 0x52, 0x65, 0xff, 0x22, 0x3b, 0x4d, 0xff, 0x22, 0x3b, 0x4d, 0xff, 0x12, 0x27, 0x37, 0xff,
        0x12, 0x27, 0x37, 0xff, 0x22, 0x3b, 0x4d, 0xff, 0x22, 0x3b, 0x4d, 0xff, 0x22, 0x3b, 0x4d, 0xff, 0x22, 0x3b, 0x4d, 0xff, 0x22, 0x3b, 0x4d, 0xff, 0x22, 0x3b, 0x4d, 0xff, 0x22, 0x3b, 0x4d, 0xff, 0x22, 0x3b, 0x4d, 0xff, 0x22, 0x3b, 0x4d, 0xff, 0x22, 0x3b, 0x4d, 0xff, 0x12, 0x27, 0x37, 0xff,
        0x12, 0x27, 0x37, 0xff, 0x22, 0x3b, 0x4d, 0xff, 0x22, 0x3b, 0x4d, 0xff, 0x22, 0x3b, 0x4d, 0xff, 0x22, 0x3b, 0x4d, 0xff, 0x22, 0x3b, 0x4d, 0xff, 0x22, 0x3b, 0x4d, 0xff, 0x22, 0x3b, 0x4d, 0xff, 0x22, 0x3b, 0x4d, 0xff, 0x22, 0x3b, 0x4d, 0xff, 0x22, 0x3b, 0x4d, 0xff, 0x12, 0x27, 0x37, 0xff,
        0x12, 0x27, 0x37, 0xff, 0x12, 0x27, 0x37, 0xff, 0x12, 0x27, 0x37, 0xff, 0x12, 0x27, 0x37, 0xff, 0x00, 0x00, 0x00, 0x00, 0x12, 0x27, 0x37, 0xff, 0x12, 0x27, 0x37, 0xff, 0x00, 0x00, 0x00, 0x00, 0x12, 0x27, 0x37, 0xff, 0x12, 0x27, 0x37, 0xff, 0x12, 0x27, 0x37, 0xff, 0x12, 0x27, 0x37, 0xff,
        0x12, 0x27, 0x37, 0xff, 0x12, 0x27, 0x37, 0xff, 0x12, 0x27, 0x37, 0xff, 0x12, 0x27, 0x37, 0xff, 0x00, 0x00, 0x00, 0x00, 0x12, 0x27, 0x37, 0xff, 0x12, 0x27, 0x37, 0xff, 0x00, 0x00, 0x00, 0x00, 0x12, 0x27, 0x37, 0xff, 0x12, 0x27, 0x37, 0xff, 0x12, 0x27, 0x37, 0xff, 0x12, 0x27, 0x37, 0xff,
        0x12, 0x27, 0x37, 0xff, 0x12, 0x27, 0x37, 0xff, 0x12, 0x27, 0x37, 0xff, 0x12, 0x27, 0x37, 0xff, 0x00, 0x00, 0x00, 0x00, 0x12, 0x27, 0x37, 0xff, 0x12, 0x27, 0x37, 0xff, 0x00, 0x00, 0x00, 0x00, 0x12, 0x27, 0x37, 0xff, 0x12, 0x27, 0x37, 0xff, 0x12, 0x27, 0x37, 0xff, 0x12, 0x27, 0x37, 0xff,
        0x12, 0x27, 0x37, 0xff, 0x12, 0x27, 0x37, 0xff, 0x12, 0x27, 0x37, 0xff, 0x12, 0x27, 0x37, 0xff, 0x00, 0x00, 0x00, 0x00, 0x12, 0x27, 0x37, 0xff, 0x12, 0x27, 0x37, 0xff, 0x00, 0x00, 0x00, 0x00, 0x12, 0x27, 0x37, 0xff, 0x12, 0x27, 0x37, 0xff, 0x12, 0x27, 0x37, 0xff, 0x12, 0x27, 0x37, 0xff,
    ] },
    Builtin { id: "glow_squid", name: "Glow Squid", kind: Kind::Mob, w: 12, h: 20, rgba: &[
        0x09, 0x56, 0x56, 0xff, 0x09, 0x56, 0x56, 0xff, 0x12, 0x6d, 0x6e, 0xff, 0x12, 0x6d, 0x6e, 0xff, 0x12, 0x6d, 0x6e, 0xff, 0x12, 0x6d, 0x6e, 0xff, 0x12, 0x6d, 0x6e, 0xff, 0x12, 0x6d, 0x6e, 0xff, 0x12, 0x6d, 0x6e, 0xff, 0x12, 0x6d, 0x6e, 0xff, 0x09, 0x56, 0x56, 0xff, 0x09, 0x56, 0x56, 0xff,
        0x09, 0x56, 0x56, 0xff, 0x12, 0x6d, 0x6e, 0xff, 0x22, 0x7f, 0x80, 0xff, 0x3a, 0xb5, 0xb2, 0xff, 0x2f, 0x97, 0x99, 0xff, 0x2f, 0x97, 0x99, 0xff, 0x2f, 0x97, 0x99, 0xff, 0x2f, 0x97, 0x99, 0xff, 0x2f, 0x97, 0x99, 0xff, 0x12, 0x6d, 0x6e, 0xff, 0x12, 0x6d, 0x6e, 0xff, 0x09, 0x56, 0x56, 0xff,
        0x12, 0x6d, 0x6e, 0xff, 0x12, 0x6d, 0x6e, 0xff, 0x2f, 0x97, 0x99, 0xff, 0x32, 0xa1, 0xa1, 0xff, 0x32, 0xa1, 0xa1, 0xff, 0x32, 0xa1, 0xa1, 0xff, 0x32, 0xa1, 0xa1, 0xff, 0x32, 0xa1, 0xa1, 0xff, 0x2f, 0x97, 0x99, 0xff, 0x2f, 0x97, 0x99, 0xff, 0x12, 0x6d, 0x6e, 0xff, 0x12, 0x6d, 0x6e, 0xff,
        0x12, 0x6d, 0x6e, 0xff, 0x22, 0x7f, 0x80, 0xff, 0x2f, 0x97, 0x99, 0xff, 0x32, 0xa1, 0xa1, 0xff, 0x32, 0xa1, 0xa1, 0xff, 0x32, 0xa1, 0xa1, 0xff, 0x32, 0xa1, 0xa1, 0xff, 0x32, 0xa1, 0xa1, 0xff, 0x32, 0xa1, 0xa1, 0xff, 0x3a, 0xb5, 0xb2, 0xff, 0x12, 0x6d, 0x6e, 0xff, 0x12, 0x6d, 0x6e, 0xff,
        0x12, 0x6d, 0x6e, 0xff, 0x2f, 0x97, 0x99, 0xff, 0x32, 0xa1, 0xa1, 0xff, 0x32, 0xa1, 0xa1, 0xff, 0x32, 0xa1, 0xa1, 0xff, 0x32, 0xa1, 0xa1, 0xff, 0x32, 0xa1, 0xa1, 0xff, 0x32, 0xa1, 0xa1, 0xff, 0x32, 0xa1, 0xa1, 0xff, 0x2f, 0x97, 0x99, 0xff, 0x22, 0x7f, 0x80, 0xff, 0x12, 0x6d, 0x6e, 0xff,
        0x12, 0x6d, 0x6e, 0xff, 0x00, 0x48, 0x48, 0xff, 0x00, 0x48, 0x48, 0xff, 0x32, 0xa1, 0xa1, 0xff, 0x2f, 0x97, 0x99, 0xff, 0x32, 0xa1, 0xa1, 0xff, 0x32, 0xa1, 0xa1, 0xff, 0x32, 0xa1, 0xa1, 0xff, 0x32, 0xa1, 0xa1, 0xff, 0x2f, 0x97, 0x99, 0xff, 0x22, 0x7f, 0x80, 0xff, 0x12, 0x6d, 0x6e, 0xff,
        0x28, 0x8c, 0x8d, 0xff, 0xa5, 0xff, 0xcc, 0xff, 0xa5, 0xff, 0xcc, 0xff, 0x32, 0xa1, 0xa1, 0xff, 0x32, 0xa1, 0xa1, 0xff, 0x32, 0xa1, 0xa1, 0xff, 0x32, 0xa1, 0xa1, 0xff, 0x32, 0xa1, 0xa1, 0xff, 0x32, 0xa1, 0xa1, 0xff, 0x00, 0x48, 0x48, 0xff, 0x00, 0x48, 0x48, 0xff, 0x12, 0x6d, 0x6e, 0xff,
        0x3a, 0xb5, 0xb2, 0xff, 0xa5, 0xff, 0xcc, 0xff, 0xa5, 0xff, 0xcc, 0xff, 0x32, 0xa1, 0xa1, 0xff, 0x32, 0xa1, 0xa1, 0xff, 0x32, 0xa1, 0xa1, 0xff, 0x32, 0xa1, 0xa1, 0xff, 0x32, 0xa1, 0xa1, 0xff, 0x32, 0xa1, 0xa1, 0xff, 0xa5, 0xff, 0xcc, 0xff, 0xa5, 0xff, 0xcc, 0xff, 0x28, 0x8c, 0x8d, 0xff,
        0x3a, 0xb5, 0xb2, 0xff, 0x64, 0xd9, 0xcc, 0xff, 0x64, 0xd9, 0xcc, 0xff, 0x32, 0xa1, 0xa1, 0xff, 0x32, 0xa1, 0xa1, 0xff, 0x32, 0xa1, 0xa1, 0xff, 0x32, 0xa1, 0xa1, 0xff, 0x2f, 0x97, 0x99, 0xff, 0x32, 0xa1, 0xa1, 0xff, 0xa5, 0xff, 0xcc, 0xff, 0xa5, 0xff, 0xcc, 0xff, 0x3a, 0xb5, 0xb2, 0xff,
        0x12, 0x6d, 0x6e, 0xff, 0x2f, 0x97, 0x99, 0xff, 0x32, 0xa1, 0xa1, 0xff, 0x32, 0xa1, 0xa1, 0xff, 0x32, 0xa1, 0xa1, 0xff, 0x32, 0xa1, 0xa1, 0xff, 0x32, 0xa1, 0xa1, 0xff, 0x32, 0xa1, 0xa1, 0xff, 0x32, 0xa1, 0xa1, 0xff, 0x64, 0xd9, 0xcc, 0xff, 0x64, 0xd9, 0xcc, 0xff, 0x3a, 0xb5, 0xb2, 0xff,
        0x12, 0x6d, 0x6e, 0xff, 0x2f, 0x97, 0x99, 0xff, 0x28, 0x8c, 0x8d, 0xff, 0x32, 0xa1, 0xa1, 0xff, 0x32, 0xa1, 0xa1, 0xff, 0x32, 0xa1, 0xa1, 0xff, 0x32, 0xa1, 0xa1, 0xff, 0x32, 0xa1, 0xa1, 0xff, 0x32, 0xa1, 0xa1, 0xff, 0x2f, 0x97, 0x99, 0xff, 0x28, 0x8c, 0x8d, 0xff, 0x12, 0x6d, 0x6e, 0xff,
        0x09, 0x56, 0x56, 0xff, 0x2f, 0x97, 0x99, 0xff, 0x32, 0xa1, 0xa1, 0xff, 0x32, 0xa1, 0xa1, 0xff, 0x32, 0xa1, 0xa1, 0xff, 0x32, 0xa1, 0xa1, 0xff, 0x32, 0xa1, 0xa1, 0xff, 0xa5, 0xff, 0xcc, 0xff, 0xa5, 0xff, 0xcc, 0xff, 0x32, 0xa1, 0xa1, 0xff, 0x28, 0x8c, 0x8d, 0xff, 0x12, 0x6d, 0x6e, 0xff,
        0x12, 0x6d, 0x6e, 0xff, 0x2f, 0x97, 0x99, 0xff, 0x2f, 0x97, 0x99, 0xff, 0x2f, 0x97, 0x99, 0xff, 0x22, 0x7f, 0x80, 0xff, 0x32, 0xa1, 0xa1, 0xff, 0x32, 0xa1, 0xa1, 0xff, 0xa5, 0xff, 0xcc, 0xff, 0xa5, 0xff, 0xcc, 0xff, 0x3a, 0xb5, 0xb2, 0xff, 0x22, 0x7f, 0x80, 0xff, 0x12, 0x6d, 0x6e, 0xff,
        0x12, 0x6d, 0x6e, 0xff, 0x12, 0x6d, 0x6e, 0xff, 0x28, 0x8c, 0x8d, 0xff, 0x2f, 0x97, 0x99, 0xff, 0x2f, 0x97, 0x99, 0xff, 0x32, 0xa1, 0xa1, 0xff, 0x32, 0xa1, 0xa1, 0xff, 0x64, 0xd9, 0xcc, 0xff, 0x64, 0xd9, 0xcc, 0xff, 0x22, 0x7f, 0x80, 0xff, 0x22, 0x7f, 0x80, 0xff, 0x12, 0x6d, 0x6e, 0xff,
        0x09, 0x56, 0x56, 0xff, 0x12, 0x6d, 0x6e, 0xff, 0x12, 0x6d, 0x6e, 0xff, 0x22, 0x7f, 0x80, 0xff, 0x28, 0x8c, 0x8d, 0xff, 0x28, 0x8c, 0x8d, 0xff, 0x28, 0x8c, 0x8d, 0xff, 0x28, 0x8c, 0x8d, 0xff, 0x28, 0x8c, 0x8d, 0xff, 0x22, 0x7f, 0x80, 0xff, 0x12, 0x6d, 0x6e, 0xff, 0x12, 0x6d, 0x6e, 0xff,
        0x09, 0x56, 0x56, 0xff, 0x09, 0x56, 0x56, 0xff, 0x12, 0x6d, 0x6e, 0xff, 0x12, 0x6d, 0x6e, 0xff, 0x12, 0x6d, 0x6e, 0xff, 0x09, 0x56, 0x56, 0xff, 0x09, 0x56, 0x56, 0xff, 0x12, 0x6d, 0x6e, 0xff, 0x12, 0x6d, 0x6e, 0xff, 0x09, 0x56, 0x56, 0xff, 0x12, 0x6d, 0x6e, 0xff, 0x09, 0x56, 0x56, 0xff,
        0x09, 0x56, 0x56, 0xff, 0x09, 0x56, 0x56, 0xff, 0x09, 0x56, 0x56, 0xff, 0x09, 0x56, 0x56, 0xff, 0x00, 0x00, 0x00, 0x00, 0x09, 0x56, 0x56, 0xff, 0x09, 0x56, 0x56, 0xff, 0x00, 0x00, 0x00, 0x00, 0x09, 0x56, 0x56, 0xff, 0x09, 0x56, 0x56, 0xff, 0x09, 0x56, 0x56, 0xff, 0x09, 0x56, 0x56, 0xff,
        0x09, 0x56, 0x56, 0xff, 0x09, 0x56, 0x56, 0xff, 0x09, 0x56, 0x56, 0xff, 0x09, 0x56, 0x56, 0xff, 0x00, 0x00, 0x00, 0x00, 0x09, 0x56, 0x56, 0xff, 0x09, 0x56, 0x56, 0xff, 0x00, 0x00, 0x00, 0x00, 0x09, 0x56, 0x56, 0xff, 0x09, 0x56, 0x56, 0xff, 0x09, 0x56, 0x56, 0xff, 0x09, 0x56, 0x56, 0xff,
        0x09, 0x56, 0x56, 0xff, 0x09, 0x56, 0x56, 0xff, 0x09, 0x56, 0x56, 0xff, 0x09, 0x56, 0x56, 0xff, 0x00, 0x00, 0x00, 0x00, 0x09, 0x56, 0x56, 0xff, 0x09, 0x56, 0x56, 0xff, 0x00, 0x00, 0x00, 0x00, 0x09, 0x56, 0x56, 0xff, 0x09, 0x56, 0x56, 0xff, 0x09, 0x56, 0x56, 0xff, 0x09, 0x56, 0x56, 0xff,
        0x09, 0x56, 0x56, 0xff, 0x09, 0x56, 0x56, 0xff, 0x09, 0x56, 0x56, 0xff, 0x09, 0x56, 0x56, 0xff, 0x00, 0x00, 0x00, 0x00, 0x09, 0x56, 0x56, 0xff, 0x09, 0x56, 0x56, 0xff, 0x00, 0x00, 0x00, 0x00, 0x09, 0x56, 0x56, 0xff, 0x09, 0x56, 0x56, 0xff, 0x09, 0x56, 0x56, 0xff, 0x09, 0x56, 0x56, 0xff,
    ] },
    Builtin { id: "dolphin", name: "Dolphin", kind: Kind::Mob, w: 8, h: 7, rgba: &[
        0xb0, 0xc4, 0xd9, 0xff, 0xbd, 0xcb, 0xdd, 0xff, 0xbd, 0xcb, 0xdd, 0xff, 0xbd, 0xcb, 0xdd, 0xff, 0xbd, 0xcb, 0xdd, 0xff, 0xbd, 0xcb, 0xdd, 0xff, 0xbd, 0xcb, 0xdd, 0xff, 0xb0, 0xc4, 0xd9, 0xff,
        0xb0, 0xc4, 0xd9, 0xff, 0xb0, 0xc4, 0xd9, 0xff, 0xbd, 0xcb, 0xdd, 0xff, 0xbd, 0xcb, 0xdd, 0xff, 0xbd, 0xcb, 0xdd, 0xff, 0xbd, 0xcb, 0xdd, 0xff, 0xb0, 0xc4, 0xd9, 0xff, 0xb0, 0xc4, 0xd9, 0xff,
        0xb0, 0xc4, 0xd9, 0xff, 0xb0, 0xc4, 0xd9, 0xff, 0xa5, 0xba, 0xd0, 0xff, 0x9d, 0xb2, 0xc9, 0xff, 0x9d, 0xb2, 0xc9, 0xff, 0xa5, 0xba, 0xd0, 0xff, 0xb0, 0xc4, 0xd9, 0xff, 0xb0, 0xc4, 0xd9, 0xff,
        0x9d, 0xb2, 0xc9, 0xff, 0x92, 0xa3, 0xba, 0xff, 0x8a, 0x9a, 0xb1, 0xff, 0x8a, 0x9a, 0xb1, 0xff, 0x8a, 0x9a, 0xb1, 0xff, 0x8a, 0x9a, 0xb1, 0xff, 0x92, 0xa3, 0xba, 0xff, 0x9d, 0xb2, 0xc9, 0xff,
        0x8a, 0x9a, 0xb1, 0xff, 0x8a, 0x9a, 0xb1, 0xff, 0x8a, 0x9a, 0xb1, 0xff, 0x80, 0x86, 0xa2, 0xff, 0x80, 0x86, 0xa2, 0xff, 0x8a, 0x9a, 0xb1, 0xff, 0x8a, 0x9a, 0xb1, 0xff, 0x8a, 0x9a, 0xb1, 0xff,
        0x8a, 0x9a, 0xb1, 0xff, 0x80, 0x86, 0xa2, 0xff, 0x80, 0x86, 0xa2, 0xff, 0xa6, 0xb9, 0xcd, 0xff, 0xa6, 0xb9, 0xcd, 0xff, 0x80, 0x86, 0xa2, 0xff, 0x80, 0x86, 0xa2, 0xff, 0x8a, 0x9a, 0xb1, 0xff,
        0xa6, 0xb9, 0xcd, 0xff, 0xa6, 0xb9, 0xcd, 0xff, 0x9d, 0xb2, 0xc9, 0xff, 0x9d, 0xb2, 0xc9, 0xff, 0x9d, 0xb2, 0xc9, 0xff, 0x9d, 0xb2, 0xc9, 0xff, 0xa6, 0xb9, 0xcd, 0xff, 0xa6, 0xb9, 0xcd, 0xff,
    ] },
    Builtin { id: "bat", name: "Bat", kind: Kind::Mob, w: 6, h: 6, rgba: &[
        0x00, 0x00, 0x00, 0x00, 0x66, 0x49, 0x64, 0xff, 0x31, 0x28, 0x22, 0xff, 0x27, 0x22, 0x1f, 0xff, 0x31, 0x28, 0x22, 0xff, 0x00, 0x00, 0x00, 0x00,
        0x00, 0x00, 0x00, 0x00, 0x5a, 0x3f, 0x58, 0xff, 0x27, 0x22, 0x1f, 0xff, 0x66, 0x49, 0x64, 0xff, 0x31, 0x28, 0x22, 0xff, 0x00, 0x00, 0x00, 0x00,
        0x00, 0x00, 0x00, 0x00, 0x5a, 0x3f, 0x58, 0xff, 0x1e, 0x1b, 0x19, 0xff, 0x5a, 0x3f, 0x58, 0xff, 0x27, 0x22, 0x1f, 0xff, 0x00, 0x00, 0x00, 0x00,
        0x31, 0x28, 0x22, 0xff, 0x43, 0x37, 0x2f, 0xff, 0x43, 0x37, 0x2f, 0xff, 0x31, 0x28, 0x22, 0xff, 0x43, 0x37, 0x2f, 0xff, 0x31, 0x28, 0x22, 0xff,
        0xff, 0xff, 0xff, 0xff, 0x00, 0x00, 0x00, 0xff, 0x82, 0x5f, 0x7f, 0xff, 0x5a, 0x3f, 0x58, 0xff, 0x00, 0x00, 0x00, 0xff, 0xff, 0xff, 0xff, 0xff,
        0x27, 0x22, 0x1f, 0xff, 0x31, 0x28, 0x22, 0xff, 0x27, 0x22, 0x1f, 0xff, 0x27, 0x22, 0x1f, 0xff, 0x31, 0x28, 0x22, 0xff, 0x27, 0x22, 0x1f, 0xff,
    ] },
    Builtin { id: "snow_golem", name: "Snow Golem", kind: Kind::Mob, w: 8, h: 8, rgba: &[
        0xff, 0xff, 0xff, 0xff, 0xff, 0xff, 0xff, 0xff, 0xff, 0xff, 0xff, 0xff, 0xee, 0xff, 0xff, 0xff, 0xff, 0xff, 0xff, 0xff, 0xff, 0xff, 0xff, 0xff, 0xee, 0xff, 0xff, 0xff, 0xff, 0xff, 0xff, 0xff,
        0xff, 0xff, 0xff, 0xff, 0xff, 0xff, 0xff, 0xff, 0x00, 0x00, 0x00, 0xff, 0xff, 0xff, 0xff, 0xff, 0xff, 0xff, 0xff, 0xff, 0xff, 0xff, 0xff, 0xff, 0xee, 0xff, 0xff, 0xff, 0xee, 0xff, 0xff, 0xff,
        0xee, 0xff, 0xff, 0xff, 0xee, 0xff, 0xff, 0xff, 0xff, 0xff, 0xff, 0xff, 0xff, 0xff, 0xff, 0xff, 0xff, 0xff, 0xff, 0xff, 0xee, 0xff, 0xff, 0xff, 0x00, 0x00, 0x00, 0xff, 0xff, 0xff, 0xff, 0xff,
        0xee, 0xff, 0xff, 0xff, 0xee, 0xff, 0xff, 0xff, 0xee, 0xff, 0xff, 0xff, 0xff, 0xff, 0xff, 0xff, 0xee, 0xff, 0xff, 0xff, 0xee, 0xff, 0xff, 0xff, 0xff, 0xff, 0xff, 0xff, 0xff, 0xff, 0xff, 0xff,
        0xee, 0xff, 0xff, 0xff, 0x44, 0x44, 0x44, 0xff, 0xff, 0xff, 0xff, 0xff, 0xff, 0xff, 0xff, 0xff, 0xee, 0xff, 0xff, 0xff, 0xff, 0xff, 0xff, 0xff, 0xff, 0xff, 0xff, 0xff, 0xe3, 0xf3, 0xf3, 0xff,
        0xe3, 0xf3, 0xf3, 0xff, 0xee, 0xff, 0xff, 0xff, 0x00, 0x00, 0x00, 0xff, 0xff, 0xff, 0xff, 0xff, 0xee, 0xff, 0xff, 0xff, 0x44, 0x44, 0x44, 0xff, 0x00, 0x00, 0x00, 0xff, 0xe3, 0xf3, 0xf3, 0xff,
        0xe3, 0xf3, 0xf3, 0xff, 0xee, 0xff, 0xff, 0xff, 0xff, 0xff, 0xff, 0xff, 0x44, 0x44, 0x44, 0xff, 0x00, 0x00, 0x00, 0xff, 0xee, 0xff, 0xff, 0xff, 0xe3, 0xf3, 0xf3, 0xff, 0xe3, 0xf3, 0xf3, 0xff,
        0xe3, 0xf3, 0xf3, 0xff, 0xe3, 0xf3, 0xf3, 0xff, 0xe3, 0xf3, 0xf3, 0xff, 0xe3, 0xf3, 0xf3, 0xff, 0xe3, 0xf3, 0xf3, 0xff, 0xe3, 0xf3, 0xf3, 0xff, 0xe3, 0xf3, 0xf3, 0xff, 0xe3, 0xf3, 0xf3, 0xff,
    ] },
    Builtin { id: "allay", name: "Allay", kind: Kind::Mob, w: 5, h: 5, rgba: &[
        0x9c, 0xfc, 0xff, 0xff, 0x80, 0xfc, 0xff, 0xff, 0x80, 0xfc, 0xff, 0xff, 0x80, 0xfc, 0xff, 0xff, 0x9c, 0xfc, 0xff, 0xff,
        0x64, 0xfb, 0xff, 0xff, 0x3d, 0xe0, 0xf7, 0xff, 0x3d, 0xe0, 0xf7, 0xff, 0x3d, 0xe0, 0xf7, 0xff, 0x64, 0xfb, 0xff, 0xff,
        0x3d, 0xe0, 0xf7, 0xff, 0xff, 0xff, 0xff, 0xff, 0x3d, 0xe0, 0xf7, 0xff, 0xff, 0xff, 0xff, 0xff, 0x3d, 0xe0, 0xf7, 0xff,
        0x4c, 0xe9, 0xff, 0xff, 0xff, 0xff, 0xff, 0xff, 0x4c, 0xe9, 0xff, 0xff, 0xff, 0xff, 0xff, 0xff, 0x4c, 0xe9, 0xff, 0xff,
        0x2c, 0xd5, 0xec, 0xff, 0x3d, 0xe0, 0xf7, 0xff, 0x3d, 0xe0, 0xf7, 0xff, 0x3d, 0xe0, 0xf7, 0xff, 0x2c, 0xd5, 0xec, 0xff,
    ] },
    Builtin { id: "strider", name: "Strider", kind: Kind::Mob, w: 16, h: 14, rgba: &[
        0xa5, 0x36, 0x39, 0xff, 0xa5, 0x36, 0x39, 0xff, 0xae, 0x3e, 0x3e, 0xff, 0xae, 0x3e, 0x3e, 0xff, 0xae, 0x3e, 0x3e, 0xff, 0xa5, 0x36, 0x39, 0xff, 0xae, 0x3e, 0x3e, 0xff, 0xae, 0x3e, 0x3e, 0xff, 0xae, 0x3e, 0x3e, 0xff, 0xae, 0x3e, 0x3e, 0xff, 0xae, 0x3e, 0x3e, 0xff, 0xae, 0x3e, 0x3e, 0xff, 0x5d, 0x56, 0x5d, 0xff, 0x5d, 0x56, 0x5d, 0xff, 0x5d, 0x56, 0x5d, 0xff, 0x6c, 0x24, 0x26, 0xff,
        0x9c, 0x34, 0x36, 0xff, 0xa5, 0x36, 0x39, 0xff, 0x9c, 0x34, 0x36, 0xff, 0x9c, 0x34, 0x36, 0xff, 0xa5, 0x36, 0x39, 0xff, 0xa5, 0x36, 0x39, 0xff, 0xa5, 0x36, 0x39, 0xff, 0x9c, 0x34, 0x36, 0xff, 0x9c, 0x34, 0x36, 0xff, 0x9c, 0x34, 0x36, 0xff, 0xa5, 0x36, 0x39, 0xff, 0x9c, 0x34, 0x36, 0xff, 0x9c, 0x34, 0x36, 0xff, 0x6c, 0x24, 0x26, 0xff, 0x6c, 0x24, 0x26, 0xff, 0xa5, 0x36, 0x39, 0xff,
        0x88, 0x2d, 0x2f, 0xff, 0x9c, 0x34, 0x36, 0xff, 0x88, 0x2d, 0x2f, 0xff, 0x9c, 0x34, 0x36, 0xff, 0x9c, 0x34, 0x36, 0xff, 0x9c, 0x34, 0x36, 0xff, 0xa5, 0x36, 0x39, 0xff, 0xa5, 0x36, 0x39, 0xff, 0x9c, 0x34, 0x36, 0xff, 0x9c, 0x34, 0x36, 0xff, 0x9c, 0x34, 0x36, 0xff, 0x9c, 0x34, 0x36, 0xff, 0x9c, 0x34, 0x36, 0xff, 0x9c, 0x34, 0x36, 0xff, 0x9c, 0x34, 0x36, 0xff, 0x9c, 0x34, 0x36, 0xff,
        0x8f, 0x30, 0x32, 0xff, 0x9c, 0x34, 0x36, 0xff, 0x9c, 0x34, 0x36, 0xff, 0x9c, 0x34, 0x36, 0xff, 0x9c, 0x34, 0x36, 0xff, 0x9c, 0x34, 0x36, 0xff, 0x9c, 0x34, 0x36, 0xff, 0x9c, 0x34, 0x36, 0xff, 0x9c, 0x34, 0x36, 0xff, 0x9c, 0x34, 0x36, 0xff, 0x9c, 0x34, 0x36, 0xff, 0x8f, 0x30, 0x32, 0xff, 0x9c, 0x34, 0x36, 0xff, 0x8f, 0x30, 0x32, 0xff, 0x9c, 0x34, 0x36, 0xff, 0x88, 0x2d, 0x2f, 0xff,
        0x88, 0x2d, 0x2f, 0xff, 0x88, 0x2d, 0x2f, 0xff, 0x88, 0x2d, 0x2f, 0xff, 0x9c, 0x34, 0x36, 0xff, 0x9c, 0x34, 0x36, 0xff, 0xa5, 0x36, 0x39, 0xff, 0x9c, 0x34, 0x36, 0xff, 0x9c, 0x34, 0x36, 0xff, 0x9c, 0x34, 0x36, 0xff, 0x9c, 0x34, 0x36, 0xff, 0x9c, 0x34, 0x36, 0xff, 0x9c, 0x34, 0x36, 0xff, 0x8f, 0x30, 0x32, 0xff, 0x9c, 0x34, 0x36, 0xff, 0x88, 0x2d, 0x2f, 0xff, 0x88, 0x2d, 0x2f, 0xff,
        0x79, 0x28, 0x2b, 0xff, 0x88, 0x2d, 0x2f, 0xff, 0x88, 0x2d, 0x2f, 0xff, 0x88, 0x2d, 0x2f, 0xff, 0x9c, 0x34, 0x36, 0xff, 0x9c, 0x34, 0x36, 0xff, 0x9c, 0x34, 0x36, 0xff, 0x9c, 0x34, 0x36, 0xff, 0x9c, 0x34, 0x36, 0xff, 0x9c, 0x34, 0x36, 0xff, 0x9c, 0x34, 0x36, 0xff, 0x9c, 0x34, 0x36, 0xff, 0x88, 0x2d, 0x2f, 0xff, 0x88, 0x2d, 0x2f, 0xff, 0x88, 0x2d, 0x2f, 0xff, 0x79, 0x28, 0x2b, 0xff,
        0x8f, 0x30, 0x32, 0xff, 0x9c, 0x34, 0x36, 0xff, 0x9c, 0x34, 0x36, 0xff, 0x9c, 0x34, 0x36, 0xff, 0x9c, 0x34, 0x36, 0xff, 0xa5, 0x36, 0x39, 0xff, 0xa5, 0x36, 0x39, 0xff, 0xa5, 0x36, 0x39, 0xff, 0xa5, 0x36, 0x39, 0xff, 0xa5, 0x36, 0x39, 0xff, 0xa5, 0x36, 0x39, 0xff, 0x9c, 0x34, 0x36, 0xff, 0x9c, 0x34, 0x36, 0xff, 0x9c, 0x34, 0x36, 0xff, 0x9c, 0x34, 0x36, 0xff, 0x9c, 0x34, 0x36, 0xff,
        0x9c, 0x34, 0x36, 0xff, 0x9c, 0x34, 0x36, 0xff, 0xa5, 0x36, 0x39, 0xff, 0xa5, 0x36, 0x39, 0xff, 0xa5, 0x36, 0x39, 0xff, 0xa5, 0x36, 0x39, 0xff, 0xa5, 0x36, 0x39, 0xff, 0xa5, 0x36, 0x39, 0xff, 0xa5, 0x36, 0x39, 0xff, 0xa5, 0x36, 0x39, 0xff, 0xa5, 0x36, 0x39, 0xff, 0xa5, 0x36, 0x39, 0xff, 0xa5, 0x36, 0x39, 0xff, 0xa5, 0x36, 0x39, 0xff, 0x9c, 0x34, 0x36, 0xff, 0x9c, 0x34, 0x36, 0xff,
        0xbd, 0x44, 0x44, 0xff, 0xbd, 0x44, 0x44, 0xff, 0xae, 0x3e, 0x3e, 0xff, 0xa5, 0x36, 0x39, 0xff, 0xa5, 0x36, 0x39, 0xff, 0xa5, 0x36, 0x39, 0xff, 0xa5, 0x36, 0x39, 0xff, 0xae, 0x3e, 0x3e, 0xff, 0xa5, 0x36, 0x39, 0xff, 0xae, 0x3e, 0x3e, 0xff, 0xa5, 0x36, 0x39, 0xff, 0xa5, 0x36, 0x39, 0xff, 0xa5, 0x36, 0x39, 0xff, 0xae, 0x3e, 0x3e, 0xff, 0xbd, 0x44, 0x44, 0xff, 0xbd, 0x44, 0x44, 0xff,
        0x88, 0x2d, 0x2f, 0xff, 0xff, 0xfd, 0xfc, 0xff, 0x00, 0x00, 0x00, 0xff, 0xa5, 0x36, 0x39, 0xff, 0xa5, 0x36, 0x39, 0xff, 0xae, 0x3e, 0x3e, 0xff, 0xae, 0x3e, 0x3e, 0xff, 0xbd, 0x44, 0x44, 0xff, 0xbd, 0x44, 0x44, 0xff, 0xae, 0x3e, 0x3e, 0xff, 0xa5, 0x36, 0x39, 0xff, 0xae, 0x3e, 0x3e, 0xff, 0xa5, 0x36, 0x39, 0xff, 0x00, 0x00, 0x00, 0xff, 0xff, 0xfd, 0xfc, 0xff, 0x88, 0x2d, 0x2f, 0xff,
        0x9c, 0x34, 0x36, 0xff, 0xa5, 0x36, 0x39, 0xff, 0x9c, 0x34, 0x36, 0xff, 0xae, 0x3e, 0x3e, 0xff, 0xbd, 0x44, 0x44, 0xff, 0xae, 0x3e, 0x3e, 0xff, 0xbd, 0x44, 0x44, 0xff, 0xbd, 0x44, 0x44, 0xff, 0xbd, 0x44, 0x44, 0xff, 0xbd, 0x44, 0x44, 0xff, 0xae, 0x3e, 0x3e, 0xff, 0xbd, 0x44, 0x44, 0xff, 0xae, 0x3e, 0x3e, 0xff, 0x9c, 0x34, 0x36, 0xff, 0xa5, 0x36, 0x39, 0xff, 0x9c, 0x34, 0x36, 0xff,
        0x9c, 0x34, 0x36, 0xff, 0xae, 0x3e, 0x3e, 0xff, 0xae, 0x3e, 0x3e, 0xff, 0x4f, 0x1a, 0x1b, 0xff, 0x4f, 0x1a, 0x1b, 0xff, 0x4f, 0x1a, 0x1b, 0xff, 0x4f, 0x1a, 0x1b, 0xff, 0x4f, 0x1a, 0x1b, 0xff, 0x4f, 0x1a, 0x1b, 0xff, 0x4f, 0x1a, 0x1b, 0xff, 0x4f, 0x1a, 0x1b, 0xff, 0x4f, 0x1a, 0x1b, 0xff, 0x4f, 0x1a, 0x1b, 0xff, 0xae, 0x3e, 0x3e, 0xff, 0xae, 0x3e, 0x3e, 0xff, 0x9c, 0x34, 0x36, 0xff,
        0xae, 0x3e, 0x3e, 0xff, 0x4f, 0x1a, 0x1b, 0xff, 0x4f, 0x1a, 0x1b, 0xff, 0x6c, 0x24, 0x26, 0xff, 0x88, 0x2d, 0x2f, 0xff, 0x88, 0x2d, 0x2f, 0xff, 0x6c, 0x24, 0x26, 0xff, 0x88, 0x2d, 0x2f, 0xff, 0x88, 0x2d, 0x2f, 0xff, 0x6c, 0x24, 0x26, 0xff, 0x88, 0x2d, 0x2f, 0xff, 0x88, 0x2d, 0x2f, 0xff, 0x6c, 0x24, 0x26, 0xff, 0x4f, 0x1a, 0x1b, 0xff, 0x4f, 0x1a, 0x1b, 0xff, 0xae, 0x3e, 0x3e, 0xff,
        0x4f, 0x1a, 0x1b, 0xff, 0x6c, 0x24, 0x26, 0xff, 0x9c, 0x34, 0x36, 0xff, 0x9c, 0x34, 0x36, 0xff, 0xa5, 0x36, 0x39, 0xff, 0x9c, 0x34, 0x36, 0xff, 0xa5, 0x36, 0x39, 0xff, 0xa5, 0x36, 0x39, 0xff, 0xa5, 0x36, 0x39, 0xff, 0xa5, 0x36, 0x39, 0xff, 0xa5, 0x36, 0x39, 0xff, 0x9c, 0x34, 0x36, 0xff, 0x9c, 0x34, 0x36, 0xff, 0x9c, 0x34, 0x36, 0xff, 0x88, 0x2d, 0x2f, 0xff, 0x4f, 0x1a, 0x1b, 0xff,
    ] },
    Builtin { id: "sniffer", name: "Sniffer", kind: Kind::Mob, w: 15, h: 16, rgba: &[
        0x81, 0x21, 0x18, 0xff, 0x2c, 0x73, 0x4d, 0xff, 0x2c, 0x73, 0x4d, 0xff, 0x38, 0x8d, 0x7b, 0xff, 0x2c, 0x73, 0x4d, 0xff, 0x38, 0x8d, 0x7b, 0xff, 0x38, 0x8d, 0x7b, 0xff, 0x38, 0x8d, 0x7b, 0xff, 0x38, 0x8d, 0x7b, 0xff, 0x38, 0x8d, 0x7b, 0xff, 0x38, 0x8d, 0x7b, 0xff, 0x38, 0x8d, 0x7b, 0xff, 0x2c, 0x73, 0x4d, 0xff, 0x2c, 0x73, 0x4d, 0xff, 0x81, 0x21, 0x18, 0xff,
        0x71, 0x13, 0x13, 0xff, 0x1d, 0x5d, 0x3c, 0xff, 0x1d, 0x5d, 0x3c, 0xff, 0x1d, 0x5d, 0x3c, 0xff, 0x1d, 0x5d, 0x3c, 0xff, 0x1d, 0x5d, 0x3c, 0xff, 0x2c, 0x73, 0x4d, 0xff, 0x2c, 0x73, 0x4d, 0xff, 0x2c, 0x73, 0x4d, 0xff, 0x2c, 0x73, 0x4d, 0xff, 0x2c, 0x73, 0x4d, 0xff, 0x1d, 0x5d, 0x3c, 0xff, 0x1d, 0x5d, 0x3c, 0xff, 0x1d, 0x5d, 0x3c, 0xff, 0x71, 0x13, 0x13, 0xff,
        0x71, 0x13, 0x13, 0xff, 0xfa, 0xc9, 0x37, 0xff, 0xfa, 0xc9, 0x37, 0xff, 0xfa, 0xc9, 0x37, 0xff, 0x71, 0x41, 0x02, 0xff, 0x44, 0x2b, 0x11, 0xff, 0xfa, 0xc9, 0x37, 0xff, 0xfc, 0xdd, 0x51, 0xff, 0xfa, 0xc9, 0x37, 0xff, 0x71, 0x41, 0x02, 0xff, 0x44, 0x2b, 0x11, 0xff, 0xfa, 0xc9, 0x37, 0xff, 0xfc, 0xdd, 0x51, 0xff, 0xfa, 0xc9, 0x37, 0xff, 0x71, 0x13, 0x13, 0xff,
        0x81, 0x21, 0x18, 0xff, 0xfa, 0xc9, 0x37, 0xff, 0xfa, 0xc9, 0x37, 0xff, 0xfa, 0xc9, 0x37, 0xff, 0x71, 0x41, 0x02, 0xff, 0x5b, 0x36, 0x09, 0xff, 0xfa, 0xc9, 0x37, 0xff, 0xfc, 0xdd, 0x51, 0xff, 0xfa, 0xc9, 0x37, 0xff, 0x71, 0x41, 0x02, 0xff, 0x5b, 0x36, 0x09, 0xff, 0xfa, 0xc9, 0x37, 0xff, 0xfa, 0xc9, 0x37, 0xff, 0xfa, 0xc9, 0x37, 0xff, 0x81, 0x21, 0x18, 0xff,
        0x93, 0x31, 0x1d, 0xff, 0xfa, 0xc9, 0x37, 0xff, 0xfa, 0xc9, 0x37, 0xff, 0xfa, 0xc9, 0x37, 0xff, 0x71, 0x41, 0x02, 0xff, 0x71, 0x41, 0x02, 0xff, 0xfa, 0xc9, 0x37, 0xff, 0xfc, 0xdd, 0x51, 0xff, 0xfa, 0xc9, 0x37, 0xff, 0x71, 0x41, 0x02, 0xff, 0x71, 0x41, 0x02, 0xff, 0xfa, 0xc9, 0x37, 0xff, 0xfa, 0xc9, 0x37, 0xff, 0xfa, 0xc9, 0x37, 0xff, 0x93, 0x31, 0x1d, 0xff,
        0x93, 0x31, 0x1d, 0xff, 0xfa, 0xc9, 0x37, 0xff, 0xfa, 0xc9, 0x37, 0xff, 0xfa, 0xc9, 0x37, 0xff, 0xfc, 0xdd, 0x51, 0xff, 0xfc, 0xdd, 0x51, 0xff, 0xfa, 0xc9, 0x37, 0xff, 0xfa, 0xc9, 0x37, 0xff, 0xfa, 0xc9, 0x37, 0xff, 0xfc, 0xdd, 0x51, 0xff, 0xfc, 0xdd, 0x51, 0xff, 0xfa, 0xc9, 0x37, 0xff, 0xfa, 0xc9, 0x37, 0xff, 0xfa, 0xc9, 0x37, 0xff, 0x93, 0x31, 0x1d, 0xff,
        0x93, 0x31, 0x1d, 0xff, 0xfa, 0xc9, 0x37, 0xff, 0xfa, 0xc9, 0x37, 0xff, 0xf2, 0xb8, 0x2a, 0xff, 0xfa, 0xc9, 0x37, 0xff, 0xfa, 0xc9, 0x37, 0xff, 0xf2, 0xb8, 0x2a, 0xff, 0xfa, 0xc9, 0x37, 0xff, 0xfa, 0xc9, 0x37, 0xff, 0xfa, 0xc9, 0x37, 0xff, 0xfa, 0xc9, 0x37, 0xff, 0xf2, 0xb8, 0x2a, 0xff, 0xfa, 0xc9, 0x37, 0xff, 0xf2, 0xb8, 0x2a, 0xff, 0x93, 0x31, 0x1d, 0xff,
        0x93, 0x31, 0x1d, 0xff, 0xf2, 0xb8, 0x2a, 0xff, 0xf2, 0xb8, 0x2a, 0xff, 0xf2, 0xb8, 0x2a, 0xff, 0xf2, 0xb8, 0x2a, 0xff, 0xf2, 0xb8, 0x2a, 0xff, 0xf2, 0xb8, 0x2a, 0xff, 0xf2, 0xb8, 0x2a, 0xff, 0xf2, 0xb8, 0x2a, 0xff, 0xfa, 0xc9, 0x37, 0xff, 0xfa, 0xc9, 0x37, 0xff, 0xf2, 0xb8, 0x2a, 0xff, 0xf2, 0xb8, 0x2a, 0xff, 0xf2, 0xb8, 0x2a, 0xff, 0x93, 0x31, 0x1d, 0xff,
        0x81, 0x21, 0x18, 0xff, 0xf2, 0xb8, 0x2a, 0xff, 0xe8, 0xa5, 0x21, 0xff, 0xe8, 0xa5, 0x21, 0xff, 0xe8, 0xa5, 0x21, 0xff, 0xf2, 0xb8, 0x2a, 0xff, 0xf2, 0xb8, 0x2a, 0xff, 0xe8, 0xa5, 0x21, 0xff, 0xf2, 0xb8, 0x2a, 0xff, 0xf2, 0xb8, 0x2a, 0xff, 0xe8, 0xa5, 0x21, 0xff, 0xe8, 0xa5, 0x21, 0xff, 0xf2, 0xb8, 0x2a, 0xff, 0xf2, 0xb8, 0x2a, 0xff, 0x93, 0x31, 0x1d, 0xff,
        0x71, 0x13, 0x13, 0xff, 0xe8, 0xa5, 0x21, 0xff, 0xde, 0x8f, 0x27, 0xff, 0xe8, 0xa5, 0x21, 0xff, 0xde, 0x8f, 0x27, 0xff, 0xe8, 0xa5, 0x21, 0xff, 0xe8, 0xa5, 0x21, 0xff, 0xde, 0x8f, 0x27, 0xff, 0xe8, 0xa5, 0x21, 0xff, 0xe8, 0xa5, 0x21, 0xff, 0xe8, 0xa5, 0x21, 0xff, 0xde, 0x8f, 0x27, 0xff, 0xe8, 0xa5, 0x21, 0xff, 0xe8, 0xa5, 0x21, 0xff, 0x93, 0x31, 0x1d, 0xff,
        0x71, 0x13, 0x13, 0xff, 0xa5, 0x54, 0x01, 0xff, 0xa5, 0x54, 0x01, 0xff, 0xc3, 0x72, 0x15, 0xff, 0xc3, 0x72, 0x15, 0xff, 0xc3, 0x72, 0x15, 0xff, 0xc3, 0x72, 0x15, 0xff, 0xc3, 0x72, 0x15, 0xff, 0xc3, 0x72, 0x15, 0xff, 0xc3, 0x72, 0x15, 0xff, 0xc3, 0x72, 0x15, 0xff, 0xc3, 0x72, 0x15, 0xff, 0xa5, 0x54, 0x01, 0xff, 0xa5, 0x54, 0x01, 0xff, 0x93, 0x31, 0x1d, 0xff,
        0x71, 0x13, 0x13, 0xff, 0xde, 0x8f, 0x27, 0xff, 0xde, 0x8f, 0x27, 0xff, 0xde, 0x8f, 0x27, 0xff, 0xe8, 0xa5, 0x21, 0xff, 0xe8, 0xa5, 0x21, 0xff, 0xde, 0x8f, 0x27, 0xff, 0xe8, 0xa5, 0x21, 0xff, 0xe8, 0xa5, 0x21, 0xff, 0xe8, 0xa5, 0x21, 0xff, 0xde, 0x8f, 0x27, 0xff, 0xe8, 0xa5, 0x21, 0xff, 0xde, 0x8f, 0x27, 0xff, 0xde, 0x8f, 0x27, 0xff, 0x81, 0x21, 0x18, 0xff,
        0x71, 0x13, 0x13, 0xff, 0xf2, 0xb8, 0x2a, 0xff, 0xe8, 0xa5, 0x21, 0xff, 0xde, 0x8f, 0x27, 0xff, 0xf2, 0xb8, 0x2a, 0xff, 0xf2, 0xb8, 0x2a, 0xff, 0xe8, 0xa5, 0x21, 0xff, 0xf2, 0xb8, 0x2a, 0xff, 0xe8, 0xa5, 0x21, 0xff, 0xf2, 0xb8, 0x2a, 0xff, 0xde, 0x8f, 0x27, 0xff, 0xe8, 0xa5, 0x21, 0xff, 0xf2, 0xb8, 0x2a, 0xff, 0xf2, 0xb8, 0x2a, 0xff, 0x71, 0x13, 0x13, 0xff,
        0x1d, 0x5d, 0x3c, 0xff, 0xf2, 0xb8, 0x2a, 0xff, 0xf2, 0xb8, 0x2a, 0xff, 0xe8, 0xa5, 0x21, 0xff, 0xf2, 0xb8, 0x2a, 0xff, 0xf2, 0xb8, 0x2a, 0xff, 0xf2, 0xb8, 0x2a, 0xff, 0xf2, 0xb8, 0x2a, 0xff, 0xf2, 0xb8, 0x2a, 0xff, 0xf2, 0xb8, 0x2a, 0xff, 0xf2, 0xb8, 0x2a, 0xff, 0xf2, 0xb8, 0x2a, 0xff, 0xf2, 0xb8, 0x2a, 0xff, 0xf2, 0xb8, 0x2a, 0xff, 0x1d, 0x5d, 0x3c, 0xff,
        0x1d, 0x5d, 0x3c, 0xff, 0xf2, 0xb8, 0x2a, 0xff, 0xf2, 0xb8, 0x2a, 0xff, 0xf2, 0xb8, 0x2a, 0xff, 0xf2, 0xb8, 0x2a, 0xff, 0xf2, 0xb8, 0x2a, 0xff, 0xf2, 0xb8, 0x2a, 0xff, 0xf2, 0xb8, 0x2a, 0xff, 0xf2, 0xb8, 0x2a, 0xff, 0xf2, 0xb8, 0x2a, 0xff, 0xf2, 0xb8, 0x2a, 0xff, 0xf2, 0xb8, 0x2a, 0xff, 0xf2, 0xb8, 0x2a, 0xff, 0xf2, 0xb8, 0x2a, 0xff, 0x1d, 0x5d, 0x3c, 0xff,
        0x13, 0x47, 0x33, 0xff, 0xe8, 0xa5, 0x21, 0xff, 0xe8, 0xa5, 0x21, 0xff, 0xe8, 0xa5, 0x21, 0xff, 0xe8, 0xa5, 0x21, 0xff, 0xe8, 0xa5, 0x21, 0xff, 0xe8, 0xa5, 0x21, 0xff, 0xe8, 0xa5, 0x21, 0xff, 0xe8, 0xa5, 0x21, 0xff, 0xe8, 0xa5, 0x21, 0xff, 0xe8, 0xa5, 0x21, 0xff, 0xe8, 0xa5, 0x21, 0xff, 0xe8, 0xa5, 0x21, 0xff, 0xe8, 0xa5, 0x21, 0xff, 0x13, 0x47, 0x33, 0xff,
    ] },
    Builtin { id: "armadillo", name: "Armadillo", kind: Kind::Mob, w: 5, h: 8, rgba: &[
        0xa0, 0x64, 0x60, 0xff, 0xad, 0x71, 0x6d, 0xff, 0x00, 0x00, 0x00, 0x00, 0xad, 0x71, 0x6d, 0xff, 0xa0, 0x64, 0x60, 0xff,
        0xce, 0x75, 0x6d, 0xff, 0xa0, 0x64, 0x60, 0xff, 0x00, 0x00, 0x00, 0x00, 0xa0, 0x64, 0x60, 0xff, 0xce, 0x75, 0x6d, 0xff,
        0xbe, 0x64, 0x5c, 0xff, 0x96, 0x59, 0x54, 0xff, 0x00, 0x00, 0x00, 0x00, 0x96, 0x59, 0x54, 0xff, 0xbe, 0x64, 0x5c, 0xff,
        0xa0, 0x64, 0x60, 0xff, 0xb6, 0x7b, 0x76, 0xff, 0xad, 0x71, 0x6d, 0xff, 0xb6, 0x7b, 0x76, 0xff, 0xa0, 0x64, 0x60, 0xff,
        0xad, 0x71, 0x6d, 0xff, 0xc6, 0x88, 0x84, 0xff, 0xb6, 0x7b, 0x76, 0xff, 0xc6, 0x88, 0x84, 0xff, 0xad, 0x71, 0x6d, 0xff,
        0x20, 0x24, 0x31, 0xff, 0xad, 0x71, 0x6d, 0xff, 0xc6, 0x88, 0x84, 0xff, 0xad, 0x71, 0x6d, 0xff, 0x20, 0x24, 0x31, 0xff,
        0xdb, 0x91, 0x7e, 0xff, 0xc6, 0x83, 0x75, 0xff, 0xad, 0x71, 0x6d, 0xff, 0xc6, 0x83, 0x75, 0xff, 0xdb, 0x91, 0x7e, 0xff,
        0xce, 0x75, 0x6d, 0xff, 0xce, 0x75, 0x6d, 0xff, 0xe7, 0x8d, 0x85, 0xff, 0xce, 0x75, 0x6d, 0xff, 0xce, 0x75, 0x6d, 0xff,
    ] },
    Builtin { id: "camel", name: "Camel", kind: Kind::Mob, w: 13, h: 8, rgba: &[
        0x00, 0x00, 0x00, 0x00, 0x00, 0x00, 0x00, 0x00, 0x00, 0x00, 0x00, 0x00, 0xe9, 0xad, 0x4a, 0xff, 0x9c, 0x7f, 0x50, 0xff, 0xa8, 0x8a, 0x5b, 0xff, 0xa8, 0x8a, 0x5b, 0xff, 0xa8, 0x8a, 0x5b, 0xff, 0x9c, 0x7f, 0x50, 0xff, 0xe9, 0xad, 0x4a, 0xff, 0x00, 0x00, 0x00, 0x00, 0x00, 0x00, 0x00, 0x00, 0x00, 0x00, 0x00, 0x00,
        0xe9, 0xad, 0x4a, 0xff, 0xf5, 0xba, 0x5d, 0xff, 0xf5, 0xba, 0x5d, 0xff, 0x2f, 0x28, 0x1c, 0xff, 0x77, 0x5d, 0x33, 0xff, 0x5f, 0x48, 0x23, 0xff, 0x9c, 0x7f, 0x50, 0xff, 0x5f, 0x48, 0x23, 0xff, 0x77, 0x5d, 0x33, 0xff, 0x2f, 0x28, 0x1c, 0xff, 0xe9, 0xad, 0x4a, 0xff, 0xf5, 0xba, 0x5d, 0xff, 0xf5, 0xba, 0x5d, 0xff,
        0x00, 0x00, 0x00, 0x00, 0x00, 0x00, 0x00, 0x00, 0x00, 0x00, 0x00, 0x00, 0xe9, 0xad, 0x4a, 0xff, 0xe9, 0xad, 0x4a, 0xff, 0xa8, 0x8a, 0x5b, 0xff, 0x77, 0x5d, 0x33, 0xff, 0xa8, 0x8a, 0x5b, 0xff, 0xe9, 0xad, 0x4a, 0xff, 0xe9, 0xad, 0x4a, 0xff, 0x00, 0x00, 0x00, 0x00, 0x00, 0x00, 0x00, 0x00, 0x00, 0x00, 0x00, 0x00,
        0x00, 0x00, 0x00, 0x00, 0x00, 0x00, 0x00, 0x00, 0x00, 0x00, 0x00, 0x00, 0xf5, 0xba, 0x5d, 0xff, 0x5f, 0x48, 0x23, 0xff, 0x5f, 0x48, 0x23, 0xff, 0x5f, 0x48, 0x23, 0xff, 0x5f, 0x48, 0x23, 0xff, 0x5f, 0x48, 0x23, 0xff, 0xf5, 0xba, 0x5d, 0xff, 0x00, 0x00, 0x00, 0x00, 0x00, 0x00, 0x00, 0x00, 0x00, 0x00, 0x00, 0x00,
        0x00, 0x00, 0x00, 0x00, 0x00, 0x00, 0x00, 0x00, 0x00, 0x00, 0x00, 0x00, 0xf5, 0xba, 0x5d, 0xff, 0xa8, 0x8a, 0x5b, 0xff, 0xe9, 0xad, 0x4a, 0xff, 0xe9, 0xad, 0x4a, 0xff, 0xe9, 0xad, 0x4a, 0xff, 0xa8, 0x8a, 0x5b, 0xff, 0xf5, 0xba, 0x5d, 0xff, 0x00, 0x00, 0x00, 0x00, 0x00, 0x00, 0x00, 0x00, 0x00, 0x00, 0x00, 0x00,
        0x00, 0x00, 0x00, 0x00, 0x00, 0x00, 0x00, 0x00, 0x00, 0x00, 0x00, 0x00, 0xe9, 0xad, 0x4a, 0xff, 0xdb, 0x9f, 0x3d, 0xff, 0xb8, 0x82, 0x27, 0xff, 0xb8, 0x82, 0x27, 0xff, 0xb8, 0x82, 0x27, 0xff, 0xdb, 0x9f, 0x3d, 0xff, 0xe9, 0xad, 0x4a, 0xff, 0x00, 0x00, 0x00, 0x00, 0x00, 0x00, 0x00, 0x00, 0x00, 0x00, 0x00, 0x00,
        0x00, 0x00, 0x00, 0x00, 0x00, 0x00, 0x00, 0x00, 0x00, 0x00, 0x00, 0x00, 0xf5, 0xba, 0x5d, 0xff, 0xdb, 0x9f, 0x3d, 0xff, 0xdb, 0x9f, 0x3d, 0xff, 0xdb, 0x9f, 0x3d, 0xff, 0xdb, 0x9f, 0x3d, 0xff, 0xdb, 0x9f, 0x3d, 0xff, 0xf5, 0xba, 0x5d, 0xff, 0x00, 0x00, 0x00, 0x00, 0x00, 0x00, 0x00, 0x00, 0x00, 0x00, 0x00, 0x00,
        0x00, 0x00, 0x00, 0x00, 0x00, 0x00, 0x00, 0x00, 0x00, 0x00, 0x00, 0x00, 0xf5, 0xba, 0x5d, 0xff, 0xe9, 0xad, 0x4a, 0xff, 0xdb, 0x9f, 0x3d, 0xff, 0xdb, 0x9f, 0x3d, 0xff, 0xdb, 0x9f, 0x3d, 0xff, 0xe9, 0xad, 0x4a, 0xff, 0xf5, 0xba, 0x5d, 0xff, 0x00, 0x00, 0x00, 0x00, 0x00, 0x00, 0x00, 0x00, 0x00, 0x00, 0x00, 0x00,
    ] },
    Builtin { id: "copper_golem", name: "Copper Golem", kind: Kind::Mob, w: 8, h: 13, rgba: &[
        0x00, 0x00, 0x00, 0x00, 0x00, 0x00, 0x00, 0x00, 0xe3, 0x82, 0x6c, 0xff, 0xe3, 0x82, 0x6c, 0xff, 0xe3, 0x82, 0x6c, 0xff, 0xd6, 0x7b, 0x5b, 0xff, 0x00, 0x00, 0x00, 0x00, 0x00, 0x00, 0x00, 0x00,
        0x00, 0x00, 0x00, 0x00, 0x00, 0x00, 0x00, 0x00, 0xe3, 0x82, 0x6c, 0xff, 0xd6, 0x7b, 0x5b, 0xff, 0xbf, 0x6f, 0x54, 0xff, 0xd6, 0x7b, 0x5b, 0xff, 0x00, 0x00, 0x00, 0x00, 0x00, 0x00, 0x00, 0x00,
        0x00, 0x00, 0x00, 0x00, 0x00, 0x00, 0x00, 0x00, 0xe3, 0x82, 0x6c, 0xff, 0xbf, 0x6f, 0x54, 0xff, 0xa1, 0x57, 0x3f, 0xff, 0xd6, 0x7b, 0x5b, 0xff, 0x00, 0x00, 0x00, 0x00, 0x00, 0x00, 0x00, 0x00,
        0x00, 0x00, 0x00, 0x00, 0x00, 0x00, 0x00, 0x00, 0xd6, 0x7b, 0x5b, 0xff, 0xd6, 0x7b, 0x5b, 0xff, 0xd6, 0x7b, 0x5b, 0xff, 0xd6, 0x7b, 0x5b, 0xff, 0x00, 0x00, 0x00, 0x00, 0x00, 0x00, 0x00, 0x00,
        0x00, 0x00, 0x00, 0x00, 0x00, 0x00, 0x00, 0x00, 0x00, 0x00, 0x00, 0x00, 0xd6, 0x7b, 0x5b, 0xff, 0xd6, 0x7b, 0x5b, 0xff, 0x00, 0x00, 0x00, 0x00, 0x00, 0x00, 0x00, 0x00, 0x00, 0x00, 0x00, 0x00,
        0x00, 0x00, 0x00, 0x00, 0x00, 0x00, 0x00, 0x00, 0x00, 0x00, 0x00, 0x00, 0xbf, 0x6f, 0x54, 0xff, 0xd6, 0x7b, 0x5b, 0xff, 0x00, 0x00, 0x00, 0x00, 0x00, 0x00, 0x00, 0x00, 0x00, 0x00, 0x00, 0x00,
        0x00, 0x00, 0x00, 0x00, 0x00, 0x00, 0x00, 0x00, 0x00, 0x00, 0x00, 0x00, 0xad, 0x5f, 0x45, 0xff, 0xad, 0x5f, 0x45, 0xff, 0x00, 0x00, 0x00, 0x00, 0x00, 0x00, 0x00, 0x00, 0x00, 0x00, 0x00, 0x00,
        0xe3, 0x82, 0x6c, 0xff, 0xd6, 0x7b, 0x5b, 0xff, 0xbf, 0x6f, 0x54, 0xff, 0xbf, 0x6f, 0x54, 0xff, 0xbf, 0x6f, 0x54, 0xff, 0xbf, 0x6f, 0x54, 0xff, 0xd6, 0x7b, 0x5b, 0xff, 0xe3, 0x82, 0x6c, 0xff,
        0xbf, 0x6f, 0x54, 0xff, 0x7b, 0x37, 0x20, 0xff, 0x8a, 0x47, 0x30, 0xff, 0xd6, 0x7b, 0x5b, 0xff, 0xd6, 0x7b, 0x5b, 0xff, 0x8a, 0x47, 0x30, 0xff, 0x7b, 0x37, 0x20, 0xff, 0xbf, 0x6f, 0x54, 0xff,
        0x8a, 0x47, 0x30, 0xff, 0xff, 0xa8, 0x51, 0xff, 0xff, 0xdd, 0x99, 0xff, 0x8a, 0x47, 0x30, 0xff, 0x8a, 0x47, 0x30, 0xff, 0xff, 0xdd, 0x99, 0xff, 0xff, 0xa8, 0x51, 0xff, 0x8a, 0x47, 0x30, 0xff,
        0xad, 0x5f, 0x45, 0xff, 0xff, 0xdd, 0x99, 0xff, 0xff, 0xf7, 0xd2, 0xff, 0xad, 0x5f, 0x45, 0xff, 0xad, 0x5f, 0x45, 0xff, 0xff, 0xf7, 0xd2, 0xff, 0xff, 0xdd, 0x99, 0xff, 0xad, 0x5f, 0x45, 0xff,
        0xe3, 0x82, 0x6c, 0xff, 0xad, 0x5f, 0x45, 0xff, 0x7b, 0x37, 0x20, 0xff, 0xbf, 0x6f, 0x54, 0xff, 0xbf, 0x6f, 0x54, 0xff, 0x7b, 0x37, 0x20, 0xff, 0xad, 0x5f, 0x45, 0xff, 0xe3, 0x82, 0x6c, 0xff,
        0x00, 0x00, 0x00, 0x00, 0x00, 0x00, 0x00, 0x00, 0x00, 0x00, 0x00, 0x00, 0xd6, 0x7b, 0x5b, 0xff, 0xd6, 0x7b, 0x5b, 0xff, 0x00, 0x00, 0x00, 0x00, 0x00, 0x00, 0x00, 0x00, 0x00, 0x00, 0x00, 0x00,
    ] },
    Builtin { id: "wandering_trader", name: "Wandering Trader", kind: Kind::Mob, w: 8, h: 11, rgba: &[
        0x2c, 0x45, 0x6c, 0xff, 0x37, 0x54, 0x82, 0xff, 0x37, 0x54, 0x82, 0xff, 0x37, 0x54, 0x82, 0xff, 0x37, 0x54, 0x82, 0xff, 0x37, 0x54, 0x82, 0xff, 0x37, 0x54, 0x82, 0xff, 0x2c, 0x45, 0x6c, 0xff,
        0x24, 0x39, 0x5e, 0xff, 0x24, 0x39, 0x5e, 0xff, 0x2c, 0x45, 0x6c, 0xff, 0x2c, 0x45, 0x6c, 0xff, 0x2c, 0x45, 0x6c, 0xff, 0x2c, 0x45, 0x6c, 0xff, 0x24, 0x39, 0x5e, 0xff, 0x24, 0x39, 0x5e, 0xff,
        0x24, 0x39, 0x5e, 0xff, 0x24, 0x39, 0x5e, 0xff, 0x24, 0x39, 0x5e, 0xff, 0x24, 0x39, 0x5e, 0xff, 0x24, 0x39, 0x5e, 0xff, 0x24, 0x39, 0x5e, 0xff, 0x24, 0x39, 0x5e, 0xff, 0x24, 0x39, 0x5e, 0xff,
        0x2c, 0x45, 0x6c, 0xff, 0xa4, 0x5f, 0x1e, 0xff, 0xa4, 0x5f, 0x1e, 0xff, 0xcc, 0x8e, 0x29, 0xff, 0xcc, 0x8e, 0x29, 0xff, 0xa4, 0x5f, 0x1e, 0xff, 0xa4, 0x5f, 0x1e, 0xff, 0x2c, 0x45, 0x6c, 0xff,
        0xa4, 0x5f, 0x1e, 0xff, 0xa4, 0x5f, 0x1e, 0xff, 0x62, 0x0e, 0x00, 0xff, 0x81, 0x12, 0x00, 0xff, 0x81, 0x12, 0x00, 0xff, 0x62, 0x0e, 0x00, 0xff, 0xa4, 0x5f, 0x1e, 0xff, 0xa4, 0x5f, 0x1e, 0xff,
        0xcc, 0x8e, 0x29, 0xff, 0x33, 0x24, 0x11, 0xff, 0x33, 0x24, 0x11, 0xff, 0x33, 0x24, 0x11, 0xff, 0x33, 0x24, 0x11, 0xff, 0x33, 0x24, 0x11, 0xff, 0x33, 0x24, 0x11, 0xff, 0xcc, 0x8e, 0x29, 0xff,
        0xf2, 0xc0, 0x39, 0xff, 0xff, 0xff, 0xff, 0xff, 0x00, 0x96, 0x11, 0xff, 0xbd, 0x8b, 0x72, 0xff, 0xb0, 0x7a, 0x68, 0xff, 0x00, 0x96, 0x11, 0xff, 0xff, 0xff, 0xff, 0xff, 0xf2, 0xc0, 0x39, 0xff,
        0xf2, 0xc0, 0x39, 0xff, 0xb0, 0x7a, 0x68, 0xff, 0xb0, 0x7a, 0x68, 0xff, 0x90, 0x5e, 0x43, 0xff, 0x90, 0x5e, 0x43, 0xff, 0xb0, 0x7a, 0x68, 0xff, 0xb0, 0x7a, 0x68, 0xff, 0xf2, 0xc0, 0x39, 0xff,
        0xcc, 0x8e, 0x29, 0xff, 0x81, 0x12, 0x00, 0xff, 0x81, 0x12, 0x00, 0xff, 0x90, 0x5e, 0x43, 0xff, 0x90, 0x5e, 0x43, 0xff, 0x81, 0x12, 0x00, 0xff, 0x81, 0x12, 0x00, 0xff, 0xcc, 0x8e, 0x29, 0xff,
        0xa4, 0x5f, 0x1e, 0xff, 0x62, 0x0e, 0x00, 0xff, 0x62, 0x0e, 0x00, 0xff, 0x90, 0x5e, 0x43, 0xff, 0x90, 0x5e, 0x43, 0xff, 0x62, 0x0e, 0x00, 0xff, 0x62, 0x0e, 0x00, 0xff, 0xa4, 0x5f, 0x1e, 0xff,
        0x00, 0x00, 0x00, 0x00, 0x00, 0x00, 0x00, 0x00, 0x00, 0x00, 0x00, 0x00, 0x90, 0x5e, 0x43, 0xff, 0x90, 0x5e, 0x43, 0xff, 0x00, 0x00, 0x00, 0x00, 0x00, 0x00, 0x00, 0x00, 0x00, 0x00, 0x00, 0x00,
    ] },
    Builtin { id: "witch", name: "Witch", kind: Kind::Mob, w: 10, h: 21, rgba: &[
        0x00, 0x00, 0x00, 0x00, 0x00, 0x00, 0x00, 0x00, 0x00, 0x00, 0x00, 0x00, 0x00, 0x00, 0x00, 0x00, 0x00, 0x00, 0x00, 0x00, 0x27, 0x26, 0x26, 0xff, 0x00, 0x00, 0x00, 0x00, 0x00, 0x00, 0x00, 0x00, 0x00, 0x00, 0x00, 0x00, 0x00, 0x00, 0x00, 0x00,
        0x00, 0x00, 0x00, 0x00, 0x00, 0x00, 0x00, 0x00, 0x00, 0x00, 0x00, 0x00, 0x00, 0x00, 0x00, 0x00, 0x00, 0x00, 0x00, 0x00, 0x1e, 0x1e, 0x1e, 0xff, 0x00, 0x00, 0x00, 0x00, 0x00, 0x00, 0x00, 0x00, 0x00, 0x00, 0x00, 0x00, 0x00, 0x00, 0x00, 0x00,
        0x00, 0x00, 0x00, 0x00, 0x00, 0x00, 0x00, 0x00, 0x00, 0x00, 0x00, 0x00, 0x00, 0x00, 0x00, 0x00, 0x27, 0x26, 0x26, 0xff, 0x27, 0x26, 0x26, 0xff, 0x27, 0x26, 0x26, 0xff, 0x27, 0x26, 0x26, 0xff, 0x00, 0x00, 0x00, 0x00, 0x00, 0x00, 0x00, 0x00,
        0x00, 0x00, 0x00, 0x00, 0x00, 0x00, 0x00, 0x00, 0x00, 0x00, 0x00, 0x00, 0x00, 0x00, 0x00, 0x00, 0x1e, 0x1e, 0x1e, 0xff, 0x1e, 0x1e, 0x1e, 0xff, 0x1e, 0x1e, 0x1e, 0xff, 0x1e, 0x1e, 0x1e, 0xff, 0x00, 0x00, 0x00, 0x00, 0x00, 0x00, 0x00, 0x00,
        0x00, 0x00, 0x00, 0x00, 0x00, 0x00, 0x00, 0x00, 0x00, 0x00, 0x00, 0x00, 0x00, 0x00, 0x00, 0x00, 0x1e, 0x1e, 0x1e, 0xff, 0x1e, 0x1e, 0x1e, 0xff, 0x1e, 0x1e, 0x1e, 0xff, 0x1e, 0x1e, 0x1e, 0xff, 0x00, 0x00, 0x00, 0x00, 0x00, 0x00, 0x00, 0x00,
        0x00, 0x00, 0x00, 0x00, 0x00, 0x00, 0x00, 0x00, 0x00, 0x00, 0x00, 0x00, 0x00, 0x00, 0x00, 0x00, 0x1e, 0x1e, 0x1e, 0xff, 0x1e, 0x1e, 0x1e, 0xff, 0x1e, 0x1e, 0x1e, 0xff, 0x1e, 0x1e, 0x1e, 0xff, 0x00, 0x00, 0x00, 0x00, 0x00, 0x00, 0x00, 0x00,
        0x00, 0x00, 0x00, 0x00, 0x00, 0x00, 0x00, 0x00, 0x1e, 0x1e, 0x1e, 0xff, 0x1e, 0x1e, 0x1e, 0xff, 0x1e, 0x1e, 0x1e, 0xff, 0x18, 0x29, 0x1a, 0xff, 0x1e, 0x1e, 0x1e, 0xff, 0x1e, 0x1e, 0x1e, 0xff, 0x1e, 0x1e, 0x1e, 0xff, 0x00, 0x00, 0x00, 0x00,
        0x00, 0x00, 0x00, 0x00, 0x00, 0x00, 0x00, 0x00, 0x1e, 0x1e, 0x1e, 0xff, 0x1e, 0x1e, 0x1e, 0xff, 0x24, 0x40, 0x28, 0xff, 0x2f, 0x68, 0x35, 0xff, 0x24, 0x40, 0x28, 0xff, 0x1e, 0x1e, 0x1e, 0xff, 0x1e, 0x1e, 0x1e, 0xff, 0x00, 0x00, 0x00, 0x00,
        0x00, 0x00, 0x00, 0x00, 0x00, 0x00, 0x00, 0x00, 0x3a, 0x3a, 0x3a, 0xff, 0x47, 0x4f, 0x48, 0xff, 0x0c, 0x8b, 0x1a, 0xff, 0x25, 0xb4, 0x35, 0xff, 0x0c, 0x8b, 0x1a, 0xff, 0x47, 0x4f, 0x48, 0xff, 0x3a, 0x3a, 0x3a, 0xff, 0x00, 0x00, 0x00, 0x00,
        0x00, 0x00, 0x00, 0x00, 0x00, 0x00, 0x00, 0x00, 0x1e, 0x1e, 0x1e, 0xff, 0x27, 0x26, 0x26, 0xff, 0x24, 0x40, 0x28, 0xff, 0x2f, 0x68, 0x35, 0xff, 0x24, 0x40, 0x28, 0xff, 0x27, 0x26, 0x26, 0xff, 0x1e, 0x1e, 0x1e, 0xff, 0x00, 0x00, 0x00, 0x00,
        0x27, 0x26, 0x26, 0xff, 0x27, 0x26, 0x26, 0xff, 0x27, 0x26, 0x26, 0xff, 0x27, 0x26, 0x26, 0xff, 0x27, 0x26, 0x26, 0xff, 0x27, 0x26, 0x26, 0xff, 0x27, 0x26, 0x26, 0xff, 0x27, 0x26, 0x26, 0xff, 0x27, 0x26, 0x26, 0xff, 0x27, 0x26, 0x26, 0xff,
        0x1e, 0x1e, 0x1e, 0xff, 0x1e, 0x1e, 0x1e, 0xff, 0x1e, 0x1e, 0x1e, 0xff, 0x1e, 0x1e, 0x1e, 0xff, 0x1e, 0x1e, 0x1e, 0xff, 0x1e, 0x1e, 0x1e, 0xff, 0x1e, 0x1e, 0x1e, 0xff, 0x1e, 0x1e, 0x1e, 0xff, 0x1e, 0x1e, 0x1e, 0xff, 0x1e, 0x1e, 0x1e, 0xff,
        0x00, 0x00, 0x00, 0x00, 0xab, 0x9f, 0x8d, 0xff, 0xab, 0x9f, 0x8d, 0xff, 0xab, 0x9f, 0x8d, 0xff, 0xa3, 0x94, 0x83, 0xff, 0xa6, 0x9a, 0x88, 0xff, 0xa3, 0x94, 0x83, 0xff, 0xab, 0x9f, 0x8d, 0xff, 0xab, 0x9f, 0x8d, 0xff, 0x00, 0x00, 0x00, 0x00,
        0x00, 0x00, 0x00, 0x00, 0xab, 0x9f, 0x8d, 0xff, 0xa6, 0x9a, 0x88, 0xff, 0xa3, 0x94, 0x83, 0xff, 0xa3, 0x94, 0x83, 0xff, 0xa3, 0x94, 0x83, 0xff, 0xa3, 0x94, 0x83, 0xff, 0xab, 0x9f, 0x8d, 0xff, 0xab, 0x9f, 0x8d, 0xff, 0x00, 0x00, 0x00, 0x00,
        0x00, 0x00, 0x00, 0x00, 0xab, 0x9f, 0x8d, 0xff, 0xa3, 0x94, 0x83, 0xff, 0xa3, 0x94, 0x83, 0xff, 0xa3, 0x94, 0x83, 0xff, 0xa3, 0x94, 0x83, 0xff, 0xa3, 0x94, 0x83, 0xff, 0xab, 0x9f, 0x8d, 0xff, 0xa6, 0x9a, 0x88, 0xff, 0x00, 0x00, 0x00, 0x00,
        0x00, 0x00, 0x00, 0x00, 0xa3, 0x94, 0x83, 0xff, 0x2c, 0x29, 0x18, 0xff, 0x2c, 0x29, 0x18, 0xff, 0x2c, 0x29, 0x18, 0xff, 0x2c, 0x29, 0x18, 0xff, 0x2c, 0x29, 0x18, 0xff, 0x2c, 0x29, 0x18, 0xff, 0xa6, 0x9a, 0x88, 0xff, 0x00, 0x00, 0x00, 0x00,
        0x00, 0x00, 0x00, 0x00, 0xab, 0x9f, 0x8d, 0xff, 0xff, 0xff, 0xff, 0xff, 0x7a, 0x5e, 0x70, 0xff, 0xa3, 0x94, 0x83, 0xff, 0xa3, 0x94, 0x83, 0xff, 0x7a, 0x5e, 0x70, 0xff, 0xff, 0xff, 0xff, 0xff, 0xab, 0x9f, 0x8d, 0xff, 0x00, 0x00, 0x00, 0x00,
        0x00, 0x00, 0x00, 0x00, 0x80, 0x72, 0x5e, 0xff, 0xa0, 0x92, 0x80, 0xff, 0xab, 0x9d, 0x89, 0xff, 0x90, 0x5e, 0x43, 0xff, 0x90, 0x5e, 0x43, 0xff, 0xab, 0x9d, 0x89, 0xff, 0xa0, 0x92, 0x80, 0xff, 0x80, 0x72, 0x5e, 0xff, 0x00, 0x00, 0x00, 0x00,
        0x00, 0x00, 0x00, 0x00, 0x80, 0x72, 0x5e, 0xff, 0xa0, 0x92, 0x80, 0xff, 0xa0, 0x92, 0x80, 0xff, 0x90, 0x5e, 0x43, 0xff, 0x90, 0x5e, 0x43, 0xff, 0xa0, 0x92, 0x80, 0xff, 0xa0, 0x92, 0x80, 0xff, 0x80, 0x72, 0x5e, 0xff, 0x00, 0x00, 0x00, 0x00,
        0x00, 0x00, 0x00, 0x00, 0x80, 0x72, 0x5e, 0xff, 0xa0, 0x92, 0x80, 0xff, 0xa0, 0x92, 0x80, 0xff, 0x90, 0x5e, 0x43, 0xff, 0x8f, 0x6c, 0x53, 0xff, 0xa0, 0x92, 0x80, 0xff, 0xa0, 0x92, 0x80, 0xff, 0x80, 0x72, 0x5e, 0xff, 0x00, 0x00, 0x00, 0x00,
        0x00, 0x00, 0x00, 0x00, 0x00, 0x00, 0x00, 0x00, 0x00, 0x00, 0x00, 0x00, 0x00, 0x00, 0x00, 0x00, 0x90, 0x5e, 0x43, 0xff, 0x90, 0x5e, 0x43, 0xff, 0x00, 0x00, 0x00, 0x00, 0x00, 0x00, 0x00, 0x00, 0x00, 0x00, 0x00, 0x00, 0x00, 0x00, 0x00, 0x00,
    ] },
    Builtin { id: "pillager", name: "Pillager", kind: Kind::Mob, w: 8, h: 11, rgba: &[
        0x95, 0x9b, 0x9b, 0xff, 0x95, 0x9b, 0x9b, 0xff, 0x8e, 0x93, 0x93, 0xff, 0x95, 0x9b, 0x9b, 0xff, 0x95, 0x9b, 0x9b, 0xff, 0x95, 0xa0, 0xa0, 0xff, 0x95, 0x9b, 0x9b, 0xff, 0x95, 0x9b, 0x9b, 0xff,
        0x95, 0x9b, 0x9b, 0xff, 0x95, 0x9b, 0x9b, 0xff, 0x8e, 0x93, 0x93, 0xff, 0x95, 0x9b, 0x9b, 0xff, 0x95, 0x9b, 0x9b, 0xff, 0x95, 0x9b, 0x9b, 0xff, 0x95, 0x9b, 0x9b, 0xff, 0x95, 0x9b, 0x9b, 0xff,
        0x95, 0x9b, 0x9b, 0xff, 0x95, 0x9b, 0x9b, 0xff, 0x95, 0x9b, 0x9b, 0xff, 0x95, 0x9b, 0x9b, 0xff, 0x95, 0x9b, 0x9b, 0xff, 0x95, 0x9b, 0x9b, 0xff, 0x8e, 0x93, 0x93, 0xff, 0x95, 0x9b, 0x9b, 0xff,
        0x95, 0x9b, 0x9b, 0xff, 0x8e, 0x93, 0x93, 0xff, 0x8e, 0x93, 0x93, 0xff, 0x8e, 0x93, 0x93, 0xff, 0x8e, 0x93, 0x93, 0xff, 0x8e, 0x93, 0x93, 0xff, 0x8e, 0x93, 0x93, 0xff, 0x8e, 0x93, 0x93, 0xff,
        0x39, 0x39, 0x39, 0xff, 0x39, 0x39, 0x39, 0xff, 0x84, 0x89, 0x89, 0xff, 0x8e, 0x93, 0x93, 0xff, 0x8e, 0x93, 0x93, 0xff, 0x84, 0x89, 0x89, 0xff, 0x39, 0x39, 0x39, 0xff, 0x39, 0x39, 0x39, 0xff,
        0x25, 0x25, 0x25, 0xff, 0x39, 0x39, 0x39, 0xff, 0x39, 0x39, 0x39, 0xff, 0x93, 0x99, 0x99, 0xff, 0x93, 0x99, 0x99, 0xff, 0x39, 0x39, 0x39, 0xff, 0x39, 0x39, 0x39, 0xff, 0x25, 0x25, 0x25, 0xff,
        0x8e, 0x93, 0x93, 0xff, 0xff, 0xff, 0xff, 0xff, 0x32, 0x66, 0x3c, 0xff, 0x8e, 0x93, 0x93, 0xff, 0x8e, 0x93, 0x93, 0xff, 0x32, 0x66, 0x3c, 0xff, 0xff, 0xff, 0xff, 0xff, 0x8e, 0x93, 0x93, 0xff,
        0x73, 0x79, 0x79, 0xff, 0x88, 0x8e, 0x8e, 0xff, 0x90, 0x96, 0x96, 0xff, 0x68, 0x6e, 0x6e, 0xff, 0x68, 0x6e, 0x6e, 0xff, 0x93, 0x99, 0x99, 0xff, 0x88, 0x8e, 0x8e, 0xff, 0x73, 0x79, 0x79, 0xff,
        0x73, 0x79, 0x79, 0xff, 0x88, 0x8e, 0x8e, 0xff, 0x52, 0x58, 0x58, 0xff, 0x68, 0x6e, 0x6e, 0xff, 0x68, 0x6e, 0x6e, 0xff, 0x52, 0x58, 0x58, 0xff, 0x88, 0x8e, 0x8e, 0xff, 0x73, 0x79, 0x79, 0xff,
        0x68, 0x6e, 0x6e, 0xff, 0x88, 0x8e, 0x8e, 0xff, 0x52, 0x58, 0x58, 0xff, 0x68, 0x6e, 0x6e, 0xff, 0x68, 0x6e, 0x6e, 0xff, 0x52, 0x58, 0x58, 0xff, 0x88, 0x8e, 0x8e, 0xff, 0x68, 0x6e, 0x6e, 0xff,
        0x00, 0x00, 0x00, 0x00, 0x00, 0x00, 0x00, 0x00, 0x00, 0x00, 0x00, 0x00, 0x68, 0x6e, 0x6e, 0xff, 0x68, 0x6e, 0x6e, 0xff, 0x00, 0x00, 0x00, 0x00, 0x00, 0x00, 0x00, 0x00, 0x00, 0x00, 0x00, 0x00,
    ] },
    Builtin { id: "vindicator", name: "Vindicator", kind: Kind::Mob, w: 8, h: 11, rgba: &[
        0x95, 0x9b, 0x9b, 0xff, 0x95, 0x9b, 0x9b, 0xff, 0x8e, 0x93, 0x93, 0xff, 0x95, 0x9b, 0x9b, 0xff, 0x95, 0x9b, 0x9b, 0xff, 0x95, 0xa0, 0xa0, 0xff, 0x95, 0x9b, 0x9b, 0xff, 0x95, 0x9b, 0x9b, 0xff,
        0x95, 0x9b, 0x9b, 0xff, 0x95, 0x9b, 0x9b, 0xff, 0x8e, 0x93, 0x93, 0xff, 0x95, 0x9b, 0x9b, 0xff, 0x95, 0x9b, 0x9b, 0xff, 0x95, 0x9b, 0x9b, 0xff, 0x95, 0x9b, 0x9b, 0xff, 0x95, 0x9b, 0x9b, 0xff,
        0x95, 0x9b, 0x9b, 0xff, 0x95, 0x9b, 0x9b, 0xff, 0x95, 0x9b, 0x9b, 0xff, 0x95, 0x9b, 0x9b, 0xff, 0x95, 0x9b, 0x9b, 0xff, 0x95, 0x9b, 0x9b, 0xff, 0x8e, 0x93, 0x93, 0xff, 0x95, 0x9b, 0x9b, 0xff,
        0x95, 0x9b, 0x9b, 0xff, 0x8e, 0x93, 0x93, 0xff, 0x8e, 0x93, 0x93, 0xff, 0x8e, 0x93, 0x93, 0xff, 0x8e, 0x93, 0x93, 0xff, 0x8e, 0x93, 0x93, 0xff, 0x8e, 0x93, 0x93, 0xff, 0x8e, 0x93, 0x93, 0xff,
        0x39, 0x39, 0x39, 0xff, 0x39, 0x39, 0x39, 0xff, 0x84, 0x89, 0x89, 0xff, 0x8e, 0x93, 0x93, 0xff, 0x8e, 0x93, 0x93, 0xff, 0x84, 0x89, 0x89, 0xff, 0x39, 0x39, 0x39, 0xff, 0x39, 0x39, 0x39, 0xff,
        0x25, 0x25, 0x25, 0xff, 0x39, 0x39, 0x39, 0xff, 0x39, 0x39, 0x39, 0xff, 0x93, 0x99, 0x99, 0xff, 0x93, 0x99, 0x99, 0xff, 0x39, 0x39, 0x39, 0xff, 0x39, 0x39, 0x39, 0xff, 0x25, 0x25, 0x25, 0xff,
        0x8e, 0x93, 0x93, 0xff, 0xff, 0xff, 0xff, 0xff, 0x32, 0x55, 0x66, 0xff, 0x8e, 0x93, 0x93, 0xff, 0x8e, 0x93, 0x93, 0xff, 0x32, 0x55, 0x66, 0xff, 0xff, 0xff, 0xff, 0xff, 0x8e, 0x93, 0x93, 0xff,
        0x73, 0x79, 0x79, 0xff, 0x88, 0x8e, 0x8e, 0xff, 0x90, 0x96, 0x96, 0xff, 0x68, 0x6e, 0x6e, 0xff, 0x68, 0x6e, 0x6e, 0xff, 0x93, 0x99, 0x99, 0xff, 0x88, 0x8e, 0x8e, 0xff, 0x73, 0x79, 0x79, 0xff,
        0x73, 0x79, 0x79, 0xff, 0x88, 0x8e, 0x8e, 0xff, 0x52, 0x58, 0x58, 0xff, 0x68, 0x6e, 0x6e, 0xff, 0x68, 0x6e, 0x6e, 0xff, 0x52, 0x58, 0x58, 0xff, 0x88, 0x8e, 0x8e, 0xff, 0x73, 0x79, 0x79, 0xff,
        0x68, 0x6e, 0x6e, 0xff, 0x88, 0x8e, 0x8e, 0xff, 0x52, 0x58, 0x58, 0xff, 0x68, 0x6e, 0x6e, 0xff, 0x68, 0x6e, 0x6e, 0xff, 0x52, 0x58, 0x58, 0xff, 0x88, 0x8e, 0x8e, 0xff, 0x68, 0x6e, 0x6e, 0xff,
        0x00, 0x00, 0x00, 0x00, 0x00, 0x00, 0x00, 0x00, 0x00, 0x00, 0x00, 0x00, 0x68, 0x6e, 0x6e, 0xff, 0x68, 0x6e, 0x6e, 0xff, 0x00, 0x00, 0x00, 0x00, 0x00, 0x00, 0x00, 0x00, 0x00, 0x00, 0x00, 0x00,
    ] },
    Builtin { id: "evoker", name: "Evoker", kind: Kind::Mob, w: 8, h: 11, rgba: &[
        0x95, 0x9b, 0x9b, 0xff, 0x95, 0x9b, 0x9b, 0xff, 0x8e, 0x93, 0x93, 0xff, 0x95, 0x9b, 0x9b, 0xff, 0x95, 0x9b, 0x9b, 0xff, 0x95, 0xa0, 0xa0, 0xff, 0x95, 0x9b, 0x9b, 0xff, 0x95, 0x9b, 0x9b, 0xff,
        0x95, 0x9b, 0x9b, 0xff, 0x95, 0x9b, 0x9b, 0xff, 0x8e, 0x93, 0x93, 0xff, 0x95, 0x9b, 0x9b, 0xff, 0x95, 0x9b, 0x9b, 0xff, 0x95, 0x9b, 0x9b, 0xff, 0x95, 0x9b, 0x9b, 0xff, 0x95, 0x9b, 0x9b, 0xff,
        0x95, 0x9b, 0x9b, 0xff, 0x95, 0x9b, 0x9b, 0xff, 0x95, 0x9b, 0x9b, 0xff, 0x95, 0x9b, 0x9b, 0xff, 0x95, 0x9b, 0x9b, 0xff, 0x95, 0x9b, 0x9b, 0xff, 0x8e, 0x93, 0x93, 0xff, 0x95, 0x9b, 0x9b, 0xff,
        0x95, 0x9b, 0x9b, 0xff, 0x8e, 0x93, 0x93, 0xff, 0x8e, 0x93, 0x93, 0xff, 0x8e, 0x93, 0x93, 0xff, 0x8e, 0x93, 0x93, 0xff, 0x8e, 0x93, 0x93, 0xff, 0x8e, 0x93, 0x93, 0xff, 0x8e, 0x93, 0x93, 0xff,
        0x39, 0x39, 0x39, 0xff, 0x39, 0x39, 0x39, 0xff, 0x84, 0x89, 0x89, 0xff, 0x8e, 0x93, 0x93, 0xff, 0x8e, 0x93, 0x93, 0xff, 0x84, 0x89, 0x89, 0xff, 0x39, 0x39, 0x39, 0xff, 0x39, 0x39, 0x39, 0xff,
        0x25, 0x25, 0x25, 0xff, 0x39, 0x39, 0x39, 0xff, 0x39, 0x39, 0x39, 0xff, 0x93, 0x99, 0x99, 0xff, 0x93, 0x99, 0x99, 0xff, 0x39, 0x39, 0x39, 0xff, 0x39, 0x39, 0x39, 0xff, 0x25, 0x25, 0x25, 0xff,
        0x8e, 0x93, 0x93, 0xff, 0xff, 0xff, 0xff, 0xff, 0x32, 0x66, 0x3c, 0xff, 0x8e, 0x93, 0x93, 0xff, 0x8e, 0x93, 0x93, 0xff, 0x32, 0x66, 0x3c, 0xff, 0xff, 0xff, 0xff, 0xff, 0x8e, 0x93, 0x93, 0xff,
        0x73, 0x79, 0x79, 0xff, 0x88, 0x8e, 0x8e, 0xff, 0x90, 0x96, 0x96, 0xff, 0x68, 0x6e, 0x6e, 0xff, 0x68, 0x6e, 0x6e, 0xff, 0x93, 0x99, 0x99, 0xff, 0x88, 0x8e, 0x8e, 0xff, 0x73, 0x79, 0x79, 0xff,
        0x73, 0x79, 0x79, 0xff, 0x88, 0x8e, 0x8e, 0xff, 0x52, 0x58, 0x58, 0xff, 0x68, 0x6e, 0x6e, 0xff, 0x68, 0x6e, 0x6e, 0xff, 0x52, 0x58, 0x58, 0xff, 0x88, 0x8e, 0x8e, 0xff, 0x73, 0x79, 0x79, 0xff,
        0x68, 0x6e, 0x6e, 0xff, 0x88, 0x8e, 0x8e, 0xff, 0x52, 0x58, 0x58, 0xff, 0x68, 0x6e, 0x6e, 0xff, 0x68, 0x6e, 0x6e, 0xff, 0x52, 0x58, 0x58, 0xff, 0x88, 0x8e, 0x8e, 0xff, 0x68, 0x6e, 0x6e, 0xff,
        0x00, 0x00, 0x00, 0x00, 0x00, 0x00, 0x00, 0x00, 0x00, 0x00, 0x00, 0x00, 0x68, 0x6e, 0x6e, 0xff, 0x68, 0x6e, 0x6e, 0xff, 0x00, 0x00, 0x00, 0x00, 0x00, 0x00, 0x00, 0x00, 0x00, 0x00, 0x00, 0x00,
    ] },
    Builtin { id: "zombie_villager", name: "Zombie Villager", kind: Kind::Mob, w: 8, h: 11, rgba: &[
        0x5f, 0x7f, 0x37, 0xff, 0x77, 0xa0, 0x47, 0xff, 0x66, 0x8a, 0x3f, 0xff, 0x6c, 0x92, 0x43, 0xff, 0x77, 0xa0, 0x47, 0xff, 0x6c, 0x92, 0x43, 0xff, 0x88, 0xaa, 0x5b, 0xff, 0x77, 0xa0, 0x47, 0xff,
        0x55, 0x73, 0x35, 0xff, 0x66, 0x8a, 0x3f, 0xff, 0x66, 0x8a, 0x3f, 0xff, 0x77, 0xa0, 0x47, 0xff, 0x77, 0xa0, 0x47, 0xff, 0x66, 0x8a, 0x3f, 0xff, 0x77, 0xa0, 0x47, 0xff, 0x66, 0x8a, 0x3f, 0xff,
        0x55, 0x73, 0x35, 0xff, 0x66, 0x8a, 0x3f, 0xff, 0x5f, 0x7f, 0x37, 0xff, 0x6c, 0x92, 0x43, 0xff, 0x72, 0x84, 0x51, 0xff, 0x5e, 0x75, 0x45, 0xff, 0x77, 0xa0, 0x47, 0xff, 0x55, 0x73, 0x35, 0xff,
        0x4e, 0x6b, 0x30, 0xff, 0x66, 0x8a, 0x3f, 0xff, 0x66, 0x8a, 0x3f, 0xff, 0x5f, 0x7f, 0x37, 0xff, 0x5e, 0x75, 0x45, 0xff, 0x72, 0x84, 0x51, 0xff, 0x88, 0xaa, 0x5b, 0xff, 0x4e, 0x6b, 0x30, 0xff,
        0x41, 0x59, 0x28, 0xff, 0x72, 0x84, 0x51, 0xff, 0x76, 0x92, 0x4f, 0xff, 0x66, 0x8a, 0x3f, 0xff, 0x77, 0xa0, 0x47, 0xff, 0x88, 0xaa, 0x5b, 0xff, 0x76, 0x92, 0x4f, 0xff, 0x41, 0x59, 0x28, 0xff,
        0x41, 0x59, 0x28, 0xff, 0x33, 0x24, 0x11, 0xff, 0x33, 0x24, 0x11, 0xff, 0x33, 0x24, 0x11, 0xff, 0x33, 0x24, 0x11, 0xff, 0x33, 0x24, 0x11, 0xff, 0x33, 0x24, 0x11, 0xff, 0x41, 0x59, 0x28, 0xff,
        0x5f, 0x7f, 0x37, 0xff, 0xff, 0xff, 0xff, 0xff, 0x99, 0x2b, 0x2b, 0xff, 0x4e, 0x6b, 0x30, 0xff, 0x4e, 0x6b, 0x30, 0xff, 0x99, 0x2b, 0x2b, 0xff, 0xff, 0xff, 0xff, 0xff, 0x5f, 0x7f, 0x37, 0xff,
        0x31, 0x3d, 0x25, 0xff, 0x4e, 0x6b, 0x30, 0xff, 0x41, 0x59, 0x28, 0xff, 0x43, 0x4c, 0x24, 0xff, 0x4f, 0x51, 0x33, 0xff, 0x41, 0x59, 0x28, 0xff, 0x4e, 0x6b, 0x30, 0xff, 0x31, 0x3d, 0x25, 0xff,
        0x31, 0x3d, 0x25, 0xff, 0x41, 0x59, 0x28, 0xff, 0x2c, 0x3d, 0x1c, 0xff, 0x4f, 0x51, 0x33, 0xff, 0x43, 0x4c, 0x24, 0xff, 0x2c, 0x3d, 0x1c, 0xff, 0x41, 0x59, 0x28, 0xff, 0x31, 0x3d, 0x25, 0xff,
        0x31, 0x3d, 0x25, 0xff, 0x41, 0x59, 0x28, 0xff, 0x41, 0x59, 0x28, 0xff, 0x43, 0x4c, 0x24, 0xff, 0x43, 0x4c, 0x24, 0xff, 0x41, 0x59, 0x28, 0xff, 0x41, 0x59, 0x28, 0xff, 0x31, 0x3d, 0x25, 0xff,
        0x00, 0x00, 0x00, 0x00, 0x00, 0x00, 0x00, 0x00, 0x00, 0x00, 0x00, 0x00, 0x49, 0x41, 0x24, 0xff, 0x49, 0x41, 0x24, 0xff, 0x00, 0x00, 0x00, 0x00, 0x00, 0x00, 0x00, 0x00, 0x00, 0x00, 0x00, 0x00,
    ] },
    Builtin { id: "zombified_piglin", name: "Zombified Piglin", kind: Kind::Mob, w: 10, h: 8, rgba: &[
        0xbc, 0xbc, 0xbc, 0xff, 0xbc, 0xbc, 0xbc, 0xff, 0xbc, 0xbc, 0xbc, 0xff, 0xad, 0xab, 0xad, 0xff, 0x61, 0x7b, 0x32, 0xff, 0x54, 0x62, 0x24, 0xff, 0xf1, 0x9e, 0x98, 0xff, 0xee, 0xa5, 0xa4, 0xff, 0xee, 0xa5, 0xa4, 0xff, 0xe6, 0x79, 0x73, 0xff,
        0xcb, 0xc9, 0xc9, 0xff, 0xd3, 0xd3, 0xd3, 0xff, 0xd3, 0xd3, 0xd3, 0xff, 0xd3, 0xd3, 0xd3, 0xff, 0x69, 0x8e, 0x45, 0xff, 0x54, 0x62, 0x24, 0xff, 0xe4, 0x68, 0x6a, 0xff, 0xee, 0xa5, 0xa4, 0xff, 0xee, 0xa5, 0xa4, 0xff, 0xf1, 0x9e, 0x98, 0xff,
        0xd3, 0xd3, 0xd3, 0xff, 0xad, 0xab, 0xad, 0xff, 0xad, 0xab, 0xad, 0xff, 0xbc, 0xbc, 0xbc, 0xff, 0xd3, 0xd3, 0xd3, 0xff, 0x61, 0x7b, 0x32, 0xff, 0xe6, 0x79, 0x73, 0xff, 0xe6, 0x91, 0x8b, 0xff, 0xf1, 0x9e, 0x98, 0xff, 0xf1, 0x9e, 0x98, 0xff,
        0xd3, 0xd3, 0xd3, 0xff, 0x52, 0x4e, 0x4e, 0xff, 0x42, 0x3c, 0x3c, 0xff, 0xcb, 0xc9, 0xc9, 0xff, 0x54, 0x62, 0x24, 0xff, 0xb5, 0x84, 0x67, 0xff, 0xe6, 0x91, 0x8b, 0xff, 0xff, 0xf2, 0xf6, 0xff, 0xf1, 0x9e, 0x98, 0xff, 0xf1, 0x9e, 0x98, 0xff,
        0xcb, 0xc9, 0xc9, 0xff, 0x52, 0x4e, 0x4e, 0xff, 0x52, 0x4e, 0x4e, 0xff, 0xad, 0xab, 0xad, 0xff, 0x69, 0x8e, 0x45, 0xff, 0xe6, 0x91, 0x8b, 0xff, 0xe6, 0x91, 0x8b, 0xff, 0xe6, 0x91, 0x8b, 0xff, 0x61, 0x7b, 0x32, 0xff, 0xe6, 0x91, 0x8b, 0xff,
        0xcb, 0xc9, 0xc9, 0xff, 0xcb, 0xc9, 0xc9, 0xff, 0x8e, 0x8d, 0x8e, 0xff, 0x42, 0x3c, 0x3c, 0xff, 0x69, 0x8e, 0x45, 0xff, 0xe6, 0x79, 0x73, 0xff, 0x80, 0x35, 0x34, 0xff, 0xe6, 0x79, 0x73, 0xff, 0xb5, 0x84, 0x67, 0xff, 0x54, 0x62, 0x24, 0xff,
        0xcb, 0xc9, 0xc9, 0xff, 0xcb, 0xc9, 0xc9, 0xff, 0xe0, 0xe0, 0xe0, 0xff, 0x52, 0x4e, 0x4e, 0xff, 0x97, 0x97, 0x97, 0xff, 0x61, 0x7b, 0x32, 0xff, 0x8d, 0x39, 0x37, 0xff, 0xe0, 0xe0, 0xe0, 0xff, 0x54, 0x62, 0x24, 0xff, 0x61, 0x7b, 0x32, 0xff,
        0xad, 0xab, 0xad, 0xff, 0xad, 0xab, 0xad, 0xff, 0xca, 0xca, 0xca, 0xff, 0xca, 0xca, 0xca, 0xff, 0x97, 0x97, 0x97, 0xff, 0x69, 0x8e, 0x45, 0xff, 0xca, 0xca, 0xca, 0xff, 0xca, 0xca, 0xca, 0xff, 0x61, 0x7b, 0x32, 0xff, 0xad, 0xab, 0xad, 0xff,
    ] },
    Builtin { id: "piglin_brute", name: "Piglin Brute", kind: Kind::Mob, w: 10, h: 8, rgba: &[
        0xe8, 0xa0, 0x74, 0xff, 0xf2, 0xba, 0x86, 0xff, 0xe8, 0xa0, 0x74, 0xff, 0xf2, 0xba, 0x86, 0xff, 0xf2, 0xba, 0x86, 0xff, 0xe8, 0xa0, 0x74, 0xff, 0xe8, 0xa0, 0x74, 0xff, 0xf2, 0xba, 0x86, 0xff, 0xf2, 0xba, 0x86, 0xff, 0xe8, 0xa0, 0x74, 0xff,
        0xf2, 0xba, 0x86, 0xff, 0xe8, 0xa0, 0x74, 0xff, 0xe8, 0xa0, 0x74, 0xff, 0xe8, 0xa0, 0x74, 0xff, 0xe8, 0xa0, 0x74, 0xff, 0xe8, 0xa0, 0x74, 0xff, 0xe8, 0xa0, 0x74, 0xff, 0xab, 0x4a, 0x38, 0xff, 0xe8, 0xa0, 0x74, 0xff, 0xf2, 0xba, 0x86, 0xff,
        0xf2, 0xba, 0x86, 0xff, 0xf2, 0xba, 0x86, 0xff, 0xf2, 0xba, 0x86, 0xff, 0xe8, 0xa0, 0x74, 0xff, 0xe8, 0xa0, 0x74, 0xff, 0xe8, 0xa0, 0x74, 0xff, 0xe8, 0xa0, 0x74, 0xff, 0xd0, 0x68, 0x58, 0xff, 0xf2, 0xba, 0x86, 0xff, 0xf2, 0xba, 0x86, 0xff,
        0xd5, 0x95, 0x7a, 0xff, 0xc9, 0x82, 0x65, 0xff, 0xff, 0xff, 0xff, 0xff, 0xc9, 0x82, 0x65, 0xff, 0xe8, 0xa0, 0x74, 0xff, 0xe8, 0xa0, 0x74, 0xff, 0xc9, 0x82, 0x65, 0xff, 0xff, 0xff, 0xff, 0xff, 0xc9, 0x82, 0x65, 0xff, 0xd5, 0x95, 0x7a, 0xff,
        0xe8, 0xa0, 0x74, 0xff, 0xe8, 0xa0, 0x74, 0xff, 0xba, 0x66, 0x45, 0xff, 0xf2, 0xba, 0x86, 0xff, 0xf2, 0xba, 0x86, 0xff, 0xf2, 0xba, 0x86, 0xff, 0xf2, 0xba, 0x86, 0xff, 0xd0, 0x68, 0x58, 0xff, 0xe8, 0xa0, 0x74, 0xff, 0xe8, 0xa0, 0x74, 0xff,
        0xd5, 0x95, 0x7a, 0xff, 0xba, 0x66, 0x45, 0xff, 0xc9, 0x82, 0x65, 0xff, 0x7a, 0x26, 0x21, 0xff, 0xe8, 0xa0, 0x74, 0xff, 0xe8, 0xa0, 0x74, 0xff, 0x7a, 0x26, 0x21, 0xff, 0xab, 0x4a, 0x38, 0xff, 0xba, 0x66, 0x45, 0xff, 0xd5, 0x95, 0x7a, 0xff,
        0xc9, 0x82, 0x65, 0xff, 0xba, 0x66, 0x45, 0xff, 0xff, 0xed, 0xa8, 0xff, 0xa1, 0x3e, 0x38, 0xff, 0xe8, 0xa0, 0x74, 0xff, 0xe8, 0xa0, 0x74, 0xff, 0xa1, 0x3e, 0x38, 0xff, 0xff, 0xed, 0xa8, 0xff, 0xba, 0x66, 0x45, 0xff, 0xc9, 0x82, 0x65, 0xff,
        0xba, 0x66, 0x45, 0xff, 0xad, 0x55, 0x32, 0xff, 0xcc, 0xcc, 0x83, 0xff, 0xc2, 0xc2, 0x74, 0xff, 0xc9, 0x82, 0x65, 0xff, 0xc9, 0x82, 0x65, 0xff, 0xc2, 0xc2, 0x74, 0xff, 0xcc, 0xcc, 0x83, 0xff, 0xad, 0x55, 0x32, 0xff, 0xba, 0x66, 0x45, 0xff,
    ] },
    Builtin { id: "hoglin", name: "Hoglin", kind: Kind::Mob, w: 16, h: 19, rgba: &[
        0x00, 0x00, 0x00, 0x00, 0xbb, 0x72, 0x5b, 0xff, 0xbb, 0x72, 0x5b, 0xff, 0xbb, 0x72, 0x5b, 0xff, 0xc9, 0x82, 0x65, 0xff, 0xd5, 0x95, 0x7a, 0xff, 0xd5, 0x95, 0x7a, 0xff, 0xbb, 0x72, 0x5b, 0xff, 0xc9, 0x82, 0x65, 0xff, 0xd5, 0x95, 0x7a, 0xff, 0xd5, 0x95, 0x7a, 0xff, 0xc9, 0x82, 0x65, 0xff, 0xbb, 0x72, 0x5b, 0xff, 0xbb, 0x72, 0x5b, 0xff, 0xbb, 0x72, 0x5b, 0xff, 0x00, 0x00, 0x00, 0x00,
        0x00, 0x00, 0x00, 0x00, 0xd5, 0x95, 0x7a, 0xff, 0xbb, 0x72, 0x5b, 0xff, 0xc9, 0x82, 0x65, 0xff, 0xc9, 0x82, 0x65, 0xff, 0xd5, 0x95, 0x7a, 0xff, 0xd5, 0x95, 0x7a, 0xff, 0xc9, 0x82, 0x65, 0xff, 0xd5, 0x95, 0x7a, 0xff, 0xd5, 0x95, 0x7a, 0xff, 0xd5, 0x95, 0x7a, 0xff, 0xc9, 0x82, 0x65, 0xff, 0xc9, 0x82, 0x65, 0xff, 0xbb, 0x72, 0x5b, 0xff, 0xd5, 0x95, 0x7a, 0xff, 0x00, 0x00, 0x00, 0x00,
        0x00, 0x00, 0x00, 0x00, 0xd5, 0x95, 0x7a, 0xff, 0xe8, 0xa0, 0x74, 0xff, 0xc9, 0x82, 0x65, 0xff, 0xd5, 0x95, 0x7a, 0xff, 0xd5, 0x95, 0x7a, 0xff, 0xe8, 0xa0, 0x74, 0xff, 0xd5, 0x95, 0x7a, 0xff, 0xd5, 0x95, 0x7a, 0xff, 0xe8, 0xa0, 0x74, 0xff, 0xd5, 0x95, 0x7a, 0xff, 0xd5, 0x95, 0x7a, 0xff, 0xc9, 0x82, 0x65, 0xff, 0xe8, 0xa0, 0x74, 0xff, 0xd5, 0x95, 0x7a, 0xff, 0x00, 0x00, 0x00, 0x00,
        0x00, 0x00, 0x00, 0x00, 0xc9, 0x82, 0x65, 0xff, 0xd5, 0x95, 0x7a, 0xff, 0xc9, 0x82, 0x65, 0xff, 0xd5, 0x95, 0x7a, 0xff, 0xd5, 0x95, 0x7a, 0xff, 0xd5, 0x95, 0x7a, 0xff, 0xe8, 0xa0, 0x74, 0xff, 0xd5, 0x95, 0x7a, 0xff, 0xd5, 0x95, 0x7a, 0xff, 0xd5, 0x95, 0x7a, 0xff, 0xd5, 0x95, 0x7a, 0xff, 0xc9, 0x82, 0x65, 0xff, 0xd5, 0x95, 0x7a, 0xff, 0xc9, 0x82, 0x65, 0xff, 0x00, 0x00, 0x00, 0x00,
        0x00, 0x00, 0x00, 0x00, 0xbb, 0x72, 0x5b, 0xff, 0xc9, 0x82, 0x65, 0xff, 0xbb, 0x72, 0x5b, 0xff, 0xc9, 0x82, 0x65, 0xff, 0xd5, 0x95, 0x7a, 0xff, 0xd5, 0x95, 0x7a, 0xff, 0xe8, 0xa0, 0x74, 0xff, 0xe8, 0xa0, 0x74, 0xff, 0xd5, 0x95, 0x7a, 0xff, 0xd5, 0x95, 0x7a, 0xff, 0xc9, 0x82, 0x65, 0xff, 0xbb, 0x72, 0x5b, 0xff, 0xc9, 0x82, 0x65, 0xff, 0xbb, 0x72, 0x5b, 0xff, 0x00, 0x00, 0x00, 0x00,
        0xff, 0xff, 0xae, 0xff, 0xff, 0xff, 0xae, 0xff, 0xa5, 0x63, 0x50, 0xff, 0xbb, 0x72, 0x5b, 0xff, 0xc9, 0x82, 0x65, 0xff, 0xd5, 0x95, 0x7a, 0xff, 0xe8, 0xa0, 0x74, 0xff, 0xe8, 0xa0, 0x74, 0xff, 0xe8, 0xa0, 0x74, 0xff, 0xe8, 0xa0, 0x74, 0xff, 0xd5, 0x95, 0x7a, 0xff, 0xc9, 0x82, 0x65, 0xff, 0xbb, 0x72, 0x5b, 0xff, 0xa5, 0x63, 0x50, 0xff, 0xff, 0xff, 0xae, 0xff, 0xff, 0xff, 0xae, 0xff,
        0xff, 0xff, 0xae, 0xff, 0xe5, 0xda, 0x95, 0xff, 0xff, 0xff, 0xff, 0xff, 0xd5, 0x95, 0x7a, 0xff, 0xe8, 0xa0, 0x74, 0xff, 0xd5, 0x95, 0x7a, 0xff, 0xe8, 0xa0, 0x74, 0xff, 0xe8, 0xa0, 0x74, 0xff, 0xe8, 0xa0, 0x74, 0xff, 0xe8, 0xa0, 0x74, 0xff, 0xd5, 0x95, 0x7a, 0xff, 0xe8, 0xa0, 0x74, 0xff, 0xd5, 0x95, 0x7a, 0xff, 0xff, 0xff, 0xff, 0xff, 0xff, 0xff, 0xae, 0xff, 0xe5, 0xda, 0x95, 0xff,
        0xff, 0xff, 0xae, 0xff, 0xe5, 0xda, 0x95, 0xff, 0xe8, 0xa0, 0x74, 0xff, 0xe8, 0xa0, 0x74, 0xff, 0xd5, 0x95, 0x7a, 0xff, 0xd5, 0x95, 0x7a, 0xff, 0xe8, 0xa0, 0x74, 0xff, 0xe8, 0xa0, 0x74, 0xff, 0xe8, 0xa0, 0x74, 0xff, 0xe8, 0xa0, 0x74, 0xff, 0xd5, 0x95, 0x7a, 0xff, 0xd5, 0x95, 0x7a, 0xff, 0xe8, 0xa0, 0x74, 0xff, 0xe8, 0xa0, 0x74, 0xff, 0xff, 0xff, 0xae, 0xff, 0xe5, 0xda, 0x95, 0xff,
        0xe5, 0xda, 0x95, 0xff, 0xe5, 0xda, 0x95, 0xff, 0xe8, 0xa0, 0x74, 0xff, 0xd5, 0x95, 0x7a, 0xff, 0xc9, 0x82, 0x65, 0xff, 0xc9, 0x82, 0x65, 0xff, 0xd5, 0x95, 0x7a, 0xff, 0xd5, 0x95, 0x7a, 0xff, 0xd5, 0x95, 0x7a, 0xff, 0xd5, 0x95, 0x7a, 0xff, 0xc9, 0x82, 0x65, 0xff, 0xc9, 0x82, 0x65, 0xff, 0xd5, 0x95, 0x7a, 0xff, 0xe8, 0xa0, 0x74, 0xff, 0xe5, 0xda, 0x95, 0xff, 0xe5, 0xda, 0x95, 0xff,
        0xdc, 0xc4, 0x73, 0xff, 0xdc, 0xc4, 0x73, 0xff, 0xa5, 0x63, 0x50, 0xff, 0xc9, 0x82, 0x65, 0xff, 0xd5, 0x95, 0x7a, 0xff, 0xc9, 0x82, 0x65, 0xff, 0xd5, 0x95, 0x7a, 0xff, 0xd5, 0x95, 0x7a, 0xff, 0xd5, 0x95, 0x7a, 0xff, 0xc9, 0x82, 0x65, 0xff, 0xc9, 0x82, 0x65, 0xff, 0xd5, 0x95, 0x7a, 0xff, 0xc9, 0x82, 0x65, 0xff, 0xa5, 0x63, 0x50, 0xff, 0xdc, 0xc4, 0x73, 0xff, 0xdc, 0xc4, 0x73, 0xff,
        0xdc, 0xc4, 0x73, 0xff, 0xdc, 0xc4, 0x73, 0xff, 0xa5, 0x63, 0x50, 0xff, 0xc9, 0x82, 0x65, 0xff, 0xc9, 0x82, 0x65, 0xff, 0xd5, 0x95, 0x7a, 0xff, 0xe8, 0xa0, 0x74, 0xff, 0xe8, 0xa0, 0x74, 0xff, 0xe8, 0xa0, 0x74, 0xff, 0xe8, 0xa0, 0x74, 0xff, 0xd5, 0x95, 0x7a, 0xff, 0xc9, 0x82, 0x65, 0xff, 0xc9, 0x82, 0x65, 0xff, 0xa5, 0x63, 0x50, 0xff, 0xdc, 0xc4, 0x73, 0xff, 0xdc, 0xc4, 0x73, 0xff,
        0xd8, 0xb6, 0x63, 0xff, 0xd8, 0xb6, 0x63, 0xff, 0xbb, 0x72, 0x5b, 0xff, 0xd5, 0x95, 0x7a, 0xff, 0xd5, 0x95, 0x7a, 0xff, 0xe8, 0xa0, 0x74, 0xff, 0xe8, 0xa0, 0x74, 0xff, 0xe8, 0xa0, 0x74, 0xff, 0xe8, 0xa0, 0x74, 0xff, 0xe8, 0xa0, 0x74, 0xff, 0xe8, 0xa0, 0x74, 0xff, 0xd5, 0x95, 0x7a, 0xff, 0xd5, 0x95, 0x7a, 0xff, 0xd5, 0x95, 0x7a, 0xff, 0xd8, 0xb6, 0x63, 0xff, 0xd8, 0xb6, 0x63, 0xff,
        0x00, 0x00, 0x00, 0x00, 0xa5, 0x63, 0x50, 0xff, 0xbb, 0x72, 0x5b, 0xff, 0xbb, 0x72, 0x5b, 0xff, 0xbb, 0x72, 0x5b, 0xff, 0xbb, 0x72, 0x5b, 0xff, 0xc9, 0x82, 0x65, 0xff, 0xc9, 0x82, 0x65, 0xff, 0xc9, 0x82, 0x65, 0xff, 0xc9, 0x82, 0x65, 0xff, 0xbb, 0x72, 0x5b, 0xff, 0xbb, 0x72, 0x5b, 0xff, 0xbb, 0x72, 0x5b, 0xff, 0xbb, 0x72, 0x5b, 0xff, 0xa5, 0x63, 0x50, 0xff, 0x00, 0x00, 0x00, 0x00,
        0x00, 0x00, 0x00, 0x00, 0xa5, 0x63, 0x50, 0xff, 0xc9, 0x82, 0x65, 0xff, 0xc9, 0x82, 0x65, 0xff, 0xc9, 0x82, 0x65, 0xff, 0xc9, 0x82, 0x65, 0xff, 0xc9, 0x82, 0x65, 0xff, 0xc9, 0x82, 0x65, 0xff, 0xc9, 0x82, 0x65, 0xff, 0xc9, 0x82, 0x65, 0xff, 0xc9, 0x82, 0x65, 0xff, 0xc9, 0x82, 0x65, 0xff, 0xc9, 0x82, 0x65, 0xff, 0xc9, 0x82, 0x65, 0xff, 0xa5, 0x63, 0x50, 0xff, 0x00, 0x00, 0x00, 0x00,
        0x00, 0x00, 0x00, 0x00, 0xbb, 0x72, 0x5b, 0xff, 0xd5, 0x95, 0x7a, 0xff, 0xd5, 0x95, 0x7a, 0xff, 0xe8, 0xa0, 0x74, 0xff, 0xe8, 0xa0, 0x74, 0xff, 0xe8, 0xa0, 0x74, 0xff, 0xe8, 0xa0, 0x74, 0xff, 0xe8, 0xa0, 0x74, 0xff, 0xe8, 0xa0, 0x74, 0xff, 0xe8, 0xa0, 0x74, 0xff, 0xe8, 0xa0, 0x74, 0xff, 0xd5, 0x95, 0x7a, 0xff, 0xd5, 0x95, 0x7a, 0xff, 0xbb, 0x72, 0x5b, 0xff, 0x00, 0x00, 0x00, 0x00,
        0x00, 0x00, 0x00, 0x00, 0xe8, 0xa0, 0x74, 0xff, 0xe8, 0xa0, 0x74, 0xff, 0xe8, 0xa0, 0x74, 0xff, 0xe8, 0xa0, 0x74, 0xff, 0xe8, 0xa0, 0x74, 0xff, 0xd5, 0x95, 0x7a, 0xff, 0xe8, 0xa0, 0x74, 0xff, 0xe8, 0xa0, 0x74, 0xff, 0xd5, 0x95, 0x7a, 0xff, 0xc9, 0x82, 0x65, 0xff, 0xc9, 0x82, 0x65, 0xff, 0xc9, 0x82, 0x65, 0xff, 0xd5, 0x95, 0x7a, 0xff, 0xe8, 0xa0, 0x74, 0xff, 0x00, 0x00, 0x00, 0x00,
        0x00, 0x00, 0x00, 0x00, 0xd5, 0x95, 0x7a, 0xff, 0xc9, 0x82, 0x65, 0xff, 0x95, 0x5b, 0x4a, 0xff, 0x95, 0x5b, 0x4a, 0xff, 0xc9, 0x82, 0x65, 0xff, 0xd5, 0x95, 0x7a, 0xff, 0xe8, 0xa0, 0x74, 0xff, 0xe8, 0xa0, 0x74, 0xff, 0xc9, 0x82, 0x65, 0xff, 0x95, 0x5b, 0x4a, 0xff, 0x95, 0x5b, 0x4a, 0xff, 0xa5, 0x63, 0x50, 0xff, 0xd5, 0x95, 0x7a, 0xff, 0xd5, 0x95, 0x7a, 0xff, 0x00, 0x00, 0x00, 0x00,
        0x00, 0x00, 0x00, 0x00, 0xd5, 0x95, 0x7a, 0xff, 0xd5, 0x95, 0x7a, 0xff, 0xa5, 0x63, 0x50, 0xff, 0x95, 0x5b, 0x4a, 0xff, 0xc9, 0x82, 0x65, 0xff, 0xd5, 0x95, 0x7a, 0xff, 0xd5, 0x95, 0x7a, 0xff, 0xd5, 0x95, 0x7a, 0xff, 0xc9, 0x82, 0x65, 0xff, 0xa5, 0x63, 0x50, 0xff, 0xa5, 0x63, 0x50, 0xff, 0xa5, 0x63, 0x50, 0xff, 0xd5, 0x95, 0x7a, 0xff, 0xd5, 0x95, 0x7a, 0xff, 0x00, 0x00, 0x00, 0x00,
        0x00, 0x00, 0x00, 0x00, 0xa5, 0x63, 0x50, 0xff, 0xbb, 0x72, 0x5b, 0xff, 0xbb, 0x72, 0x5b, 0xff, 0xa5, 0x63, 0x50, 0xff, 0xa5, 0x63, 0x50, 0xff, 0xa5, 0x63, 0x50, 0xff, 0xbb, 0x72, 0x5b, 0xff, 0xbb, 0x72, 0x5b, 0xff, 0xbb, 0x72, 0x5b, 0xff, 0xa5, 0x63, 0x50, 0xff, 0xa5, 0x63, 0x50, 0xff, 0xbb, 0x72, 0x5b, 0xff, 0xbb, 0x72, 0x5b, 0xff, 0xa5, 0x63, 0x50, 0xff, 0x00, 0x00, 0x00, 0x00,
    ] },
    Builtin { id: "zoglin", name: "Zoglin", kind: Kind::Mob, w: 16, h: 19, rgba: &[
        0x00, 0x00, 0x00, 0x00, 0x45, 0x4b, 0x4e, 0xff, 0x60, 0x64, 0x65, 0xff, 0x45, 0x4b, 0x4e, 0xff, 0x45, 0x4b, 0x4e, 0xff, 0x21, 0x2c, 0x35, 0xff, 0x21, 0x2c, 0x35, 0xff, 0x21, 0x2c, 0x35, 0xff, 0xdf, 0x7f, 0x77, 0xff, 0xe9, 0x90, 0x89, 0xff, 0xe9, 0x90, 0x89, 0xff, 0xdf, 0x7f, 0x77, 0xff, 0xdf, 0x71, 0x6b, 0xff, 0xdf, 0x71, 0x6b, 0xff, 0xdf, 0x71, 0x6b, 0xff, 0x00, 0x00, 0x00, 0x00,
        0x00, 0x00, 0x00, 0x00, 0xe9, 0x90, 0x89, 0xff, 0xdf, 0x71, 0x6b, 0xff, 0xdf, 0x7f, 0x77, 0xff, 0xdf, 0x7f, 0x77, 0xff, 0xe9, 0x90, 0x89, 0xff, 0xe9, 0x90, 0x89, 0xff, 0xdf, 0x7f, 0x77, 0xff, 0xe9, 0x90, 0x89, 0xff, 0xe9, 0x90, 0x89, 0xff, 0xe9, 0x90, 0x89, 0xff, 0xdf, 0x7f, 0x77, 0xff, 0xdf, 0x7f, 0x77, 0xff, 0xdf, 0x71, 0x6b, 0xff, 0xe9, 0x90, 0x89, 0xff, 0x00, 0x00, 0x00, 0x00,
        0x00, 0x00, 0x00, 0x00, 0xe9, 0x90, 0x89, 0xff, 0xea, 0x9a, 0x99, 0xff, 0xdf, 0x7f, 0x77, 0xff, 0xe9, 0x90, 0x89, 0xff, 0xe9, 0x90, 0x89, 0xff, 0xea, 0x9a, 0x99, 0xff, 0xe9, 0x90, 0x89, 0xff, 0xe9, 0x90, 0x89, 0xff, 0xea, 0x9a, 0x99, 0xff, 0xe9, 0x90, 0x89, 0xff, 0xe9, 0x90, 0x89, 0xff, 0xdf, 0x7f, 0x77, 0xff, 0xea, 0x9a, 0x99, 0xff, 0xe9, 0x90, 0x89, 0xff, 0x00, 0x00, 0x00, 0x00,
        0x00, 0x00, 0x00, 0x00, 0xdf, 0x7f, 0x77, 0xff, 0xe9, 0x90, 0x89, 0xff, 0xdf, 0x7f, 0x77, 0xff, 0xe9, 0x90, 0x89, 0xff, 0xe9, 0x90, 0x89, 0xff, 0xe9, 0x90, 0x89, 0xff, 0xea, 0x9a, 0x99, 0xff, 0xe9, 0x90, 0x89, 0xff, 0xe9, 0x90, 0x89, 0xff, 0xe9, 0x90, 0x89, 0xff, 0xe9, 0x90, 0x89, 0xff, 0xdf, 0x7f, 0x77, 0xff, 0xe9, 0x90, 0x89, 0xff, 0xdf, 0x7f, 0x77, 0xff, 0x00, 0x00, 0x00, 0x00,
        0x00, 0x00, 0x00, 0x00, 0x54, 0x62, 0x24, 0xff, 0x69, 0x8e, 0x45, 0xff, 0x69, 0x8e, 0x45, 0xff, 0xdf, 0x7f, 0x77, 0xff, 0xe9, 0x90, 0x89, 0xff, 0xe9, 0x90, 0x89, 0xff, 0xea, 0x9a, 0x99, 0xff, 0xea, 0x9a, 0x99, 0xff, 0xe9, 0x90, 0x89, 0xff, 0xe9, 0x90, 0x89, 0xff, 0xdf, 0x7f, 0x77, 0xff, 0xdf, 0x71, 0x6b, 0xff, 0xdf, 0x7f, 0x77, 0xff, 0xdf, 0x71, 0x6b, 0xff, 0x00, 0x00, 0x00, 0x00,
        0xd3, 0xd3, 0xd3, 0xff, 0xd3, 0xd3, 0xd3, 0xff, 0xad, 0xab, 0xad, 0xff, 0x61, 0x7b, 0x32, 0xff, 0x69, 0x8e, 0x45, 0xff, 0xe9, 0x90, 0x89, 0xff, 0xea, 0x9a, 0x99, 0xff, 0xea, 0x9a, 0x99, 0xff, 0xea, 0x9a, 0x99, 0xff, 0xea, 0x9a, 0x99, 0xff, 0xe9, 0x90, 0x89, 0xff, 0xdf, 0x7f, 0x77, 0xff, 0xdf, 0x71, 0x6b, 0xff, 0xcf, 0x62, 0x63, 0xff, 0xd3, 0xd3, 0xd3, 0xff, 0xd3, 0xd3, 0xd3, 0xff,
        0xd3, 0xd3, 0xd3, 0xff, 0xbc, 0xbc, 0xbc, 0xff, 0x42, 0x3c, 0x3c, 0xff, 0xbc, 0xbc, 0xbc, 0xff, 0x61, 0x7b, 0x32, 0xff, 0xad, 0xab, 0xad, 0xff, 0x69, 0x8e, 0x45, 0xff, 0xea, 0x9a, 0x99, 0xff, 0xea, 0x9a, 0x99, 0xff, 0xea, 0x9a, 0x99, 0xff, 0xe9, 0x90, 0x89, 0xff, 0xea, 0x9a, 0x99, 0xff, 0xe9, 0x90, 0x89, 0xff, 0xff, 0xff, 0xff, 0xff, 0xd3, 0xd3, 0xd3, 0xff, 0xbc, 0xbc, 0xbc, 0xff,
        0xd3, 0xd3, 0xd3, 0xff, 0xbc, 0xbc, 0xbc, 0xff, 0x52, 0x4e, 0x4e, 0xff, 0xd3, 0xd3, 0xd3, 0xff, 0xd3, 0xd3, 0xd3, 0xff, 0xad, 0xab, 0xad, 0xff, 0x69, 0x8e, 0x45, 0xff, 0xea, 0x9a, 0x99, 0xff, 0xea, 0x9a, 0x99, 0xff, 0xea, 0x9a, 0x99, 0xff, 0xe9, 0x90, 0x89, 0xff, 0xe9, 0x90, 0x89, 0xff, 0xea, 0x9a, 0x99, 0xff, 0xea, 0x9a, 0x99, 0xff, 0xd3, 0xd3, 0xd3, 0xff, 0xbc, 0xbc, 0xbc, 0xff,
        0xbc, 0xbc, 0xbc, 0xff, 0xbc, 0xbc, 0xbc, 0xff, 0xd3, 0xd3, 0xd3, 0xff, 0xd3, 0xd3, 0xd3, 0xff, 0xd3, 0xd3, 0xd3, 0xff, 0x69, 0x8e, 0x45, 0xff, 0xb5, 0x84, 0x67, 0xff, 0xe9, 0x90, 0x89, 0xff, 0xe9, 0x90, 0x89, 0xff, 0x61, 0x7b, 0x32, 0xff, 0x61, 0x7b, 0x32, 0xff, 0x54, 0x62, 0x24, 0xff, 0xb5, 0x84, 0x67, 0xff, 0xea, 0x9a, 0x99, 0xff, 0xbc, 0xbc, 0xbc, 0xff, 0xbc, 0xbc, 0xbc, 0xff,
        0xad, 0xab, 0xad, 0xff, 0xad, 0xab, 0xad, 0xff, 0xcb, 0xc9, 0xc9, 0xff, 0xcb, 0xc9, 0xc9, 0xff, 0xad, 0xab, 0xad, 0xff, 0x61, 0x7b, 0x32, 0xff, 0xdf, 0x7f, 0x77, 0xff, 0xe9, 0x90, 0x89, 0xff, 0xe9, 0x90, 0x89, 0xff, 0xdf, 0x7f, 0x77, 0xff, 0xdf, 0x7f, 0x77, 0xff, 0xe9, 0x90, 0x89, 0xff, 0xdf, 0x7f, 0x77, 0xff, 0xcf, 0x62, 0x63, 0xff, 0xad, 0xab, 0xad, 0xff, 0xad, 0xab, 0xad, 0xff,
        0xad, 0xab, 0xad, 0xff, 0xad, 0xab, 0xad, 0xff, 0xcb, 0xc9, 0xc9, 0xff, 0xbc, 0xbc, 0xbc, 0xff, 0xad, 0xab, 0xad, 0xff, 0x61, 0x7b, 0x32, 0xff, 0xb5, 0x84, 0x67, 0xff, 0xe9, 0x90, 0x89, 0xff, 0xea, 0x9a, 0x99, 0xff, 0xb5, 0x84, 0x67, 0xff, 0x54, 0x62, 0x24, 0xff, 0x61, 0x7b, 0x32, 0xff, 0x61, 0x7b, 0x32, 0xff, 0xb5, 0x84, 0x67, 0xff, 0xad, 0xab, 0xad, 0xff, 0xad, 0xab, 0xad, 0xff,
        0xa5, 0xa5, 0xa5, 0xff, 0xa5, 0xa5, 0xa5, 0xff, 0xd3, 0xd3, 0xd3, 0xff, 0xcb, 0xc9, 0xc9, 0xff, 0x69, 0x8e, 0x45, 0xff, 0x69, 0x8e, 0x45, 0xff, 0x61, 0x7b, 0x32, 0xff, 0xb5, 0x84, 0x67, 0xff, 0xea, 0x9a, 0x99, 0xff, 0xea, 0x9a, 0x99, 0xff, 0xea, 0x9a, 0x99, 0xff, 0xb5, 0x84, 0x67, 0xff, 0xb5, 0x84, 0x67, 0xff, 0xe9, 0x90, 0x89, 0xff, 0xa5, 0xa5, 0xa5, 0xff, 0xa5, 0xa5, 0xa5, 0xff,
        0x00, 0x00, 0x00, 0x00, 0xcb, 0xc9, 0xc9, 0xff, 0xbc, 0xbc, 0xbc, 0xff, 0xbc, 0xbc, 0xbc, 0xff, 0xbc, 0xbc, 0xbc, 0xff, 0xbc, 0xbc, 0xbc, 0xff, 0x54, 0x62, 0x24, 0xff, 0xb5, 0x84, 0x67, 0xff, 0xdf, 0x7f, 0x77, 0xff, 0xdf, 0x7f, 0x77, 0xff, 0xdf, 0x71, 0x6b, 0xff, 0xdf, 0x71, 0x6b, 0xff, 0xdf, 0x71, 0x6b, 0xff, 0xdf, 0x71, 0x6b, 0xff, 0xcf, 0x62, 0x63, 0xff, 0x00, 0x00, 0x00, 0x00,
        0x00, 0x00, 0x00, 0x00, 0xcb, 0xc9, 0xc9, 0xff, 0xcb, 0xc9, 0xc9, 0xff, 0xcb, 0xc9, 0xc9, 0xff, 0xbc, 0xbc, 0xbc, 0xff, 0xbc, 0xbc, 0xbc, 0xff, 0xad, 0xab, 0xad, 0xff, 0x61, 0x7b, 0x32, 0xff, 0xdf, 0x7f, 0x77, 0xff, 0xdf, 0x7f, 0x77, 0xff, 0xdf, 0x7f, 0x77, 0xff, 0xdf, 0x7f, 0x77, 0xff, 0xdf, 0x7f, 0x77, 0xff, 0xdf, 0x7f, 0x77, 0xff, 0xcf, 0x62, 0x63, 0xff, 0x00, 0x00, 0x00, 0x00,
        0x00, 0x00, 0x00, 0x00, 0xcb, 0xc9, 0xc9, 0xff, 0xcb, 0xc9, 0xc9, 0xff, 0xbc, 0xbc, 0xbc, 0xff, 0xbc, 0xbc, 0xbc, 0xff, 0xbc, 0xbc, 0xbc, 0xff, 0xbc, 0xbc, 0xbc, 0xff, 0x61, 0x7b, 0x32, 0xff, 0xe9, 0x90, 0x89, 0xff, 0xea, 0x9a, 0x99, 0xff, 0xea, 0x9a, 0x99, 0xff, 0xea, 0x9a, 0x99, 0xff, 0xe9, 0x90, 0x89, 0xff, 0xe9, 0x90, 0x89, 0xff, 0xdf, 0x71, 0x6b, 0xff, 0x00, 0x00, 0x00, 0x00,
        0x00, 0x00, 0x00, 0x00, 0xbc, 0xbc, 0xbc, 0xff, 0xad, 0xab, 0xad, 0xff, 0xad, 0xab, 0xad, 0xff, 0xad, 0xab, 0xad, 0xff, 0xad, 0xab, 0xad, 0xff, 0xad, 0xab, 0xad, 0xff, 0x54, 0x62, 0x24, 0xff, 0xe9, 0x90, 0x89, 0xff, 0xe9, 0x90, 0x89, 0xff, 0xdf, 0x7f, 0x77, 0xff, 0xdf, 0x7f, 0x77, 0xff, 0xdf, 0x7f, 0x77, 0xff, 0xe9, 0x90, 0x89, 0xff, 0xea, 0x9a, 0x99, 0xff, 0x00, 0x00, 0x00, 0x00,
        0x00, 0x00, 0x00, 0x00, 0xad, 0xab, 0xad, 0xff, 0x97, 0x97, 0x97, 0xff, 0x42, 0x3c, 0x3c, 0xff, 0x42, 0x3c, 0x3c, 0xff, 0xbc, 0xbc, 0xbc, 0xff, 0x54, 0x62, 0x24, 0xff, 0xea, 0x9a, 0x99, 0xff, 0xea, 0x9a, 0x99, 0xff, 0xdf, 0x7f, 0x77, 0xff, 0xbe, 0x58, 0x55, 0xff, 0xbe, 0x58, 0x55, 0xff, 0xcf, 0x62, 0x63, 0xff, 0xe9, 0x90, 0x89, 0xff, 0xe9, 0x90, 0x89, 0xff, 0x00, 0x00, 0x00, 0x00,
        0x00, 0x00, 0x00, 0x00, 0xcb, 0xc9, 0xc9, 0xff, 0xcb, 0xc9, 0xc9, 0xff, 0x42, 0x3c, 0x3c, 0xff, 0x42, 0x3c, 0x3c, 0xff, 0xbc, 0xbc, 0xbc, 0xff, 0x54, 0x62, 0x24, 0xff, 0xe9, 0x90, 0x89, 0xff, 0xe9, 0x90, 0x89, 0xff, 0xdf, 0x7f, 0x77, 0xff, 0xcf, 0x62, 0x63, 0xff, 0xcf, 0x62, 0x63, 0xff, 0xcf, 0x62, 0x63, 0xff, 0xe9, 0x90, 0x89, 0xff, 0xe9, 0x90, 0x89, 0xff, 0x00, 0x00, 0x00, 0x00,
        0x00, 0x00, 0x00, 0x00, 0xbc, 0xbc, 0xbc, 0xff, 0xbc, 0xbc, 0xbc, 0xff, 0xcb, 0xc9, 0xc9, 0xff, 0xcb, 0xc9, 0xc9, 0xff, 0x54, 0x62, 0x24, 0xff, 0xb5, 0x84, 0x67, 0xff, 0xdf, 0x71, 0x6b, 0xff, 0xdf, 0x71, 0x6b, 0xff, 0xdf, 0x71, 0x6b, 0xff, 0xcf, 0x62, 0x63, 0xff, 0xcf, 0x62, 0x63, 0xff, 0xdf, 0x71, 0x6b, 0xff, 0xdf, 0x71, 0x6b, 0xff, 0xcf, 0x62, 0x63, 0xff, 0x00, 0x00, 0x00, 0x00,
    ] },
    Builtin { id: "magma_cube", name: "Magma Cube", kind: Kind::Mob, w: 8, h: 8, rgba: &[
        0x29, 0x00, 0x00, 0xff, 0x10, 0x00, 0x00, 0xff, 0x29, 0x00, 0x00, 0xff, 0x33, 0x00, 0x00, 0xff, 0x29, 0x00, 0x00, 0xff, 0x10, 0x00, 0x00, 0xff, 0x10, 0x00, 0x00, 0xff, 0x10, 0x00, 0x00, 0xff,
        0x10, 0x00, 0x00, 0xff, 0x29, 0x00, 0x00, 0xff, 0x33, 0x00, 0x00, 0xff, 0x31, 0x0f, 0x00, 0xff, 0x33, 0x00, 0x00, 0xff, 0x29, 0x00, 0x00, 0xff, 0x1c, 0x00, 0x00, 0xff, 0x10, 0x00, 0x00, 0xff,
        0x10, 0x00, 0x00, 0xff, 0xcb, 0x3d, 0x07, 0xff, 0xcb, 0x3d, 0x07, 0xff, 0x10, 0x00, 0x00, 0xff, 0x10, 0x00, 0x00, 0xff, 0xcb, 0x3d, 0x07, 0xff, 0xcb, 0x3d, 0x07, 0xff, 0x10, 0x00, 0x00, 0xff,
        0x10, 0x00, 0x00, 0xff, 0xed, 0xb7, 0x4b, 0xff, 0xfa, 0xeb, 0x72, 0xff, 0x20, 0x0c, 0x00, 0xff, 0x10, 0x00, 0x00, 0xff, 0xfa, 0xeb, 0x72, 0xff, 0xed, 0xb7, 0x4b, 0xff, 0x20, 0x00, 0x00, 0xff,
        0x29, 0x00, 0x00, 0xff, 0x29, 0x00, 0x00, 0xff, 0x29, 0x00, 0x00, 0xff, 0x29, 0x00, 0x00, 0xff, 0x29, 0x00, 0x00, 0xff, 0x33, 0x00, 0x00, 0xff, 0x29, 0x00, 0x00, 0xff, 0x10, 0x00, 0x00, 0xff,
        0x1c, 0x00, 0x00, 0xff, 0x33, 0x00, 0x00, 0xff, 0x29, 0x00, 0x00, 0xff, 0x33, 0x00, 0x00, 0xff, 0x33, 0x00, 0x00, 0xff, 0x31, 0x0f, 0x00, 0xff, 0x33, 0x00, 0x00, 0xff, 0x10, 0x00, 0x00, 0xff,
        0x10, 0x00, 0x00, 0xff, 0x29, 0x00, 0x00, 0xff, 0x33, 0x00, 0x00, 0xff, 0x33, 0x00, 0x00, 0xff, 0x31, 0x0f, 0x00, 0xff, 0x29, 0x00, 0x00, 0xff, 0x10, 0x00, 0x00, 0xff, 0x1c, 0x00, 0x00, 0xff,
        0x10, 0x00, 0x00, 0xff, 0x10, 0x00, 0x00, 0xff, 0x29, 0x00, 0x00, 0xff, 0x33, 0x00, 0x00, 0xff, 0x33, 0x00, 0x00, 0xff, 0x10, 0x00, 0x00, 0xff, 0x29, 0x00, 0x00, 0xff, 0x33, 0x00, 0x00, 0xff,
    ] },
    Builtin { id: "guardian", name: "Guardian", kind: Kind::Mob, w: 16, h: 16, rgba: &[
        0x00, 0x00, 0x00, 0x00, 0x00, 0x00, 0x00, 0x00, 0x5d, 0x7f, 0x75, 0xff, 0x66, 0x89, 0x80, 0xff, 0x66, 0x89, 0x80, 0xff, 0x5d, 0x7f, 0x75, 0xff, 0x64, 0x5b, 0x50, 0xff, 0x60, 0x56, 0x4a, 0xff, 0x60, 0x56, 0x4a, 0xff, 0x64, 0x5b, 0x50, 0xff, 0x5d, 0x7f, 0x75, 0xff, 0x66, 0x89, 0x80, 0xff, 0x66, 0x89, 0x80, 0xff, 0x5d, 0x7f, 0x75, 0xff, 0x00, 0x00, 0x00, 0x00, 0x00, 0x00, 0x00, 0x00,
        0x00, 0x00, 0x00, 0x00, 0x00, 0x00, 0x00, 0x00, 0x41, 0x71, 0x5a, 0xff, 0x41, 0x71, 0x5a, 0xff, 0x4e, 0x79, 0x66, 0xff, 0x4e, 0x79, 0x66, 0xff, 0x64, 0x5b, 0x50, 0xff, 0x60, 0x56, 0x4a, 0xff, 0x60, 0x56, 0x4a, 0xff, 0x64, 0x5b, 0x50, 0xff, 0x4e, 0x79, 0x66, 0xff, 0x4e, 0x79, 0x66, 0xff, 0x41, 0x71, 0x5a, 0xff, 0x41, 0x71, 0x5a, 0xff, 0x00, 0x00, 0x00, 0x00, 0x00, 0x00, 0x00, 0x00,
        0x66, 0x89, 0x80, 0xff, 0x4e, 0x79, 0x66, 0xff, 0x6a, 0x95, 0x83, 0xff, 0x6a, 0x95, 0x83, 0xff, 0x83, 0xa5, 0x9c, 0xff, 0x83, 0xa5, 0x9c, 0xff, 0x83, 0xa5, 0x9c, 0xff, 0x83, 0xa5, 0x9c, 0xff, 0x41, 0x71, 0x5a, 0xff, 0x83, 0xa5, 0x9c, 0xff, 0x6a, 0x95, 0x83, 0xff, 0x6a, 0x95, 0x83, 0xff, 0x83, 0xa5, 0x9c, 0xff, 0x83, 0xa5, 0x9c, 0xff, 0x66, 0x89, 0x80, 0xff, 0x4e, 0x79, 0x66, 0xff,
        0x6a, 0x95, 0x83, 0xff, 0x4e, 0x79, 0x66, 0xff, 0x6a, 0x95, 0x83, 0xff, 0x66, 0x89, 0x80, 0xff, 0x66, 0x89, 0x80, 0xff, 0x5d, 0x7f, 0x75, 0xff, 0x5d, 0x7f, 0x75, 0xff, 0x4e, 0x79, 0x66, 0xff, 0x39, 0x65, 0x52, 0xff, 0x6a, 0x95, 0x83, 0xff, 0x5d, 0x7f, 0x75, 0xff, 0x5d, 0x7f, 0x75, 0xff, 0x66, 0x89, 0x80, 0xff, 0x6a, 0x95, 0x83, 0xff, 0x6a, 0x95, 0x83, 0xff, 0x4e, 0x79, 0x66, 0xff,
        0x5d, 0x7f, 0x75, 0xff, 0x4e, 0x79, 0x66, 0xff, 0x83, 0xa5, 0x9c, 0xff, 0x66, 0x89, 0x80, 0xff, 0x66, 0x89, 0x80, 0xff, 0x66, 0x89, 0x80, 0xff, 0x5d, 0x7f, 0x75, 0xff, 0x66, 0x89, 0x80, 0xff, 0x41, 0x71, 0x5a, 0xff, 0x5d, 0x7f, 0x75, 0xff, 0x66, 0x89, 0x80, 0xff, 0x66, 0x89, 0x80, 0xff, 0x66, 0x89, 0x80, 0xff, 0x83, 0xa5, 0x9c, 0xff, 0x5d, 0x7f, 0x75, 0xff, 0x4e, 0x79, 0x66, 0xff,
        0x5d, 0x7f, 0x75, 0xff, 0x4e, 0x79, 0x66, 0xff, 0x83, 0xa5, 0x9c, 0xff, 0x5d, 0x7f, 0x75, 0xff, 0x66, 0x89, 0x80, 0xff, 0x66, 0x89, 0x80, 0xff, 0x5d, 0x7f, 0x75, 0xff, 0x5d, 0x7f, 0x75, 0xff, 0x5d, 0x7f, 0x75, 0xff, 0x66, 0x89, 0x80, 0xff, 0x66, 0x89, 0x80, 0xff, 0x66, 0x89, 0x80, 0xff, 0x5d, 0x7f, 0x75, 0xff, 0x6a, 0x95, 0x83, 0xff, 0x5d, 0x7f, 0x75, 0xff, 0x4e, 0x79, 0x66, 0xff,
        0x5d, 0x7f, 0x75, 0xff, 0x60, 0x56, 0x4a, 0xff, 0x83, 0xa5, 0x9c, 0xff, 0x41, 0x71, 0x5a, 0xff, 0x39, 0x65, 0x52, 0xff, 0x39, 0x65, 0x52, 0xff, 0x39, 0x65, 0x52, 0xff, 0x39, 0x65, 0x52, 0xff, 0x39, 0x65, 0x52, 0xff, 0x39, 0x65, 0x52, 0xff, 0x39, 0x65, 0x52, 0xff, 0x39, 0x65, 0x52, 0xff, 0x41, 0x71, 0x5a, 0xff, 0x6a, 0x95, 0x83, 0xff, 0x5d, 0x7f, 0x75, 0xff, 0x60, 0x56, 0x4a, 0xff,
        0x64, 0x5b, 0x50, 0xff, 0x60, 0x56, 0x4a, 0xff, 0x6a, 0x95, 0x83, 0xff, 0x4e, 0x79, 0x66, 0xff, 0x4e, 0x79, 0x66, 0xff, 0xc0, 0xba, 0xad, 0xff, 0xd6, 0xd3, 0xcd, 0xff, 0x79, 0x0b, 0x12, 0xff, 0x79, 0x0b, 0x12, 0xff, 0xd6, 0xd2, 0xc9, 0xff, 0xbe, 0xb9, 0xad, 0xff, 0x4e, 0x79, 0x66, 0xff, 0x4e, 0x79, 0x66, 0xff, 0x5d, 0x7f, 0x75, 0xff, 0x64, 0x5b, 0x50, 0xff, 0x60, 0x56, 0x4a, 0xff,
        0x64, 0x5b, 0x50, 0xff, 0x60, 0x56, 0x4a, 0xff, 0x83, 0xa5, 0x9c, 0xff, 0x4e, 0x79, 0x66, 0xff, 0x4e, 0x79, 0x66, 0xff, 0xd7, 0xd4, 0xcc, 0xff, 0xd7, 0xd3, 0xcb, 0xff, 0x79, 0x0b, 0x12, 0xff, 0x79, 0x0b, 0x12, 0xff, 0xd6, 0xd3, 0xcb, 0xff, 0xd6, 0xd2, 0xc9, 0xff, 0x4e, 0x79, 0x66, 0xff, 0x4e, 0x79, 0x66, 0xff, 0x66, 0x89, 0x80, 0xff, 0x64, 0x5b, 0x50, 0xff, 0x60, 0x56, 0x4a, 0xff,
        0x5d, 0x7f, 0x75, 0xff, 0x60, 0x56, 0x4a, 0xff, 0x6a, 0x95, 0x83, 0xff, 0x5d, 0x7f, 0x75, 0xff, 0x5d, 0x7f, 0x75, 0xff, 0xc0, 0xb9, 0xaa, 0xff, 0xd7, 0xd3, 0xca, 0xff, 0xd5, 0xd1, 0xca, 0xff, 0xd7, 0xd2, 0xc9, 0xff, 0xd7, 0xd3, 0xcb, 0xff, 0xc0, 0xba, 0xae, 0xff, 0x5d, 0x7f, 0x75, 0xff, 0x66, 0x89, 0x80, 0xff, 0x66, 0x89, 0x80, 0xff, 0x5d, 0x7f, 0x75, 0xff, 0x60, 0x56, 0x4a, 0xff,
        0x5d, 0x7f, 0x75, 0xff, 0x4e, 0x79, 0x66, 0xff, 0x6a, 0x95, 0x83, 0xff, 0x66, 0x89, 0x80, 0xff, 0x5d, 0x7f, 0x75, 0xff, 0x5d, 0x7f, 0x75, 0xff, 0x4e, 0x79, 0x66, 0xff, 0x5d, 0x7f, 0x75, 0xff, 0x5d, 0x7f, 0x75, 0xff, 0x5d, 0x7f, 0x75, 0xff, 0x4e, 0x79, 0x66, 0xff, 0x66, 0x89, 0x80, 0xff, 0x66, 0x89, 0x80, 0xff, 0x66, 0x89, 0x80, 0xff, 0x5d, 0x7f, 0x75, 0xff, 0x4e, 0x79, 0x66, 0xff,
        0x5d, 0x7f, 0x75, 0xff, 0x4e, 0x79, 0x66, 0xff, 0x66, 0x89, 0x80, 0xff, 0x5d, 0x7f, 0x75, 0xff, 0x4e, 0x79, 0x66, 0xff, 0x4e, 0x79, 0x66, 0xff, 0x39, 0x65, 0x52, 0xff, 0x5d, 0x7f, 0x75, 0xff, 0x5d, 0x7f, 0x75, 0xff, 0x4e, 0x79, 0x66, 0xff, 0x41, 0x71, 0x5a, 0xff, 0x5d, 0x7f, 0x75, 0xff, 0x66, 0x89, 0x80, 0xff, 0x4e, 0x79, 0x66, 0xff, 0x5d, 0x7f, 0x75, 0xff, 0x4e, 0x79, 0x66, 0xff,
        0x66, 0x89, 0x80, 0xff, 0x4e, 0x79, 0x66, 0xff, 0x66, 0x89, 0x80, 0xff, 0x41, 0x71, 0x5a, 0xff, 0x39, 0x65, 0x52, 0xff, 0x39, 0x65, 0x52, 0xff, 0x6a, 0x95, 0x83, 0xff, 0x5d, 0x7f, 0x75, 0xff, 0x66, 0x89, 0x80, 0xff, 0x5d, 0x7f, 0x75, 0xff, 0x39, 0x65, 0x52, 0xff, 0x6a, 0x95, 0x83, 0xff, 0x5d, 0x7f, 0x75, 0xff, 0x4e, 0x79, 0x66, 0xff, 0x66, 0x89, 0x80, 0xff, 0x4e, 0x79, 0x66, 0xff,
        0x5d, 0x7f, 0x75, 0xff, 0x4e, 0x79, 0x66, 0xff, 0x6a, 0x95, 0x83, 0xff, 0x66, 0x89, 0x80, 0xff, 0x6a, 0x95, 0x83, 0xff, 0x6a, 0x95, 0x83, 0xff, 0x5d, 0x7f, 0x75, 0xff, 0x4e, 0x79, 0x66, 0xff, 0x66, 0x89, 0x80, 0xff, 0x66, 0x89, 0x80, 0xff, 0x6a, 0x95, 0x83, 0xff, 0x39, 0x65, 0x52, 0xff, 0x5d, 0x7f, 0x75, 0xff, 0x66, 0x89, 0x80, 0xff, 0x5d, 0x7f, 0x75, 0xff, 0x4e, 0x79, 0x66, 0xff,
        0x00, 0x00, 0x00, 0x00, 0x00, 0x00, 0x00, 0x00, 0x5d, 0x7f, 0x75, 0xff, 0x66, 0x89, 0x80, 0xff, 0x66, 0x89, 0x80, 0xff, 0x5d, 0x7f, 0x75, 0xff, 0x64, 0x5b, 0x50, 0xff, 0x60, 0x56, 0x4a, 0xff, 0x60, 0x56, 0x4a, 0xff, 0x64, 0x5b, 0x50, 0xff, 0x5d, 0x7f, 0x75, 0xff, 0x66, 0x89, 0x80, 0xff, 0x66, 0x89, 0x80, 0xff, 0x5d, 0x7f, 0x75, 0xff, 0x00, 0x00, 0x00, 0x00, 0x00, 0x00, 0x00, 0x00,
        0x00, 0x00, 0x00, 0x00, 0x00, 0x00, 0x00, 0x00, 0x41, 0x71, 0x5a, 0xff, 0x41, 0x71, 0x5a, 0xff, 0x4e, 0x79, 0x66, 0xff, 0x4e, 0x79, 0x66, 0xff, 0x64, 0x5b, 0x50, 0xff, 0x60, 0x56, 0x4a, 0xff, 0x60, 0x56, 0x4a, 0xff, 0x64, 0x5b, 0x50, 0xff, 0x4e, 0x79, 0x66, 0xff, 0x4e, 0x79, 0x66, 0xff, 0x41, 0x71, 0x5a, 0xff, 0x41, 0x71, 0x5a, 0xff, 0x00, 0x00, 0x00, 0x00, 0x00, 0x00, 0x00, 0x00,
    ] },
    Builtin { id: "elder_guardian", name: "Elder Guardian", kind: Kind::Mob, w: 16, h: 16, rgba: &[
        0x00, 0x00, 0x00, 0x00, 0x00, 0x00, 0x00, 0x00, 0xa8, 0xa5, 0x97, 0xff, 0xb6, 0xb2, 0xa1, 0xff, 0xb6, 0xb2, 0xa1, 0xff, 0xa8, 0xa5, 0x97, 0xff, 0xb0, 0xa9, 0x8d, 0xff, 0xa7, 0xa0, 0x85, 0xff, 0xa7, 0xa0, 0x85, 0xff, 0xb0, 0xa9, 0x8d, 0xff, 0xa8, 0xa5, 0x97, 0xff, 0xb6, 0xb2, 0xa1, 0xff, 0xb6, 0xb2, 0xa1, 0xff, 0xa8, 0xa5, 0x97, 0xff, 0x00, 0x00, 0x00, 0x00, 0x00, 0x00, 0x00, 0x00,
        0x00, 0x00, 0x00, 0x00, 0x00, 0x00, 0x00, 0x00, 0x94, 0x8d, 0x7b, 0xff, 0x94, 0x8d, 0x7b, 0xff, 0x9d, 0x99, 0x83, 0xff, 0x9d, 0x99, 0x83, 0xff, 0xb0, 0xa9, 0x8d, 0xff, 0xa7, 0xa0, 0x85, 0xff, 0xa7, 0xa0, 0x85, 0xff, 0xb0, 0xa9, 0x8d, 0xff, 0x9d, 0x99, 0x83, 0xff, 0x9d, 0x99, 0x83, 0xff, 0x94, 0x8d, 0x7b, 0xff, 0x94, 0x8d, 0x7b, 0xff, 0x00, 0x00, 0x00, 0x00, 0x00, 0x00, 0x00, 0x00,
        0xb6, 0xb2, 0xa1, 0xff, 0x9d, 0x99, 0x83, 0xff, 0xbd, 0xbb, 0xa8, 0xff, 0xbd, 0xbb, 0xa8, 0xff, 0xd3, 0xd1, 0xc3, 0xff, 0xd3, 0xd1, 0xc3, 0xff, 0xd3, 0xd1, 0xc3, 0xff, 0xd3, 0xd1, 0xc3, 0xff, 0x94, 0x8d, 0x7b, 0xff, 0xd3, 0xd1, 0xc3, 0xff, 0xbd, 0xbb, 0xa8, 0xff, 0xbd, 0xbb, 0xa8, 0xff, 0xd3, 0xd1, 0xc3, 0xff, 0xd3, 0xd1, 0xc3, 0xff, 0xb6, 0xb2, 0xa1, 0xff, 0x9d, 0x99, 0x83, 0xff,
        0xbd, 0xbb, 0xa8, 0xff, 0x9d, 0x99, 0x83, 0xff, 0xbd, 0xbb, 0xa8, 0xff, 0xb6, 0xb2, 0xa1, 0xff, 0xb6, 0xb2, 0xa1, 0xff, 0xa8, 0xa5, 0x97, 0xff, 0xa8, 0xa5, 0x97, 0xff, 0x9d, 0x99, 0x83, 0xff, 0x85, 0x7e, 0x6a, 0xff, 0xbd, 0xbb, 0xa8, 0xff, 0xa8, 0xa5, 0x97, 0xff, 0xa8, 0xa5, 0x97, 0xff, 0xb6, 0xb2, 0xa1, 0xff, 0xbd, 0xbb, 0xa8, 0xff, 0xbd, 0xbb, 0xa8, 0xff, 0x9d, 0x99, 0x83, 0xff,
        0xa8, 0xa5, 0x97, 0xff, 0x9d, 0x99, 0x83, 0xff, 0xd3, 0xd1, 0xc3, 0xff, 0xb6, 0xb2, 0xa1, 0xff, 0xb6, 0xb2, 0xa1, 0xff, 0xb6, 0xb2, 0xa1, 0xff, 0xa8, 0xa5, 0x97, 0xff, 0xb6, 0xb2, 0xa1, 0xff, 0x94, 0x8d, 0x7b, 0xff, 0xa8, 0xa5, 0x97, 0xff, 0xb6, 0xb2, 0xa1, 0xff, 0xb6, 0xb2, 0xa1, 0xff, 0xb6, 0xb2, 0xa1, 0xff, 0xd3, 0xd1, 0xc3, 0xff, 0xa8, 0xa5, 0x97, 0xff, 0x9d, 0x99, 0x83, 0xff,
        0xa8, 0xa5, 0x97, 0xff, 0x9d, 0x99, 0x83, 0xff, 0xd3, 0xd1, 0xc3, 0xff, 0xa8, 0xa5, 0x97, 0xff, 0xb6, 0xb2, 0xa1, 0xff, 0xb6, 0xb2, 0xa1, 0xff, 0xa8, 0xa5, 0x97, 0xff, 0xa8, 0xa5, 0x97, 0xff, 0xa8, 0xa5, 0x97, 0xff, 0xb6, 0xb2, 0xa1, 0xff, 0xb6, 0xb2, 0xa1, 0xff, 0xb6, 0xb2, 0xa1, 0xff, 0xa8, 0xa5, 0x97, 0xff, 0xbd, 0xbb, 0xa8, 0xff, 0xa8, 0xa5, 0x97, 0xff, 0x9d, 0x99, 0x83, 0xff,
        0xa8, 0xa5, 0x97, 0xff, 0xa7, 0xa0, 0x85, 0xff, 0xd3, 0xd1, 0xc3, 0xff, 0x85, 0x7e, 0x6a, 0xff, 0x6c, 0x65, 0x52, 0xff, 0x6c, 0x65, 0x52, 0xff, 0x6c, 0x65, 0x52, 0xff, 0x6c, 0x65, 0x52, 0xff, 0x6c, 0x65, 0x52, 0xff, 0x6c, 0x65, 0x52, 0xff, 0x6c, 0x65, 0x52, 0xff, 0x6c, 0x65, 0x52, 0xff, 0x85, 0x7e, 0x6a, 0xff, 0xbd, 0xbb, 0xa8, 0xff, 0xa8, 0xa5, 0x97, 0xff, 0xa7, 0xa0, 0x85, 0xff,
        0xb0, 0xa9, 0x8d, 0xff, 0xa7, 0xa0, 0x85, 0xff, 0xbd, 0xbb, 0xa8, 0xff, 0x9d, 0x99, 0x83, 0xff, 0x94, 0x8d, 0x7b, 0xff, 0xd6, 0x9b, 0x7e, 0xff, 0xcb, 0xb1, 0xa5, 0xff, 0xed, 0xe4, 0xe0, 0xff, 0xed, 0xe4, 0xe0, 0xff, 0xcb, 0xb1, 0xa5, 0xff, 0xd6, 0x9b, 0x7e, 0xff, 0x94, 0x8d, 0x7b, 0xff, 0x9d, 0x99, 0x83, 0xff, 0xa8, 0xa5, 0x97, 0xff, 0xb0, 0xa9, 0x8d, 0xff, 0xa7, 0xa0, 0x85, 0xff,
        0xb0, 0xa9, 0x8d, 0xff, 0xa7, 0xa0, 0x85, 0xff, 0xd3, 0xd1, 0xc3, 0xff, 0x9d, 0x99, 0x83, 0xff, 0x94, 0x8d, 0x7b, 0xff, 0xcb, 0xb1, 0xa5, 0xff, 0xcb, 0xb1, 0xa5, 0xff, 0xed, 0xe4, 0xe0, 0xff, 0xed, 0xe4, 0xe0, 0xff, 0xcb, 0xb1, 0xa5, 0xff, 0xcb, 0xb1, 0xa5, 0xff, 0x9d, 0x99, 0x83, 0xff, 0x9d, 0x99, 0x83, 0xff, 0xb6, 0xb2, 0xa1, 0xff, 0xb0, 0xa9, 0x8d, 0xff, 0xa7, 0xa0, 0x85, 0xff,
        0xa8, 0xa5, 0x97, 0xff, 0xa7, 0xa0, 0x85, 0xff, 0xbd, 0xbb, 0xa8, 0xff, 0xa8, 0xa5, 0x97, 0xff, 0x9d, 0x99, 0x83, 0xff, 0xd6, 0x9b, 0x7e, 0xff, 0xcb, 0xb1, 0xa5, 0xff, 0xcb, 0xb1, 0xa5, 0xff, 0xcb, 0xb1, 0xa5, 0xff, 0xcb, 0xb1, 0xa5, 0xff, 0xd6, 0x9b, 0x7e, 0xff, 0x94, 0x8d, 0x7b, 0xff, 0xb6, 0xb2, 0xa1, 0xff, 0xb6, 0xb2, 0xa1, 0xff, 0xa8, 0xa5, 0x97, 0xff, 0xa7, 0xa0, 0x85, 0xff,
        0xa8, 0xa5, 0x97, 0xff, 0x9d, 0x99, 0x83, 0xff, 0xbd, 0xbb, 0xa8, 0xff, 0xb6, 0xb2, 0xa1, 0xff, 0xa8, 0xa5, 0x97, 0xff, 0x94, 0x8d, 0x7b, 0xff, 0x9d, 0x99, 0x83, 0xff, 0x94, 0x8d, 0x7b, 0xff, 0x9d, 0x99, 0x83, 0xff, 0x94, 0x8d, 0x7b, 0xff, 0x94, 0x8d, 0x7b, 0xff, 0x9d, 0x99, 0x83, 0xff, 0xb6, 0xb2, 0xa1, 0xff, 0xb6, 0xb2, 0xa1, 0xff, 0xa8, 0xa5, 0x97, 0xff, 0x9d, 0x99, 0x83, 0xff,
        0xa8, 0xa5, 0x97, 0xff, 0x9d, 0x99, 0x83, 0xff, 0xb6, 0xb2, 0xa1, 0xff, 0xa8, 0xa5, 0x97, 0xff, 0x9d, 0x99, 0x83, 0xff, 0x9d, 0x99, 0x83, 0xff, 0x85, 0x7e, 0x6a, 0xff, 0xa8, 0xa5, 0x97, 0xff, 0xa8, 0xa5, 0x97, 0xff, 0x9d, 0x99, 0x83, 0xff, 0x94, 0x8d, 0x7b, 0xff, 0xa8, 0xa5, 0x97, 0xff, 0xb6, 0xb2, 0xa1, 0xff, 0x9d, 0x99, 0x83, 0xff, 0xa8, 0xa5, 0x97, 0xff, 0x9d, 0x99, 0x83, 0xff,
        0xb6, 0xb2, 0xa1, 0xff, 0x9d, 0x99, 0x83, 0xff, 0xb6, 0xb2, 0xa1, 0xff, 0x94, 0x8d, 0x7b, 0xff, 0x85, 0x7e, 0x6a, 0xff, 0x85, 0x7e, 0x6a, 0xff, 0xbd, 0xbb, 0xa8, 0xff, 0xa8, 0xa5, 0x97, 0xff, 0xb6, 0xb2, 0xa1, 0xff, 0xa8, 0xa5, 0x97, 0xff, 0x85, 0x7e, 0x6a, 0xff, 0xbd, 0xbb, 0xa8, 0xff, 0xa8, 0xa5, 0x97, 0xff, 0x9d, 0x99, 0x83, 0xff, 0xb6, 0xb2, 0xa1, 0xff, 0x9d, 0x99, 0x83, 0xff,
        0xa8, 0xa5, 0x97, 0xff, 0x9d, 0x99, 0x83, 0xff, 0xbd, 0xbb, 0xa8, 0xff, 0xb6, 0xb2, 0xa1, 0xff, 0xbd, 0xbb, 0xa8, 0xff, 0xbd, 0xbb, 0xa8, 0xff, 0xa8, 0xa5, 0x97, 0xff, 0x9d, 0x99, 0x83, 0xff, 0xb6, 0xb2, 0xa1, 0xff, 0xb6, 0xb2, 0xa1, 0xff, 0xbd, 0xbb, 0xa8, 0xff, 0x85, 0x7e, 0x6a, 0xff, 0xa8, 0xa5, 0x97, 0xff, 0xb6, 0xb2, 0xa1, 0xff, 0xa8, 0xa5, 0x97, 0xff, 0x9d, 0x99, 0x83, 0xff,
        0x00, 0x00, 0x00, 0x00, 0x00, 0x00, 0x00, 0x00, 0xa8, 0xa5, 0x97, 0xff, 0xb6, 0xb2, 0xa1, 0xff, 0xb6, 0xb2, 0xa1, 0xff, 0xa8, 0xa5, 0x97, 0xff, 0xb0, 0xa9, 0x8d, 0xff, 0xa7, 0xa0, 0x85, 0xff, 0xa7, 0xa0, 0x85, 0xff, 0xb0, 0xa9, 0x8d, 0xff, 0xa8, 0xa5, 0x97, 0xff, 0xb6, 0xb2, 0xa1, 0xff, 0xb6, 0xb2, 0xa1, 0xff, 0xa8, 0xa5, 0x97, 0xff, 0x00, 0x00, 0x00, 0x00, 0x00, 0x00, 0x00, 0x00,
        0x00, 0x00, 0x00, 0x00, 0x00, 0x00, 0x00, 0x00, 0x94, 0x8d, 0x7b, 0xff, 0x94, 0x8d, 0x7b, 0xff, 0x9d, 0x99, 0x83, 0xff, 0x9d, 0x99, 0x83, 0xff, 0xb0, 0xa9, 0x8d, 0xff, 0xa7, 0xa0, 0x85, 0xff, 0xa7, 0xa0, 0x85, 0xff, 0xb0, 0xa9, 0x8d, 0xff, 0x9d, 0x99, 0x83, 0xff, 0x9d, 0x99, 0x83, 0xff, 0x94, 0x8d, 0x7b, 0xff, 0x94, 0x8d, 0x7b, 0xff, 0x00, 0x00, 0x00, 0x00, 0x00, 0x00, 0x00, 0x00,
    ] },
    Builtin { id: "warden", name: "Warden", kind: Kind::Mob, w: 36, h: 19, rgba: &[
        0x00, 0x00, 0x00, 0x00, 0x29, 0xdf, 0xeb, 0xff, 0x00, 0x00, 0x00, 0x00, 0x00, 0x92, 0x95, 0xff, 0x00, 0x00, 0x00, 0x00, 0x00, 0x00, 0x00, 0x00, 0x00, 0x00, 0x00, 0x00, 0x00, 0x00, 0x00, 0x00, 0x00, 0x00, 0x00, 0x00, 0x00, 0x00, 0x00, 0x00, 0x00, 0x00, 0x00, 0x00, 0x00, 0x00, 0x00, 0x00, 0x00, 0x00, 0x00, 0x00, 0x00, 0x00, 0x00, 0x00, 0x00, 0x00, 0x00, 0x00, 0x00, 0x00, 0x00, 0x00, 0x00, 0x00, 0x00, 0x00, 0x00, 0x00, 0x00, 0x00, 0x00, 0x00, 0x00, 0x00, 0x00, 0x00, 0x00, 0x00, 0x00, 0x00, 0x00, 0x00, 0x00, 0x00, 0x00, 0x00, 0x00, 0x00, 0x00, 0x00, 0x00, 0x00, 0x00, 0x00, 0x00, 0x00, 0x00, 0x00, 0x00, 0x00, 0x00, 0x00, 0x00, 0x00, 0x00, 0x00, 0x00, 0x00, 0x00, 0x00, 0x00, 0x00, 0x00, 0x00, 0x00, 0x00, 0x00, 0x00, 0x00, 0x00, 0x00, 0x00, 0x00, 0x00, 0x00, 0x00, 0x00, 0x92, 0x95, 0xff, 0x00, 0x00, 0x00, 0x00, 0x29, 0xdf, 0xeb, 0xff, 0x00, 0x00, 0x00, 0x00,
        0x00, 0x00, 0x00, 0x00, 0x00, 0x92, 0x95, 0xff, 0x00, 0x92, 0x95, 0xff, 0x00, 0x92, 0x95, 0xff, 0x29, 0xdf, 0xeb, 0xff, 0x00, 0x00, 0x00, 0x00, 0x00, 0x00, 0x00, 0x00, 0x00, 0x00, 0x00, 0x00, 0x00, 0x00, 0x00, 0x00, 0x00, 0x00, 0x00, 0x00, 0x00, 0x00, 0x00, 0x00, 0x00, 0x00, 0x00, 0x00, 0x00, 0x00, 0x00, 0x00, 0x00, 0x00, 0x00, 0x00, 0x00, 0x00, 0x00, 0x00, 0x00, 0x00, 0x00, 0x00, 0x00, 0x00, 0x00, 0x00, 0x00, 0x00, 0x00, 0x00, 0x00, 0x00, 0x00, 0x00, 0x00, 0x00, 0x00, 0x00, 0x00, 0x00, 0x00, 0x00, 0x00, 0x00, 0x00, 0x00, 0x00, 0x00, 0x00, 0x00, 0x00, 0x00, 0x00, 0x00, 0x00, 0x00, 0x00, 0x00, 0x00, 0x00, 0x00, 0x00, 0x00, 0x00, 0x00, 0x00, 0x00, 0x00, 0x00, 0x00, 0x00, 0x00, 0x00, 0x00, 0x00, 0x00, 0x00, 0x00, 0x00, 0x00, 0x00, 0x00, 0x29, 0xdf, 0xeb, 0xff, 0x00, 0x92, 0x95, 0xff, 0x00, 0x92, 0x95, 0xff, 0x00, 0x92, 0x95, 0xff, 0x00, 0x00, 0x00, 0x00,
        0x00, 0x92, 0x95, 0xff, 0x00, 0x92, 0x95, 0xff, 0x00, 0x92, 0x95, 0xff, 0x05, 0x62, 0x5d, 0xff, 0x00, 0x00, 0x00, 0x00, 0x00, 0x00, 0x00, 0x00, 0x00, 0x00, 0x00, 0x00, 0x00, 0x00, 0x00, 0x00, 0x00, 0x00, 0x00, 0x00, 0x00, 0x00, 0x00, 0x00, 0x00, 0x00, 0x00, 0x00, 0x00, 0x00, 0x00, 0x00, 0x00, 0x00, 0x00, 0x00, 0x00, 0x00, 0x00, 0x00, 0x00, 0x00, 0x00, 0x00, 0x00, 0x00, 0x00, 0x00, 0x00, 0x00, 0x00, 0x00, 0x00, 0x00, 0x00, 0x00, 0x00, 0x00, 0x00, 0x00, 0x00, 0x00, 0x00, 0x00, 0x00, 0x00, 0x00, 0x00, 0x00, 0x00, 0x00, 0x00, 0x00, 0x00, 0x00, 0x00, 0x00, 0x00, 0x00, 0x00, 0x00, 0x00, 0x00, 0x00, 0x00, 0x00, 0x00, 0x00, 0x00, 0x00, 0x00, 0x00, 0x00, 0x00, 0x00, 0x00, 0x00, 0x00, 0x00, 0x00, 0x00, 0x00, 0x00, 0x00, 0x00, 0x00, 0x00, 0x00, 0x00, 0x00, 0x00, 0x00, 0x05, 0x62, 0x5d, 0xff, 0x00, 0x92, 0x95, 0xff, 0x00, 0x92, 0x95, 0xff, 0x00, 0x92, 0x95, 0xff,
        0x00, 0x92, 0x95, 0xff, 0x29, 0xdf, 0xeb, 0xff, 0x03, 0x41, 0x50, 0xff, 0x00, 0x00, 0x00, 0x00, 0x00, 0x00, 0x00, 0x00, 0x00, 0x00, 0x00, 0x00, 0x00, 0x00, 0x00, 0x00, 0x00, 0x00, 0x00, 0x00, 0x00, 0x00, 0x00, 0x00, 0x00, 0x00, 0x00, 0x00, 0x03, 0x41, 0x50, 0xff, 0x40, 0x57, 0x6c, 0xff, 0x03, 0x41, 0x50, 0xff, 0x03, 0x41, 0x50, 0xff, 0x03, 0x41, 0x50, 0xff, 0x03, 0x41, 0x50, 0xff, 0x03, 0x41, 0x50, 0xff, 0x03, 0x41, 0x50, 0xff, 0x03, 0x41, 0x50, 0xff, 0x07, 0x48, 0x57, 0xff, 0x07, 0x48, 0x57, 0xff, 0x03, 0x41, 0x50, 0xff, 0x07, 0x48, 0x57, 0xff, 0x07, 0x48, 0x57, 0xff, 0x03, 0x41, 0x50, 0xff, 0x07, 0x48, 0x57, 0xff, 0x00, 0x00, 0x00, 0x00, 0x00, 0x00, 0x00, 0x00, 0x00, 0x00, 0x00, 0x00, 0x00, 0x00, 0x00, 0x00, 0x00, 0x00, 0x00, 0x00, 0x00, 0x00, 0x00, 0x00, 0x00, 0x00, 0x00, 0x00, 0x03, 0x41, 0x50, 0xff, 0x29, 0xdf, 0xeb, 0xff, 0x00, 0x92, 0x95, 0xff,
        0x00, 0x92, 0x95, 0xff, 0x00, 0x92, 0x95, 0xff, 0x03, 0x41, 0x50, 0xff, 0x06, 0x2e, 0x37, 0xff, 0x00, 0x00, 0x00, 0x00, 0x00, 0x00, 0x00, 0x00, 0x00, 0x00, 0x00, 0x00, 0x00, 0x00, 0x00, 0x00, 0x00, 0x00, 0x00, 0x00, 0x00, 0x00, 0x00, 0x00, 0x03, 0x41, 0x50, 0xff, 0x06, 0x2e, 0x37, 0xff, 0x03, 0x41, 0x50, 0xff, 0x06, 0x2e, 0x37, 0xff, 0x06, 0x2e, 0x37, 0xff, 0x03, 0x41, 0x50, 0xff, 0x06, 0x2e, 0x37, 0xff, 0x06, 0x2e, 0x37, 0xff, 0x03, 0x41, 0x50, 0xff, 0x07, 0x48, 0x57, 0xff, 0x06, 0x2e, 0x37, 0xff, 0x06, 0x2e, 0x37, 0xff, 0x06, 0x2e, 0x37, 0xff, 0x06, 0x2e, 0x37, 0xff, 0x06, 0x2e, 0x37, 0xff, 0x03, 0x41, 0x50, 0xff, 0x00, 0x00, 0x00, 0x00, 0x00, 0x00, 0x00, 0x00, 0x00, 0x00, 0x00, 0x00, 0x00, 0x00, 0x00, 0x00, 0x00, 0x00, 0x00, 0x00, 0x00, 0x00, 0x00, 0x00, 0x06, 0x2e, 0x37, 0xff, 0x03, 0x41, 0x50, 0xff, 0x00, 0x92, 0x95, 0xff, 0x00, 0x92, 0x95, 0xff,
        0x05, 0x62, 0x5d, 0xff, 0x00, 0x92, 0x95, 0xff, 0x00, 0x92, 0x95, 0xff, 0x05, 0x62, 0x5d, 0xff, 0x00, 0x92, 0x95, 0xff, 0x03, 0x41, 0x50, 0xff, 0x00, 0x00, 0x00, 0x00, 0x06, 0x2e, 0x37, 0xff, 0x00, 0x00, 0x00, 0x00, 0x00, 0x00, 0x00, 0x00, 0x0b, 0x21, 0x2a, 0xff, 0x03, 0x41, 0x50, 0xff, 0x06, 0x2e, 0x37, 0xff, 0x0b, 0x21, 0x2a, 0xff, 0x06, 0x2e, 0x37, 0xff, 0x0b, 0x21, 0x2a, 0xff, 0x0b, 0x21, 0x2a, 0xff, 0x0b, 0x21, 0x2a, 0xff, 0x0b, 0x21, 0x2a, 0xff, 0x0b, 0x21, 0x2a, 0xff, 0x0b, 0x21, 0x2a, 0xff, 0x0b, 0x21, 0x2a, 0xff, 0x0b, 0x21, 0x2a, 0xff, 0x03, 0x41, 0x50, 0xff, 0x0b, 0x21, 0x2a, 0xff, 0x0b, 0x21, 0x2a, 0xff, 0x00, 0x00, 0x00, 0x00, 0x00, 0x00, 0x00, 0x00, 0x06, 0x2e, 0x37, 0xff, 0x00, 0x00, 0x00, 0x00, 0x03, 0x41, 0x50, 0xff, 0x00, 0x92, 0x95, 0xff, 0x05, 0x62, 0x5d, 0xff, 0x00, 0x92, 0x95, 0xff, 0x00, 0x92, 0x95, 0xff, 0x05, 0x62, 0x5d, 0xff,
        0x29, 0xdf, 0xeb, 0xff, 0x05, 0x62, 0x5d, 0xff, 0x00, 0x92, 0x95, 0xff, 0x00, 0x92, 0x95, 0xff, 0x05, 0x62, 0x5d, 0xff, 0x03, 0x41, 0x50, 0xff, 0x03, 0x41, 0x50, 0xff, 0x06, 0x2e, 0x37, 0xff, 0x0b, 0x21, 0x2a, 0xff, 0x00, 0x00, 0x00, 0x00, 0x06, 0x2e, 0x37, 0xff, 0x0b, 0x21, 0x2a, 0xff, 0x0b, 0x21, 0x2a, 0xff, 0x11, 0x1b, 0x21, 0xff, 0x0b, 0x21, 0x2a, 0xff, 0x11, 0x1b, 0x21, 0xff, 0x0b, 0x21, 0x2a, 0xff, 0x0d, 0x12, 0x17, 0xff, 0x0b, 0x21, 0x2a, 0xff, 0x0b, 0x21, 0x2a, 0xff, 0x11, 0x1b, 0x21, 0xff, 0x11, 0x1b, 0x21, 0xff, 0x11, 0x1b, 0x21, 0xff, 0x11, 0x1b, 0x21, 0xff, 0x11, 0x1b, 0x21, 0xff, 0x11, 0x1b, 0x21, 0xff, 0x00, 0x00, 0x00, 0x00, 0x0b, 0x21, 0x2a, 0xff, 0x06, 0x2e, 0x37, 0xff, 0x03, 0x41, 0x50, 0xff, 0x03, 0x41, 0x50, 0xff, 0x05, 0x62, 0x5d, 0xff, 0x00, 0x92, 0x95, 0xff, 0x00, 0x92, 0x95, 0xff, 0x05, 0x62, 0x5d, 0xff, 0x29, 0xdf, 0xeb, 0xff,
        0x29, 0xdf, 0xeb, 0xff, 0x00, 0x00, 0x00, 0x00, 0x00, 0x00, 0x00, 0x00, 0x05, 0x62, 0x5d, 0xff, 0x00, 0x00, 0x00, 0x00, 0x00, 0x92, 0x95, 0xff, 0x05, 0x62, 0x5d, 0xff, 0x03, 0x41, 0x50, 0xff, 0x0b, 0x21, 0x2a, 0xff, 0x0b, 0x21, 0x2a, 0xff, 0x0d, 0x12, 0x17, 0xff, 0x11, 0x1b, 0x21, 0xff, 0x11, 0x15, 0x1a, 0xff, 0x06, 0x2e, 0x37, 0xff, 0x11, 0x15, 0x1a, 0xff, 0x0d, 0x12, 0x17, 0xff, 0x11, 0x1b, 0x21, 0xff, 0x11, 0x15, 0x1a, 0xff, 0x0d, 0x12, 0x17, 0xff, 0x11, 0x1b, 0x21, 0xff, 0x11, 0x1b, 0x21, 0xff, 0x0d, 0x12, 0x17, 0xff, 0x11, 0x1b, 0x21, 0xff, 0x11, 0x15, 0x1a, 0xff, 0x0d, 0x12, 0x17, 0xff, 0x0d, 0x12, 0x17, 0xff, 0x0b, 0x21, 0x2a, 0xff, 0x0b, 0x21, 0x2a, 0xff, 0x03, 0x41, 0x50, 0xff, 0x05, 0x62, 0x5d, 0xff, 0x00, 0x92, 0x95, 0xff, 0x00, 0x00, 0x00, 0x00, 0x05, 0x62, 0x5d, 0xff, 0x00, 0x00, 0x00, 0x00, 0x00, 0x00, 0x00, 0x00, 0x29, 0xdf, 0xeb, 0xff,
        0x00, 0x00, 0x00, 0x00, 0x00, 0x00, 0x00, 0x00, 0x00, 0x00, 0x00, 0x00, 0x29, 0xdf, 0xeb, 0xff, 0x00, 0x00, 0x00, 0x00, 0x00, 0x00, 0x00, 0x00, 0x29, 0xdf, 0xeb, 0xff, 0x03, 0x41, 0x50, 0xff, 0x06, 0x2e, 0x37, 0xff, 0x0b, 0x21, 0x2a, 0xff, 0x11, 0x1b, 0x21, 0xff, 0x11, 0x15, 0x1a, 0xff, 0x0d, 0x12, 0x17, 0xff, 0x0d, 0x12, 0x17, 0xff, 0x0d, 0x12, 0x17, 0xff, 0x0d, 0x12, 0x17, 0xff, 0x0d, 0x12, 0x17, 0xff, 0x0d, 0x12, 0x17, 0xff, 0x0d, 0x12, 0x17, 0xff, 0x0d, 0x12, 0x17, 0xff, 0x0d, 0x12, 0x17, 0xff, 0x0d, 0x12, 0x17, 0xff, 0x06, 0x2e, 0x37, 0xff, 0x0d, 0x12, 0x17, 0xff, 0x0d, 0x12, 0x17, 0xff, 0x0d, 0x12, 0x17, 0xff, 0x0b, 0x21, 0x2a, 0xff, 0x06, 0x2e, 0x37, 0xff, 0x03, 0x41, 0x50, 0xff, 0x29, 0xdf, 0xeb, 0xff, 0x00, 0x00, 0x00, 0x00, 0x00, 0x00, 0x00, 0x00, 0x29, 0xdf, 0xeb, 0xff, 0x00, 0x00, 0x00, 0x00, 0x00, 0x00, 0x00, 0x00, 0x00, 0x00, 0x00, 0x00,
        0x00, 0x00, 0x00, 0x00, 0x00, 0x00, 0x00, 0x00, 0x00, 0x00, 0x00, 0x00, 0x29, 0xdf, 0xeb, 0xff, 0x00, 0x00, 0x00, 0x00, 0x00, 0x00, 0x00, 0x00, 0x00, 0x00, 0x00, 0x00, 0x00, 0x00, 0x00, 0x00, 0x06, 0x2e, 0x37, 0xff, 0x0b, 0x21, 0x2a, 0xff, 0x0d, 0x12, 0x17, 0xff, 0x0d, 0x12, 0x17, 0xff, 0x0d, 0x12, 0x17, 0xff, 0x0d, 0x12, 0x17, 0xff, 0x11, 0x16, 0x1b, 0xff, 0x13, 0x1f, 0x25, 0xff, 0x0a, 0x2e, 0x36, 0xff, 0x0a, 0x2e, 0x36, 0xff, 0x0a, 0x2e, 0x36, 0xff, 0x0a, 0x2e, 0x36, 0xff, 0x12, 0x1e, 0x24, 0xff, 0x11, 0x16, 0x1b, 0xff, 0x0d, 0x12, 0x17, 0xff, 0x0d, 0x12, 0x17, 0xff, 0x0d, 0x12, 0x17, 0xff, 0x0d, 0x12, 0x17, 0xff, 0x0b, 0x21, 0x2a, 0xff, 0x06, 0x2e, 0x37, 0xff, 0x00, 0x00, 0x00, 0x00, 0x00, 0x00, 0x00, 0x00, 0x00, 0x00, 0x00, 0x00, 0x00, 0x00, 0x00, 0x00, 0x29, 0xdf, 0xeb, 0xff, 0x00, 0x00, 0x00, 0x00, 0x00, 0x00, 0x00, 0x00, 0x00, 0x00, 0x00, 0x00,
        0x00, 0x00, 0x00, 0x00, 0x00, 0x00, 0x00, 0x00, 0x00, 0x00, 0x00, 0x00, 0x00, 0x00, 0x00, 0x00, 0x00, 0x00, 0x00, 0x00, 0x00, 0x00, 0x00, 0x00, 0x00, 0x00, 0x00, 0x00, 0x00, 0x00, 0x00, 0x00, 0x00, 0x00, 0x00, 0x00, 0x00, 0x00, 0x00, 0x00, 0x0d, 0x12, 0x17, 0xff, 0x0d, 0x12, 0x17, 0xff, 0x0d, 0x12, 0x17, 0xff, 0x12, 0x1b, 0x20, 0xff, 0x0a, 0x2e, 0x36, 0xff, 0x0c, 0x2f, 0x36, 0xff, 0x0c, 0x2f, 0x36, 0xff, 0x07, 0x43, 0x4c, 0xff, 0x07, 0x43, 0x4c, 0xff, 0x0c, 0x2f, 0x36, 0xff, 0x0c, 0x2f, 0x36, 0xff, 0x0a, 0x2e, 0x36, 0xff, 0x0d, 0x12, 0x17, 0xff, 0x0d, 0x12, 0x17, 0xff, 0x0d, 0x12, 0x17, 0xff, 0x0d, 0x12, 0x17, 0xff, 0x00, 0x00, 0x00, 0x00, 0x00, 0x00, 0x00, 0x00, 0x00, 0x00, 0x00, 0x00, 0x00, 0x00, 0x00, 0x00, 0x00, 0x00, 0x00, 0x00, 0x00, 0x00, 0x00, 0x00, 0x00, 0x00, 0x00, 0x00, 0x00, 0x00, 0x00, 0x00, 0x00, 0x00, 0x00, 0x00, 0x00, 0x00, 0x00, 0x00,
        0x00, 0x00, 0x00, 0x00, 0x00, 0x00, 0x00, 0x00, 0x00, 0x00, 0x00, 0x00, 0x00, 0x00, 0x00, 0x00, 0x00, 0x00, 0x00, 0x00, 0x00, 0x00, 0x00, 0x00, 0x00, 0x00, 0x00, 0x00, 0x00, 0x00, 0x00, 0x00, 0x00, 0x00, 0x00, 0x00, 0x00, 0x00, 0x00, 0x00, 0x0d, 0x12, 0x17, 0xff, 0x0d, 0x12, 0x17, 0xff, 0x0d, 0x12, 0x17, 0xff, 0x0c, 0x2f, 0x36, 0xff, 0x0d, 0x12, 0x17, 0xff, 0x05, 0x04, 0x12, 0xff, 0x05, 0x04, 0x12, 0xff, 0x05, 0x04, 0x12, 0xff, 0x05, 0x04, 0x12, 0xff, 0x05, 0x04, 0x12, 0xff, 0x05, 0x04, 0x12, 0xff, 0x0d, 0x12, 0x17, 0xff, 0x0a, 0x2e, 0x36, 0xff, 0x0d, 0x12, 0x17, 0xff, 0x0d, 0x12, 0x17, 0xff, 0x0d, 0x12, 0x17, 0xff, 0x00, 0x00, 0x00, 0x00, 0x00, 0x00, 0x00, 0x00, 0x00, 0x00, 0x00, 0x00, 0x00, 0x00, 0x00, 0x00, 0x00, 0x00, 0x00, 0x00, 0x00, 0x00, 0x00, 0x00, 0x00, 0x00, 0x00, 0x00, 0x00, 0x00, 0x00, 0x00, 0x00, 0x00, 0x00, 0x00, 0x00, 0x00, 0x00, 0x00,
        0x00, 0x00, 0x00, 0x00, 0x00, 0x00, 0x00, 0x00, 0x00, 0x00, 0x00, 0x00, 0x00, 0x00, 0x00, 0x00, 0x00, 0x00, 0x00, 0x00, 0x00, 0x00, 0x00, 0x00, 0x00, 0x00, 0x00, 0x00, 0x00, 0x00, 0x00, 0x00, 0x00, 0x00, 0x00, 0x00, 0x00, 0x00, 0x00, 0x00, 0x11, 0x1b, 0x21, 0xff, 0x0d, 0x12, 0x17, 0xff, 0x0a, 0x2e, 0x36, 0xff, 0x05, 0x04, 0x12, 0xff, 0x05, 0x04, 0x12, 0xff, 0x05, 0x04, 0x12, 0xff, 0x05, 0x04, 0x12, 0xff, 0x05, 0x04, 0x12, 0xff, 0x05, 0x04, 0x12, 0xff, 0x05, 0x04, 0x12, 0xff, 0x05, 0x04, 0x12, 0xff, 0x05, 0x04, 0x12, 0xff, 0x05, 0x04, 0x12, 0xff, 0x0a, 0x2e, 0x36, 0xff, 0x0d, 0x12, 0x17, 0xff, 0x0d, 0x12, 0x17, 0xff, 0x00, 0x00, 0x00, 0x00, 0x00, 0x00, 0x00, 0x00, 0x00, 0x00, 0x00, 0x00, 0x00, 0x00, 0x00, 0x00, 0x00, 0x00, 0x00, 0x00, 0x00, 0x00, 0x00, 0x00, 0x00, 0x00, 0x00, 0x00, 0x00, 0x00, 0x00, 0x00, 0x00, 0x00, 0x00, 0x00, 0x00, 0x00, 0x00, 0x00,
        0x00, 0x00, 0x00, 0x00, 0x00, 0x00, 0x00, 0x00, 0x00, 0x00, 0x00, 0x00, 0x00, 0x00, 0x00, 0x00, 0x00, 0x00, 0x00, 0x00, 0x00, 0x00, 0x00, 0x00, 0x00, 0x00, 0x00, 0x00, 0x00, 0x00, 0x00, 0x00, 0x00, 0x00, 0x00, 0x00, 0x00, 0x00, 0x00, 0x00, 0x11, 0x1b, 0x21, 0xff, 0x0d, 0x12, 0x17, 0xff, 0x12, 0x1b, 0x1f, 0xff, 0x05, 0x04, 0x12, 0xff, 0x05, 0x04, 0x12, 0xff, 0x0d, 0x12, 0x17, 0xff, 0x0d, 0x12, 0x17, 0xff, 0x0d, 0x12, 0x17, 0xff, 0x0d, 0x12, 0x17, 0xff, 0x0d, 0x12, 0x17, 0xff, 0x0d, 0x12, 0x17, 0xff, 0x05, 0x04, 0x12, 0xff, 0x05, 0x04, 0x12, 0xff, 0x12, 0x1b, 0x1f, 0xff, 0x0d, 0x12, 0x17, 0xff, 0x0d, 0x12, 0x17, 0xff, 0x00, 0x00, 0x00, 0x00, 0x00, 0x00, 0x00, 0x00, 0x00, 0x00, 0x00, 0x00, 0x00, 0x00, 0x00, 0x00, 0x00, 0x00, 0x00, 0x00, 0x00, 0x00, 0x00, 0x00, 0x00, 0x00, 0x00, 0x00, 0x00, 0x00, 0x00, 0x00, 0x00, 0x00, 0x00, 0x00, 0x00, 0x00, 0x00, 0x00,
        0x00, 0x00, 0x00, 0x00, 0x00, 0x00, 0x00, 0x00, 0x00, 0x00, 0x00, 0x00, 0x00, 0x00, 0x00, 0x00, 0x00, 0x00, 0x00, 0x00, 0x00, 0x00, 0x00, 0x00, 0x00, 0x00, 0x00, 0x00, 0x00, 0x00, 0x00, 0x00, 0x00, 0x00, 0x00, 0x00, 0x00, 0x00, 0x00, 0x00, 0x0d, 0x12, 0x17, 0xff, 0x12, 0x1a, 0x20, 0xff, 0x05, 0x04, 0x12, 0xff, 0x05, 0x04, 0x12, 0xff, 0x0d, 0x12, 0x17, 0xff, 0x0d, 0x12, 0x17, 0xff, 0x11, 0x1b, 0x21, 0xff, 0x11, 0x1b, 0x21, 0xff, 0x11, 0x1b, 0x21, 0xff, 0x11, 0x1b, 0x21, 0xff, 0x0d, 0x12, 0x17, 0xff, 0x0d, 0x12, 0x17, 0xff, 0x05, 0x04, 0x12, 0xff, 0x05, 0x04, 0x12, 0xff, 0x12, 0x1a, 0x20, 0xff, 0x0d, 0x12, 0x17, 0xff, 0x00, 0x00, 0x00, 0x00, 0x00, 0x00, 0x00, 0x00, 0x00, 0x00, 0x00, 0x00, 0x00, 0x00, 0x00, 0x00, 0x00, 0x00, 0x00, 0x00, 0x00, 0x00, 0x00, 0x00, 0x00, 0x00, 0x00, 0x00, 0x00, 0x00, 0x00, 0x00, 0x00, 0x00, 0x00, 0x00, 0x00, 0x00, 0x00, 0x00,
        0x00, 0x00, 0x00, 0x00, 0x00, 0x00, 0x00, 0x00, 0x00, 0x00, 0x00, 0x00, 0x00, 0x00, 0x00, 0x00, 0x00, 0x00, 0x00, 0x00, 0x00, 0x00, 0x00, 0x00, 0x00, 0x00, 0x00, 0x00, 0x00, 0x00, 0x00, 0x00, 0x00, 0x00, 0x00, 0x00, 0x00, 0x00, 0x00, 0x00, 0x0d, 0x12, 0x17, 0xff, 0x11, 0x1b, 0x20, 0xff, 0x10, 0x23, 0x2b, 0xff, 0x0d, 0x12, 0x17, 0xff, 0x0d, 0x12, 0x17, 0xff, 0x07, 0x43, 0x4c, 0xff, 0x07, 0x43, 0x4c, 0xff, 0x07, 0x43, 0x4c, 0xff, 0x0c, 0x2f, 0x36, 0xff, 0x07, 0x43, 0x4c, 0xff, 0x0c, 0x2f, 0x36, 0xff, 0x0d, 0x12, 0x17, 0xff, 0x0d, 0x12, 0x17, 0xff, 0x10, 0x23, 0x2b, 0xff, 0x11, 0x1b, 0x20, 0xff, 0x0d, 0x12, 0x17, 0xff, 0x00, 0x00, 0x00, 0x00, 0x00, 0x00, 0x00, 0x00, 0x00, 0x00, 0x00, 0x00, 0x00, 0x00, 0x00, 0x00, 0x00, 0x00, 0x00, 0x00, 0x00, 0x00, 0x00, 0x00, 0x00, 0x00, 0x00, 0x00, 0x00, 0x00, 0x00, 0x00, 0x00, 0x00, 0x00, 0x00, 0x00, 0x00, 0x00, 0x00,
        0x00, 0x00, 0x00, 0x00, 0x00, 0x00, 0x00, 0x00, 0x00, 0x00, 0x00, 0x00, 0x00, 0x00, 0x00, 0x00, 0x00, 0x00, 0x00, 0x00, 0x00, 0x00, 0x00, 0x00, 0x00, 0x00, 0x00, 0x00, 0x00, 0x00, 0x00, 0x00, 0x00, 0x00, 0x00, 0x00, 0x00, 0x00, 0x00, 0x00, 0x0d, 0x12, 0x17, 0xff, 0x0d, 0x12, 0x17, 0xff, 0x12, 0x1b, 0x20, 0xff, 0x10, 0x23, 0x2b, 0xff, 0x0c, 0x2f, 0x36, 0xff, 0x0e, 0x23, 0x2b, 0xff, 0x12, 0x1b, 0x20, 0xff, 0x12, 0x1b, 0x20, 0xff, 0x12, 0x1b, 0x20, 0xff, 0x12, 0x1b, 0x20, 0xff, 0x0e, 0x23, 0x2b, 0xff, 0x0c, 0x2f, 0x36, 0xff, 0x0c, 0x2f, 0x36, 0xff, 0x12, 0x1b, 0x20, 0xff, 0x0d, 0x12, 0x17, 0xff, 0x0d, 0x12, 0x17, 0xff, 0x00, 0x00, 0x00, 0x00, 0x00, 0x00, 0x00, 0x00, 0x00, 0x00, 0x00, 0x00, 0x00, 0x00, 0x00, 0x00, 0x00, 0x00, 0x00, 0x00, 0x00, 0x00, 0x00, 0x00, 0x00, 0x00, 0x00, 0x00, 0x00, 0x00, 0x00, 0x00, 0x00, 0x00, 0x00, 0x00, 0x00, 0x00, 0x00, 0x00,
        0x00, 0x00, 0x00, 0x00, 0x00, 0x00, 0x00, 0x00, 0x00, 0x00, 0x00, 0x00, 0x00, 0x00, 0x00, 0x00, 0x00, 0x00, 0x00, 0x00, 0x00, 0x00, 0x00, 0x00, 0x00, 0x00, 0x00, 0x00, 0x00, 0x00, 0x00, 0x00, 0x00, 0x00, 0x00, 0x00, 0x00, 0x00, 0x00, 0x00, 0x0d, 0x12, 0x17, 0xff, 0x0d, 0x12, 0x17, 0xff, 0x11, 0x1b, 0x20, 0xff, 0x12, 0x1b, 0x20, 0xff, 0x11, 0x1a, 0x20, 0xff, 0x0d, 0x12, 0x17, 0xff, 0x0d, 0x12, 0x17, 0xff, 0x0d, 0x12, 0x17, 0xff, 0x0d, 0x12, 0x17, 0xff, 0x0d, 0x12, 0x17, 0xff, 0x0d, 0x12, 0x17, 0xff, 0x11, 0x1a, 0x20, 0xff, 0x12, 0x1b, 0x20, 0xff, 0x11, 0x1b, 0x20, 0xff, 0x0d, 0x12, 0x17, 0xff, 0x0d, 0x12, 0x17, 0xff, 0x00, 0x00, 0x00, 0x00, 0x00, 0x00, 0x00, 0x00, 0x00, 0x00, 0x00, 0x00, 0x00, 0x00, 0x00, 0x00, 0x00, 0x00, 0x00, 0x00, 0x00, 0x00, 0x00, 0x00, 0x00, 0x00, 0x00, 0x00, 0x00, 0x00, 0x00, 0x00, 0x00, 0x00, 0x00, 0x00, 0x00, 0x00, 0x00, 0x00,
        0x00, 0x00, 0x00, 0x00, 0x00, 0x00, 0x00, 0x00, 0x00, 0x00, 0x00, 0x00, 0x00, 0x00, 0x00, 0x00, 0x00, 0x00, 0x00, 0x00, 0x00, 0x00, 0x00, 0x00, 0x00, 0x00, 0x00, 0x00, 0x00, 0x00, 0x00, 0x00, 0x00, 0x00, 0x00, 0x00, 0x00, 0x00, 0x00, 0x00, 0x0d, 0x12, 0x17, 0xff, 0x0d, 0x12, 0x17, 0xff, 0x0d, 0x12, 0x17, 0xff, 0x12, 0x1b, 0x20, 0xff, 0x0d, 0x12, 0x17, 0xff, 0x0d, 0x12, 0x17, 0xff, 0x0d, 0x12, 0x17, 0xff, 0x0d, 0x12, 0x17, 0xff, 0x0d, 0x12, 0x17, 0xff, 0x0d, 0x12, 0x17, 0xff, 0x0d, 0x12, 0x17, 0xff, 0x0d, 0x12, 0x17, 0xff, 0x11, 0x1b, 0x20, 0xff, 0x0d, 0x12, 0x17, 0xff, 0x0d, 0x12, 0x17, 0xff, 0x0d, 0x12, 0x17, 0xff, 0x00, 0x00, 0x00, 0x00, 0x00, 0x00, 0x00, 0x00, 0x00, 0x00, 0x00, 0x00, 0x00, 0x00, 0x00, 0x00, 0x00, 0x00, 0x00, 0x00, 0x00, 0x00, 0x00, 0x00, 0x00, 0x00, 0x00, 0x00, 0x00, 0x00, 0x00, 0x00, 0x00, 0x00, 0x00, 0x00, 0x00, 0x00, 0x00, 0x00,
    ] },
    Builtin { id: "breeze", name: "Breeze", kind: Kind::Mob, w: 8, h: 8, rgba: &[
        0xb5, 0xa5, 0xca, 0xff, 0xbf, 0xaf, 0xc9, 0xff, 0xbf, 0xaf, 0xc9, 0xff, 0xbf, 0xaf, 0xc9, 0xff, 0xb5, 0xa5, 0xca, 0xff, 0xb5, 0xa5, 0xca, 0xff, 0xab, 0x9c, 0xcb, 0xff, 0xab, 0x9c, 0xcb, 0xff,
        0x95, 0x8d, 0xd3, 0xff, 0x95, 0x8d, 0xd3, 0xff, 0xab, 0x9c, 0xcb, 0xff, 0xb5, 0xa5, 0xca, 0xff, 0xb5, 0xa5, 0xca, 0xff, 0xbf, 0xaf, 0xc9, 0xff, 0xbf, 0xaf, 0xc9, 0xff, 0xb5, 0xa5, 0xca, 0xff,
        0x95, 0x8d, 0xd3, 0xff, 0xab, 0x9c, 0xcb, 0xff, 0xbf, 0xaf, 0xc9, 0xff, 0xbf, 0xaf, 0xc9, 0xff, 0xb5, 0xa5, 0xca, 0xff, 0xab, 0x9c, 0xcb, 0xff, 0x95, 0x8d, 0xd3, 0xff, 0x95, 0x8d, 0xd3, 0xff,
        0x95, 0x8d, 0xd3, 0xff, 0x7a, 0x82, 0xc4, 0xff, 0x7a, 0x82, 0xc4, 0xff, 0x95, 0x8d, 0xd3, 0xff, 0x95, 0x8d, 0xd3, 0xff, 0x7a, 0x82, 0xc4, 0xff, 0x7a, 0x82, 0xc4, 0xff, 0x95, 0x8d, 0xd3, 0xff,
        0x57, 0x6c, 0x9d, 0xff, 0x57, 0x6c, 0x9d, 0xff, 0x57, 0x6c, 0x9d, 0xff, 0x57, 0x6c, 0x9d, 0xff, 0x6c, 0x76, 0xab, 0xff, 0x6c, 0x76, 0xab, 0xff, 0x6c, 0x76, 0xab, 0xff, 0x57, 0x6c, 0x9d, 0xff,
        0x3e, 0x5e, 0x87, 0xff, 0x3e, 0x5e, 0x87, 0xff, 0x57, 0x6c, 0x9d, 0xff, 0x57, 0x6c, 0x9d, 0xff, 0x57, 0x6c, 0x9d, 0xff, 0x3e, 0x5e, 0x87, 0xff, 0x3e, 0x5e, 0x87, 0xff, 0x3e, 0x5e, 0x87, 0xff,
        0xf9, 0xd5, 0x64, 0xff, 0x2b, 0x3b, 0x52, 0xff, 0x3e, 0x5e, 0x87, 0xff, 0x3e, 0x5e, 0x87, 0xff, 0x3e, 0x5e, 0x87, 0xff, 0x3e, 0x5e, 0x87, 0xff, 0x2b, 0x3b, 0x52, 0xff, 0xf9, 0xd5, 0x64, 0xff,
        0x3e, 0x5e, 0x87, 0xff, 0x3e, 0x5e, 0x87, 0xff, 0x3e, 0x5e, 0x87, 0xff, 0x3e, 0x5e, 0x87, 0xff, 0x3e, 0x5e, 0x87, 0xff, 0x3e, 0x5e, 0x87, 0xff, 0x3e, 0x5e, 0x87, 0xff, 0x3e, 0x5e, 0x87, 0xff,
    ] },
    Builtin { id: "shulker", name: "Shulker", kind: Kind::Mob, w: 16, h: 20, rgba: &[
        0x7f, 0x5b, 0x7f, 0xff, 0x8f, 0x65, 0x8f, 0xff, 0x9e, 0x71, 0x9e, 0xff, 0x8f, 0x64, 0x8f, 0xff, 0x7f, 0x5a, 0x7f, 0xff, 0x8f, 0x66, 0x8f, 0xff, 0x9e, 0x70, 0x9e, 0xff, 0x8f, 0x66, 0x8f, 0xff, 0x7f, 0x59, 0x7f, 0xff, 0x8f, 0x65, 0x8f, 0xff, 0x9e, 0x6e, 0x9e, 0xff, 0x8f, 0x67, 0x8f, 0xff, 0x7f, 0x5a, 0x7f, 0xff, 0x8f, 0x66, 0x8f, 0xff, 0x9e, 0x71, 0x9e, 0xff, 0x87, 0x60, 0x87, 0xff,
        0x8f, 0x64, 0x8f, 0xff, 0x77, 0x54, 0x77, 0xff, 0x87, 0x5c, 0x87, 0xff, 0x77, 0x54, 0x77, 0xff, 0x87, 0x5c, 0x87, 0xff, 0x77, 0x50, 0x77, 0xff, 0x87, 0x5e, 0x87, 0xff, 0x77, 0x54, 0x77, 0xff, 0x87, 0x5b, 0x87, 0xff, 0x77, 0x54, 0x77, 0xff, 0x87, 0x5e, 0x87, 0xff, 0x77, 0x54, 0x77, 0xff, 0x87, 0x5e, 0x87, 0xff, 0x77, 0x54, 0x77, 0xff, 0x87, 0x5e, 0x87, 0xff, 0x70, 0x50, 0x70, 0xff,
        0x9e, 0x70, 0x9e, 0xff, 0x87, 0x5e, 0x87, 0xff, 0x77, 0x54, 0x77, 0xff, 0x87, 0x5e, 0x87, 0xff, 0x97, 0x67, 0x97, 0xff, 0x87, 0x5e, 0x87, 0xff, 0x77, 0x54, 0x77, 0xff, 0x87, 0x5c, 0x87, 0xff, 0x97, 0x69, 0x97, 0xff, 0x87, 0x5f, 0x87, 0xff, 0x77, 0x54, 0x77, 0xff, 0x87, 0x5e, 0x87, 0xff, 0x97, 0x67, 0x97, 0xff, 0x87, 0x5e, 0x87, 0xff, 0x77, 0x54, 0x77, 0xff, 0x7f, 0x59, 0x7f, 0xff,
        0x8f, 0x66, 0x8f, 0xff, 0x77, 0x54, 0x77, 0xff, 0x87, 0x5e, 0x87, 0xff, 0x97, 0x67, 0x97, 0xff, 0x97, 0x67, 0x97, 0xff, 0x97, 0x6a, 0x97, 0xff, 0x97, 0x66, 0x97, 0xff, 0x97, 0x69, 0x97, 0xff, 0x97, 0x69, 0x97, 0xff, 0x97, 0x69, 0x97, 0xff, 0x97, 0x69, 0x97, 0xff, 0x97, 0x66, 0x97, 0xff, 0x97, 0x69, 0x97, 0xff, 0x97, 0x69, 0x97, 0xff, 0x87, 0x5f, 0x87, 0xff, 0x70, 0x4f, 0x70, 0xff,
        0x7f, 0x5b, 0x7f, 0xff, 0x87, 0x5c, 0x87, 0xff, 0x97, 0x67, 0x97, 0xff, 0x97, 0x69, 0x97, 0xff, 0x97, 0x6a, 0x97, 0xff, 0x97, 0x6a, 0x97, 0xff, 0x97, 0x67, 0x97, 0xff, 0x97, 0x67, 0x97, 0xff, 0x97, 0x69, 0x97, 0xff, 0x97, 0x6a, 0x97, 0xff, 0x97, 0x66, 0x97, 0xff, 0x97, 0x69, 0x97, 0xff, 0x97, 0x65, 0x97, 0xff, 0x87, 0x5e, 0x87, 0xff, 0x77, 0x54, 0x77, 0xff, 0x7f, 0x58, 0x7f, 0xff,
        0x8f, 0x65, 0x8f, 0xff, 0x77, 0x52, 0x77, 0xff, 0x87, 0x5f, 0x87, 0xff, 0x97, 0x69, 0x97, 0xff, 0x97, 0x66, 0x97, 0xff, 0x97, 0x69, 0x97, 0xff, 0x97, 0x67, 0x97, 0xff, 0x97, 0x69, 0x97, 0xff, 0x97, 0x6a, 0x97, 0xff, 0x97, 0x6a, 0x97, 0xff, 0x97, 0x69, 0x97, 0xff, 0x97, 0x67, 0x97, 0xff, 0x97, 0x6b, 0x97, 0xff, 0x77, 0x54, 0x77, 0xff, 0x87, 0x5e, 0x87, 0xff, 0x8e, 0x60, 0x8e, 0xff,
        0x9e, 0x70, 0x9e, 0xff, 0x87, 0x5c, 0x87, 0xff, 0x77, 0x52, 0x77, 0xff, 0x97, 0x6a, 0x97, 0xff, 0x97, 0x67, 0x97, 0xff, 0x97, 0x69, 0x97, 0xff, 0x97, 0x67, 0x97, 0xff, 0x97, 0x69, 0x97, 0xff, 0x97, 0x6a, 0x97, 0xff, 0x97, 0x66, 0x97, 0xff, 0x97, 0x6a, 0x97, 0xff, 0x97, 0x67, 0x97, 0xff, 0x97, 0x69, 0x97, 0xff, 0x87, 0x5c, 0x87, 0xff, 0x77, 0x52, 0x77, 0xff, 0x7f, 0x58, 0x7f, 0xff,
        0x8f, 0x65, 0x8f, 0xff, 0x77, 0x52, 0x77, 0xff, 0x87, 0x5f, 0x87, 0xff, 0x8e, 0x63, 0x8e, 0xff, 0x8e, 0x61, 0x8e, 0xff, 0x8e, 0x63, 0x8e, 0xff, 0x8e, 0x63, 0x8e, 0xff, 0x8e, 0x63, 0x8e, 0xff, 0x8e, 0x60, 0x8e, 0xff, 0x8e, 0x63, 0x8e, 0xff, 0x8e, 0x61, 0x8e, 0xff, 0x8e, 0x63, 0x8e, 0xff, 0x97, 0x6a, 0x97, 0xff, 0x97, 0x69, 0x97, 0xff, 0x87, 0x5f, 0x87, 0xff, 0x70, 0x4f, 0x70, 0xff,
        0x7f, 0x5a, 0x7f, 0xff, 0x87, 0x60, 0x87, 0xff, 0x97, 0x69, 0x97, 0xff, 0x8e, 0x60, 0x8e, 0xff, 0x00, 0x00, 0x00, 0x00, 0xe6, 0xf0, 0xad, 0xff, 0xe6, 0xf0, 0xad, 0xff, 0xe6, 0xf0, 0xad, 0xff, 0xe6, 0xf0, 0xad, 0xff, 0xe6, 0xf0, 0xad, 0xff, 0xe6, 0xf0, 0xad, 0xff, 0x00, 0x00, 0x00, 0x00, 0x9e, 0x6e, 0x9e, 0xff, 0x87, 0x5e, 0x87, 0xff, 0x77, 0x54, 0x77, 0xff, 0x7f, 0x58, 0x7f, 0xff,
        0x89, 0x5f, 0x89, 0xff, 0x77, 0x54, 0x77, 0xff, 0x87, 0x5f, 0x87, 0xff, 0x8e, 0x63, 0x8e, 0xff, 0x00, 0x00, 0x00, 0x00, 0xe6, 0xf0, 0xad, 0xff, 0xe6, 0xf0, 0xad, 0xff, 0xe6, 0xf0, 0xad, 0xff, 0xe6, 0xf0, 0xad, 0xff, 0xe6, 0xf0, 0xad, 0xff, 0xe6, 0xf0, 0xad, 0xff, 0x00, 0x00, 0x00, 0x00, 0x9e, 0x71, 0x9e, 0xff, 0x77, 0x55, 0x77, 0xff, 0x87, 0x5f, 0x87, 0xff, 0x8e, 0x63, 0x8e, 0xff,
        0x9e, 0x71, 0x9e, 0xff, 0x87, 0x5f, 0x87, 0xff, 0x77, 0x55, 0x77, 0xff, 0x8e, 0x61, 0x8e, 0xff, 0x00, 0x00, 0x00, 0x00, 0xba, 0xb6, 0x79, 0xff, 0xba, 0xb6, 0x79, 0xff, 0xba, 0xb6, 0x79, 0xff, 0xba, 0xb6, 0x79, 0xff, 0xba, 0xb6, 0x79, 0xff, 0xba, 0xb6, 0x79, 0xff, 0x00, 0x00, 0x00, 0x00, 0x9e, 0x72, 0x9e, 0xff, 0x87, 0x5f, 0x87, 0xff, 0x77, 0x54, 0x77, 0xff, 0x7f, 0x59, 0x7f, 0xff,
        0x89, 0x5f, 0x89, 0xff, 0x77, 0x54, 0x77, 0xff, 0x81, 0x59, 0x81, 0xff, 0x8e, 0x61, 0x8e, 0xff, 0x00, 0x00, 0x00, 0x00, 0xff, 0xff, 0xff, 0xff, 0x00, 0x00, 0x00, 0xff, 0xe6, 0xf0, 0xad, 0xff, 0xe6, 0xf0, 0xad, 0xff, 0x00, 0x00, 0x00, 0xff, 0xff, 0xff, 0xff, 0xff, 0x00, 0x00, 0x00, 0x00, 0x9e, 0x71, 0x9e, 0xff, 0x8c, 0x5e, 0x8c, 0xff, 0x81, 0x5a, 0x81, 0xff, 0x70, 0x50, 0x70, 0xff,
        0x00, 0x00, 0x00, 0x00, 0x00, 0x00, 0x00, 0x00, 0x00, 0x00, 0x00, 0x00, 0x00, 0x00, 0x00, 0x00, 0x9e, 0x72, 0x9e, 0xff, 0x9e, 0x71, 0x9e, 0xff, 0x9e, 0x73, 0x9e, 0xff, 0x9e, 0x71, 0x9e, 0xff, 0x9e, 0x73, 0x9e, 0xff, 0x9e, 0x6e, 0x9e, 0xff, 0x9e, 0x6e, 0x9e, 0xff, 0x9e, 0x73, 0x9e, 0xff, 0x00, 0x00, 0x00, 0x00, 0x00, 0x00, 0x00, 0x00, 0x00, 0x00, 0x00, 0x00, 0x00, 0x00, 0x00, 0x00,
        0x00, 0x00, 0x00, 0x00, 0x00, 0x00, 0x00, 0x00, 0x00, 0x00, 0x00, 0x00, 0x00, 0x00, 0x00, 0x00, 0x9e, 0x71, 0x9e, 0xff, 0x97, 0x67, 0x97, 0xff, 0x97, 0x6a, 0x97, 0xff, 0x97, 0x6a, 0x97, 0xff, 0x97, 0x69, 0x97, 0xff, 0x97, 0x67, 0x97, 0xff, 0x97, 0x67, 0x97, 0xff, 0x8e, 0x63, 0x8e, 0xff, 0x00, 0x00, 0x00, 0x00, 0x00, 0x00, 0x00, 0x00, 0x00, 0x00, 0x00, 0x00, 0x00, 0x00, 0x00, 0x00,
        0x00, 0x00, 0x00, 0x00, 0x00, 0x00, 0x00, 0x00, 0x00, 0x00, 0x00, 0x00, 0x00, 0x00, 0x00, 0x00, 0x9e, 0x70, 0x9e, 0xff, 0x97, 0x66, 0x97, 0xff, 0x97, 0x67, 0x97, 0xff, 0x97, 0x66, 0x97, 0xff, 0x97, 0x66, 0x97, 0xff, 0x97, 0x6a, 0x97, 0xff, 0x97, 0x67, 0x97, 0xff, 0x8e, 0x63, 0x8e, 0xff, 0x00, 0x00, 0x00, 0x00, 0x00, 0x00, 0x00, 0x00, 0x00, 0x00, 0x00, 0x00, 0x00, 0x00, 0x00, 0x00,
        0x00, 0x00, 0x00, 0x00, 0x00, 0x00, 0x00, 0x00, 0x00, 0x00, 0x00, 0x00, 0x00, 0x00, 0x00, 0x00, 0x9e, 0x72, 0x9e, 0xff, 0x97, 0x67, 0x97, 0xff, 0x97, 0x69, 0x97, 0xff, 0x97, 0x66, 0x97, 0xff, 0x97, 0x67, 0x97, 0xff, 0x97, 0x66, 0x97, 0xff, 0x97, 0x6b, 0x97, 0xff, 0x8e, 0x63, 0x8e, 0xff, 0x00, 0x00, 0x00, 0x00, 0x00, 0x00, 0x00, 0x00, 0x00, 0x00, 0x00, 0x00, 0x00, 0x00, 0x00, 0x00,
        0x7f, 0x57, 0x7f, 0xff, 0x8f, 0x65, 0x8f, 0xff, 0x9e, 0x72, 0x9e, 0xff, 0x9e, 0x71, 0x9e, 0xff, 0x9e, 0x71, 0x9e, 0xff, 0x97, 0x67, 0x97, 0xff, 0x97, 0x69, 0x97, 0xff, 0x97, 0x67, 0x97, 0xff, 0x97, 0x6a, 0x97, 0xff, 0x97, 0x67, 0x97, 0xff, 0x97, 0x69, 0x97, 0xff, 0x97, 0x66, 0x97, 0xff, 0xa3, 0x74, 0xa3, 0xff, 0x8f, 0x66, 0x8f, 0xff, 0x7f, 0x5a, 0x7f, 0xff, 0x87, 0x61, 0x87, 0xff,
        0x8f, 0x67, 0x8f, 0xff, 0x77, 0x55, 0x77, 0xff, 0x87, 0x5e, 0x87, 0xff, 0x97, 0x69, 0x97, 0xff, 0x87, 0x5c, 0x87, 0xff, 0x77, 0x54, 0x77, 0xff, 0x87, 0x5c, 0x87, 0xff, 0x97, 0x69, 0x97, 0xff, 0x87, 0x5e, 0x87, 0xff, 0x77, 0x54, 0x77, 0xff, 0x87, 0x5e, 0x87, 0xff, 0x97, 0x69, 0x97, 0xff, 0x87, 0x5e, 0x87, 0xff, 0x77, 0x54, 0x77, 0xff, 0x87, 0x5f, 0x87, 0xff, 0x8e, 0x63, 0x8e, 0xff,
        0x7f, 0x5b, 0x7f, 0xff, 0x87, 0x5e, 0x87, 0xff, 0x77, 0x54, 0x77, 0xff, 0x87, 0x5e, 0x87, 0xff, 0x77, 0x52, 0x77, 0xff, 0x87, 0x5e, 0x87, 0xff, 0x77, 0x52, 0x77, 0xff, 0x87, 0x60, 0x87, 0xff, 0x77, 0x52, 0x77, 0xff, 0x87, 0x5f, 0x87, 0xff, 0x77, 0x54, 0x77, 0xff, 0x87, 0x5c, 0x87, 0xff, 0x77, 0x54, 0x77, 0xff, 0x87, 0x5f, 0x87, 0xff, 0x77, 0x54, 0x77, 0xff, 0x7f, 0x59, 0x7f, 0xff,
        0x8f, 0x64, 0x8f, 0xff, 0x8e, 0x61, 0x8e, 0xff, 0x7f, 0x58, 0x7f, 0xff, 0x70, 0x4e, 0x70, 0xff, 0x7f, 0x57, 0x7f, 0xff, 0x8e, 0x63, 0x8e, 0xff, 0x7f, 0x58, 0x7f, 0xff, 0x70, 0x4f, 0x70, 0xff, 0x7f, 0x57, 0x7f, 0xff, 0x8e, 0x63, 0x8e, 0xff, 0x7f, 0x57, 0x7f, 0xff, 0x70, 0x4f, 0x70, 0xff, 0x7f, 0x58, 0x7f, 0xff, 0x8e, 0x63, 0x8e, 0xff, 0x7f, 0x56, 0x7f, 0xff, 0x70, 0x50, 0x70, 0xff,
    ] },
    Builtin { id: "phantom", name: "Phantom", kind: Kind::Mob, w: 17, h: 4, rgba: &[
        0x37, 0x43, 0x77, 0xff, 0x43, 0x51, 0x8a, 0xff, 0x43, 0x51, 0x8a, 0xff, 0x43, 0x51, 0x8a, 0xff, 0x37, 0x43, 0x77, 0xff, 0x95, 0x8c, 0x79, 0xff, 0x29, 0x2f, 0x4a, 0xff, 0x2d, 0x3f, 0x56, 0xff, 0x62, 0x4d, 0x43, 0xff, 0x2d, 0x3f, 0x56, 0xff, 0x29, 0x2f, 0x4a, 0xff, 0x37, 0x43, 0x77, 0xff, 0x43, 0x51, 0x8a, 0xff, 0x43, 0x51, 0x8a, 0xff, 0x43, 0x51, 0x8a, 0xff, 0x37, 0x43, 0x77, 0xff, 0x95, 0x8c, 0x79, 0xff,
        0xc0, 0x9c, 0x85, 0xff, 0xc0, 0x9c, 0x85, 0xff, 0xc0, 0x9c, 0x85, 0xff, 0xa6, 0x81, 0x79, 0xff, 0xa6, 0x81, 0x79, 0xff, 0x43, 0x51, 0x8a, 0xff, 0x50, 0x61, 0xa4, 0xff, 0x50, 0x61, 0xa4, 0xff, 0x50, 0x61, 0xa4, 0xff, 0x50, 0x61, 0xa4, 0xff, 0x50, 0x61, 0xa4, 0xff, 0x43, 0x51, 0x8a, 0xff, 0xc0, 0x9c, 0x85, 0xff, 0xc0, 0x9c, 0x85, 0xff, 0xa6, 0x81, 0x79, 0xff, 0xa6, 0x81, 0x79, 0xff, 0x7e, 0x62, 0x7b, 0xff,
        0x00, 0x00, 0x00, 0x00, 0x00, 0x00, 0x00, 0x00, 0x00, 0x00, 0x00, 0x00, 0x00, 0x00, 0x00, 0x00, 0x00, 0x00, 0x00, 0x00, 0x88, 0xff, 0x00, 0xff, 0x36, 0xdc, 0x0b, 0xff, 0x50, 0x61, 0xa4, 0xff, 0x50, 0x61, 0xa4, 0xff, 0x50, 0x61, 0xa4, 0xff, 0x36, 0xdc, 0x0b, 0xff, 0x88, 0xff, 0x00, 0xff, 0x00, 0x00, 0x00, 0x00, 0x00, 0x00, 0x00, 0x00, 0x00, 0x00, 0x00, 0x00, 0x00, 0x00, 0x00, 0x00, 0x00, 0x00, 0x00, 0x00,
        0x00, 0x00, 0x00, 0x00, 0x00, 0x00, 0x00, 0x00, 0x00, 0x00, 0x00, 0x00, 0x00, 0x00, 0x00, 0x00, 0x00, 0x00, 0x00, 0x00, 0x50, 0x61, 0xa4, 0xff, 0x43, 0x51, 0x8a, 0xff, 0x50, 0x61, 0xa4, 0xff, 0x50, 0x61, 0xa4, 0xff, 0x50, 0x61, 0xa4, 0xff, 0x43, 0x51, 0x8a, 0xff, 0x50, 0x61, 0xa4, 0xff, 0x00, 0x00, 0x00, 0x00, 0x00, 0x00, 0x00, 0x00, 0x00, 0x00, 0x00, 0x00, 0x00, 0x00, 0x00, 0x00, 0x00, 0x00, 0x00, 0x00,
    ] },
    Builtin { id: "vex", name: "Vex", kind: Kind::Mob, w: 5, h: 5, rgba: &[
        0x94, 0xac, 0xc3, 0xff, 0xa2, 0xbc, 0xd5, 0xff, 0xa2, 0xbc, 0xd5, 0xff, 0x94, 0xac, 0xc3, 0xff, 0xa2, 0xbc, 0xd5, 0xff,
        0x60, 0x72, 0x83, 0xff, 0x94, 0xac, 0xc3, 0xff, 0x94, 0xac, 0xc3, 0xff, 0xa2, 0xbc, 0xd5, 0xff, 0x60, 0x72, 0x83, 0xff,
        0x60, 0x72, 0x83, 0xff, 0x60, 0x72, 0x83, 0xff, 0x79, 0x92, 0xaa, 0xff, 0x60, 0x72, 0x83, 0xff, 0x60, 0x72, 0x83, 0xff,
        0xe0, 0xe9, 0xf1, 0xff, 0xff, 0xff, 0xff, 0xff, 0x94, 0xac, 0xc3, 0xff, 0xff, 0xff, 0xff, 0xff, 0xe0, 0xe9, 0xf1, 0xff,
        0x94, 0xac, 0xc3, 0xff, 0xa2, 0xbc, 0xd5, 0xff, 0xa2, 0xbc, 0xd5, 0xff, 0xa2, 0xbc, 0xd5, 0xff, 0x94, 0xac, 0xc3, 0xff,
    ] },
    Builtin { id: "ravager", name: "Ravager", kind: Kind::Mob, w: 20, h: 25, rgba: &[
        0x6f, 0x78, 0x6c, 0xff, 0x6f, 0x78, 0x6c, 0xff, 0x60, 0x5f, 0x5a, 0xff, 0x6a, 0x69, 0x65, 0xff, 0x60, 0x5f, 0x5a, 0xff, 0x6a, 0x69, 0x65, 0xff, 0x6a, 0x69, 0x65, 0xff, 0x60, 0x5f, 0x5a, 0xff, 0x60, 0x5f, 0x5a, 0xff, 0x5b, 0x50, 0x49, 0xff, 0x5b, 0x50, 0x49, 0xff, 0x60, 0x5f, 0x5a, 0xff, 0x60, 0x5f, 0x5a, 0xff, 0x6a, 0x69, 0x65, 0xff, 0x6a, 0x69, 0x65, 0xff, 0x60, 0x5f, 0x5a, 0xff, 0x6a, 0x69, 0x65, 0xff, 0x60, 0x5f, 0x5a, 0xff, 0x6f, 0x78, 0x6c, 0xff, 0x6f, 0x78, 0x6c, 0xff,
        0x6f, 0x78, 0x6c, 0xff, 0x6f, 0x78, 0x6c, 0xff, 0x60, 0x5f, 0x5a, 0xff, 0x60, 0x5f, 0x5a, 0xff, 0x6a, 0x69, 0x65, 0xff, 0x6a, 0x69, 0x65, 0xff, 0x6a, 0x69, 0x65, 0xff, 0x6a, 0x69, 0x65, 0xff, 0x60, 0x5f, 0x5a, 0xff, 0x60, 0x5f, 0x5a, 0xff, 0x60, 0x5f, 0x5a, 0xff, 0x60, 0x5f, 0x5a, 0xff, 0x6a, 0x69, 0x65, 0xff, 0x6a, 0x69, 0x65, 0xff, 0x6a, 0x69, 0x65, 0xff, 0x6a, 0x69, 0x65, 0xff, 0x60, 0x5f, 0x5a, 0xff, 0x60, 0x5f, 0x5a, 0xff, 0x6f, 0x78, 0x6c, 0xff, 0x6f, 0x78, 0x6c, 0xff,
        0x6f, 0x78, 0x6c, 0xff, 0x5d, 0x61, 0x5b, 0xff, 0x5b, 0x50, 0x49, 0xff, 0x5b, 0x50, 0x49, 0xff, 0x60, 0x5f, 0x5a, 0xff, 0x60, 0x5f, 0x5a, 0xff, 0x6a, 0x69, 0x65, 0xff, 0x75, 0x74, 0x70, 0xff, 0x6a, 0x69, 0x65, 0xff, 0x6a, 0x69, 0x65, 0xff, 0x6a, 0x69, 0x65, 0xff, 0x6a, 0x69, 0x65, 0xff, 0x6a, 0x69, 0x65, 0xff, 0x6a, 0x69, 0x65, 0xff, 0x60, 0x5f, 0x5a, 0xff, 0x60, 0x5f, 0x5a, 0xff, 0x5b, 0x50, 0x49, 0xff, 0x5b, 0x50, 0x49, 0xff, 0x6f, 0x78, 0x6c, 0xff, 0x5d, 0x61, 0x5b, 0xff,
        0x5d, 0x61, 0x5b, 0xff, 0x5d, 0x61, 0x5b, 0xff, 0x4d, 0x45, 0x40, 0xff, 0x5b, 0x50, 0x49, 0xff, 0x5b, 0x50, 0x49, 0xff, 0x60, 0x5f, 0x5a, 0xff, 0x60, 0x5f, 0x5a, 0xff, 0x6a, 0x69, 0x65, 0xff, 0x6a, 0x69, 0x65, 0xff, 0x6a, 0x69, 0x65, 0xff, 0x6a, 0x69, 0x65, 0xff, 0x60, 0x5f, 0x5a, 0xff, 0x6a, 0x69, 0x65, 0xff, 0x60, 0x5f, 0x5a, 0xff, 0x60, 0x5f, 0x5a, 0xff, 0x5b, 0x50, 0x49, 0xff, 0x5b, 0x50, 0x49, 0xff, 0x4d, 0x45, 0x40, 0xff, 0x5d, 0x61, 0x5b, 0xff, 0x5d, 0x61, 0x5b, 0xff,
        0x45, 0x40, 0x40, 0xff, 0x5d, 0x61, 0x5b, 0xff, 0x4d, 0x45, 0x40, 0xff, 0x4d, 0x45, 0x40, 0xff, 0x4d, 0x45, 0x40, 0xff, 0x5b, 0x50, 0x49, 0xff, 0x4d, 0x45, 0x40, 0xff, 0x60, 0x5f, 0x5a, 0xff, 0x6a, 0x69, 0x65, 0xff, 0x60, 0x5f, 0x5a, 0xff, 0x6a, 0x69, 0x65, 0xff, 0x6a, 0x69, 0x65, 0xff, 0x60, 0x5f, 0x5a, 0xff, 0x5b, 0x50, 0x49, 0xff, 0x4d, 0x45, 0x40, 0xff, 0x4d, 0x45, 0x40, 0xff, 0x4d, 0x45, 0x40, 0xff, 0x4d, 0x45, 0x40, 0xff, 0x45, 0x40, 0x40, 0xff, 0x5d, 0x61, 0x5b, 0xff,
        0x45, 0x40, 0x40, 0xff, 0x4d, 0x45, 0x40, 0xff, 0x5b, 0x50, 0x49, 0xff, 0x5b, 0x50, 0x49, 0xff, 0x4d, 0x45, 0x40, 0xff, 0x4d, 0x45, 0x40, 0xff, 0x4d, 0x45, 0x40, 0xff, 0x5b, 0x50, 0x49, 0xff, 0x60, 0x5f, 0x5a, 0xff, 0x6a, 0x69, 0x65, 0xff, 0x6a, 0x69, 0x65, 0xff, 0x60, 0x5f, 0x5a, 0xff, 0x5b, 0x50, 0x49, 0xff, 0x4d, 0x45, 0x40, 0xff, 0x4d, 0x45, 0x40, 0xff, 0x5b, 0x50, 0x49, 0xff, 0x4d, 0x45, 0x40, 0xff, 0x5b, 0x50, 0x49, 0xff, 0x45, 0x40, 0x40, 0xff, 0x4d, 0x45, 0x40, 0xff,
        0x5b, 0x50, 0x49, 0xff, 0x5b, 0x50, 0x49, 0xff, 0x5b, 0x50, 0x49, 0xff, 0x4d, 0x45, 0x40, 0xff, 0x4d, 0x45, 0x40, 0xff, 0x5b, 0x50, 0x49, 0xff, 0x5b, 0x50, 0x49, 0xff, 0x60, 0x5f, 0x5a, 0xff, 0x60, 0x5f, 0x5a, 0xff, 0x60, 0x5f, 0x5a, 0xff, 0x6a, 0x69, 0x65, 0xff, 0x60, 0x5f, 0x5a, 0xff, 0x60, 0x5f, 0x5a, 0xff, 0x5b, 0x50, 0x49, 0xff, 0x5b, 0x50, 0x49, 0xff, 0x4d, 0x45, 0x40, 0xff, 0x4d, 0x45, 0x40, 0xff, 0x5b, 0x50, 0x49, 0xff, 0x5b, 0x50, 0x49, 0xff, 0x5b, 0x50, 0x49, 0xff,
        0x00, 0x00, 0x00, 0x00, 0x00, 0x00, 0x00, 0x00, 0x4d, 0x45, 0x40, 0xff, 0x5b, 0x50, 0x49, 0xff, 0x60, 0x5f, 0x5a, 0xff, 0x5b, 0x50, 0x49, 0xff, 0x5b, 0x50, 0x49, 0xff, 0x5b, 0x50, 0x49, 0xff, 0x60, 0x5f, 0x5a, 0xff, 0x60, 0x5f, 0x5a, 0xff, 0x60, 0x5f, 0x5a, 0xff, 0x60, 0x5f, 0x5a, 0xff, 0x75, 0x74, 0x70, 0xff, 0x5b, 0x50, 0x49, 0xff, 0x5b, 0x50, 0x49, 0xff, 0x60, 0x5f, 0x5a, 0xff, 0x5b, 0x50, 0x49, 0xff, 0x4d, 0x45, 0x40, 0xff, 0x00, 0x00, 0x00, 0x00, 0x00, 0x00, 0x00, 0x00,
        0x00, 0x00, 0x00, 0x00, 0x00, 0x00, 0x00, 0x00, 0x5b, 0x50, 0x49, 0xff, 0x60, 0x5f, 0x5a, 0xff, 0x6a, 0x69, 0x65, 0xff, 0x6a, 0x69, 0x65, 0xff, 0x60, 0x5f, 0x5a, 0xff, 0x5b, 0x50, 0x49, 0xff, 0x6a, 0x69, 0x65, 0xff, 0x60, 0x5f, 0x5a, 0xff, 0x60, 0x5f, 0x5a, 0xff, 0x6a, 0x69, 0x65, 0xff, 0x5b, 0x50, 0x49, 0xff, 0x60, 0x5f, 0x5a, 0xff, 0x6a, 0x69, 0x65, 0xff, 0x6a, 0x69, 0x65, 0xff, 0x60, 0x5f, 0x5a, 0xff, 0x5b, 0x50, 0x49, 0xff, 0x00, 0x00, 0x00, 0x00, 0x00, 0x00, 0x00, 0x00,
        0x00, 0x00, 0x00, 0x00, 0x00, 0x00, 0x00, 0x00, 0x4d, 0x45, 0x40, 0xff, 0x5b, 0x50, 0x49, 0xff, 0x60, 0x5f, 0x5a, 0xff, 0x6a, 0x69, 0x65, 0xff, 0x6a, 0x69, 0x65, 0xff, 0x6a, 0x69, 0x65, 0xff, 0x6a, 0x69, 0x65, 0xff, 0x6a, 0x69, 0x65, 0xff, 0x6a, 0x69, 0x65, 0xff, 0x6a, 0x69, 0x65, 0xff, 0x6a, 0x69, 0x65, 0xff, 0x6a, 0x69, 0x65, 0xff, 0x6a, 0x69, 0x65, 0xff, 0x60, 0x5f, 0x5a, 0xff, 0x5b, 0x50, 0x49, 0xff, 0x4d, 0x45, 0x40, 0xff, 0x00, 0x00, 0x00, 0x00, 0x00, 0x00, 0x00, 0x00,
        0x00, 0x00, 0x00, 0x00, 0x00, 0x00, 0x00, 0x00, 0x5b, 0x50, 0x49, 0xff, 0x4d, 0x45, 0x40, 0xff, 0x4d, 0x45, 0x40, 0xff, 0x4d, 0x45, 0x40, 0xff, 0x5b, 0x50, 0x49, 0xff, 0x60, 0x5f, 0x5a, 0xff, 0x6a, 0x69, 0x65, 0xff, 0x75, 0x74, 0x70, 0xff, 0x6a, 0x69, 0x65, 0xff, 0x6a, 0x69, 0x65, 0xff, 0x60, 0x5f, 0x5a, 0xff, 0x5b, 0x50, 0x49, 0xff, 0x4d, 0x45, 0x40, 0xff, 0x4d, 0x45, 0x40, 0xff, 0x4d, 0x45, 0x40, 0xff, 0x5b, 0x50, 0x49, 0xff, 0x00, 0x00, 0x00, 0x00, 0x00, 0x00, 0x00, 0x00,
        0x00, 0x00, 0x00, 0x00, 0x00, 0x00, 0x00, 0x00, 0x26, 0x26, 0x24, 0xff, 0x26, 0x26, 0x24, 0xff, 0x26, 0x26, 0x24, 0xff, 0x26, 0x26, 0x24, 0xff, 0x26, 0x26, 0x24, 0xff, 0x26, 0x26, 0x24, 0xff, 0x26, 0x26, 0x24, 0xff, 0x26, 0x26, 0x24, 0xff, 0x26, 0x26, 0x24, 0xff, 0x26, 0x26, 0x24, 0xff, 0x26, 0x26, 0x24, 0xff, 0x26, 0x26, 0x24, 0xff, 0x26, 0x26, 0x24, 0xff, 0x26, 0x26, 0x24, 0xff, 0x26, 0x26, 0x24, 0xff, 0x26, 0x26, 0x24, 0xff, 0x00, 0x00, 0x00, 0x00, 0x00, 0x00, 0x00, 0x00,
        0x00, 0x00, 0x00, 0x00, 0x00, 0x00, 0x00, 0x00, 0x26, 0x26, 0x24, 0xff, 0x26, 0x26, 0x24, 0xff, 0x26, 0x26, 0x24, 0xff, 0x26, 0x26, 0x24, 0xff, 0x26, 0x26, 0x24, 0xff, 0x26, 0x26, 0x24, 0xff, 0x26, 0x26, 0x24, 0xff, 0x26, 0x26, 0x24, 0xff, 0x26, 0x26, 0x24, 0xff, 0x26, 0x26, 0x24, 0xff, 0x26, 0x26, 0x24, 0xff, 0x26, 0x26, 0x24, 0xff, 0x26, 0x26, 0x24, 0xff, 0x26, 0x26, 0x24, 0xff, 0x26, 0x26, 0x24, 0xff, 0x26, 0x26, 0x24, 0xff, 0x00, 0x00, 0x00, 0x00, 0x00, 0x00, 0x00, 0x00,
        0x00, 0x00, 0x00, 0x00, 0x00, 0x00, 0x00, 0x00, 0x4d, 0x45, 0x40, 0xff, 0x4d, 0x45, 0x40, 0xff, 0xff, 0xff, 0xff, 0xff, 0xff, 0xff, 0xff, 0xff, 0x32, 0x66, 0x3c, 0xff, 0x32, 0x66, 0x3c, 0xff, 0x45, 0x40, 0x40, 0xff, 0x45, 0x40, 0x40, 0xff, 0x45, 0x40, 0x40, 0xff, 0x45, 0x40, 0x40, 0xff, 0x32, 0x66, 0x3c, 0xff, 0x32, 0x66, 0x3c, 0xff, 0xff, 0xff, 0xff, 0xff, 0xff, 0xff, 0xff, 0xff, 0x4d, 0x45, 0x40, 0xff, 0x4d, 0x45, 0x40, 0xff, 0x00, 0x00, 0x00, 0x00, 0x00, 0x00, 0x00, 0x00,
        0x00, 0x00, 0x00, 0x00, 0x00, 0x00, 0x00, 0x00, 0x6a, 0x69, 0x65, 0xff, 0x60, 0x5f, 0x5a, 0xff, 0x5b, 0x50, 0x49, 0xff, 0x5b, 0x50, 0x49, 0xff, 0x4d, 0x45, 0x40, 0xff, 0x45, 0x40, 0x40, 0xff, 0x32, 0x32, 0x2c, 0xff, 0x32, 0x32, 0x2c, 0xff, 0x32, 0x32, 0x2c, 0xff, 0x32, 0x32, 0x2c, 0xff, 0x45, 0x40, 0x40, 0xff, 0x4d, 0x45, 0x40, 0xff, 0x5b, 0x50, 0x49, 0xff, 0x5b, 0x50, 0x49, 0xff, 0x60, 0x5f, 0x5a, 0xff, 0x75, 0x74, 0x70, 0xff, 0x00, 0x00, 0x00, 0x00, 0x00, 0x00, 0x00, 0x00,
        0x00, 0x00, 0x00, 0x00, 0x00, 0x00, 0x00, 0x00, 0x6a, 0x69, 0x65, 0xff, 0x6a, 0x69, 0x65, 0xff, 0x60, 0x5f, 0x5a, 0xff, 0x60, 0x5f, 0x5a, 0xff, 0x5b, 0x50, 0x49, 0xff, 0x45, 0x40, 0x40, 0xff, 0x32, 0x32, 0x2c, 0xff, 0x32, 0x32, 0x2c, 0xff, 0x32, 0x32, 0x2c, 0xff, 0x32, 0x32, 0x2c, 0xff, 0x45, 0x40, 0x40, 0xff, 0x5b, 0x50, 0x49, 0xff, 0x60, 0x5f, 0x5a, 0xff, 0x60, 0x5f, 0x5a, 0xff, 0x6a, 0x69, 0x65, 0xff, 0x6a, 0x69, 0x65, 0xff, 0x00, 0x00, 0x00, 0x00, 0x00, 0x00, 0x00, 0x00,
        0x00, 0x00, 0x00, 0x00, 0x00, 0x00, 0x00, 0x00, 0x5b, 0x50, 0x49, 0xff, 0x60, 0x5f, 0x5a, 0xff, 0x60, 0x5f, 0x5a, 0xff, 0x5b, 0x50, 0x49, 0xff, 0x4d, 0x45, 0x40, 0xff, 0x45, 0x40, 0x40, 0xff, 0x32, 0x32, 0x2c, 0xff, 0x32, 0x32, 0x2c, 0xff, 0x32, 0x32, 0x2c, 0xff, 0x32, 0x32, 0x2c, 0xff, 0x45, 0x40, 0x40, 0xff, 0x4d, 0x45, 0x40, 0xff, 0x5b, 0x50, 0x49, 0xff, 0x60, 0x5f, 0x5a, 0xff, 0x60, 0x5f, 0x5a, 0xff, 0x5b, 0x50, 0x49, 0xff, 0x00, 0x00, 0x00, 0x00, 0x00, 0x00, 0x00, 0x00,
        0x00, 0x00, 0x00, 0x00, 0x00, 0x00, 0x00, 0x00, 0x4d, 0x45, 0x40, 0xff, 0x4d, 0x45, 0x40, 0xff, 0x4d, 0x45, 0x40, 0xff, 0x4d, 0x45, 0x40, 0xff, 0x4d, 0x45, 0x40, 0xff, 0x45, 0x40, 0x40, 0xff, 0x32, 0x32, 0x2c, 0xff, 0x32, 0x32, 0x2c, 0xff, 0x32, 0x32, 0x2c, 0xff, 0x32, 0x32, 0x2c, 0xff, 0x45, 0x40, 0x40, 0xff, 0x4d, 0x45, 0x40, 0xff, 0x4d, 0x45, 0x40, 0xff, 0x4d, 0x45, 0x40, 0xff, 0x4d, 0x45, 0x40, 0xff, 0x4d, 0x45, 0x40, 0xff, 0x00, 0x00, 0x00, 0x00, 0x00, 0x00, 0x00, 0x00,
        0x00, 0x00, 0x00, 0x00, 0x00, 0x00, 0x00, 0x00, 0x00, 0x00, 0x00, 0x00, 0x4d, 0x45, 0x40, 0xff, 0x4d, 0x45, 0x40, 0xff, 0x00, 0x00, 0x00, 0x00, 0x00, 0x00, 0x00, 0x00, 0x4d, 0x45, 0x40, 0xff, 0x32, 0x32, 0x2c, 0xff, 0x32, 0x32, 0x2c, 0xff, 0x32, 0x32, 0x2c, 0xff, 0x32, 0x32, 0x2c, 0xff, 0x4d, 0x45, 0x40, 0xff, 0x00, 0x00, 0x00, 0x00, 0x00, 0x00, 0x00, 0x00, 0x4d, 0x45, 0x40, 0xff, 0x4d, 0x45, 0x40, 0xff, 0x00, 0x00, 0x00, 0x00, 0x00, 0x00, 0x00, 0x00, 0x00, 0x00, 0x00, 0x00,
        0x00, 0x00, 0x00, 0x00, 0x00, 0x00, 0x00, 0x00, 0x00, 0x00, 0x00, 0x00, 0x26, 0x26, 0x24, 0xff, 0x26, 0x26, 0x24, 0xff, 0x00, 0x00, 0x00, 0x00, 0x00, 0x00, 0x00, 0x00, 0x26, 0x26, 0x24, 0xff, 0x32, 0x32, 0x2c, 0xff, 0x32, 0x32, 0x2c, 0xff, 0x32, 0x32, 0x2c, 0xff, 0x32, 0x32, 0x2c, 0xff, 0x26, 0x26, 0x24, 0xff, 0x00, 0x00, 0x00, 0x00, 0x00, 0x00, 0x00, 0x00, 0x26, 0x26, 0x24, 0xff, 0x26, 0x26, 0x24, 0xff, 0x00, 0x00, 0x00, 0x00, 0x00, 0x00, 0x00, 0x00, 0x00, 0x00, 0x00, 0x00,
        0x00, 0x00, 0x00, 0x00, 0x00, 0x00, 0x00, 0x00, 0x00, 0x00, 0x00, 0x00, 0x00, 0x00, 0x00, 0x00, 0x00, 0x00, 0x00, 0x00, 0x00, 0x00, 0x00, 0x00, 0x00, 0x00, 0x00, 0x00, 0x00, 0x00, 0x00, 0x00, 0x32, 0x32, 0x2c, 0xff, 0x32, 0x32, 0x2c, 0xff, 0x32, 0x32, 0x2c, 0xff, 0x32, 0x32, 0x2c, 0xff, 0x00, 0x00, 0x00, 0x00, 0x00, 0x00, 0x00, 0x00, 0x00, 0x00, 0x00, 0x00, 0x00, 0x00, 0x00, 0x00, 0x00, 0x00, 0x00, 0x00, 0x00, 0x00, 0x00, 0x00, 0x00, 0x00, 0x00, 0x00, 0x00, 0x00, 0x00, 0x00,
        0x00, 0x00, 0x00, 0x00, 0x00, 0x00, 0x00, 0x00, 0x00, 0x00, 0x00, 0x00, 0x00, 0x00, 0x00, 0x00, 0x00, 0x00, 0x00, 0x00, 0x00, 0x00, 0x00, 0x00, 0x00, 0x00, 0x00, 0x00, 0x00, 0x00, 0x00, 0x00, 0x32, 0x32, 0x2c, 0xff, 0x32, 0x32, 0x2c, 0xff, 0x32, 0x32, 0x2c, 0xff, 0x32, 0x32, 0x2c, 0xff, 0x00, 0x00, 0x00, 0x00, 0x00, 0x00, 0x00, 0x00, 0x00, 0x00, 0x00, 0x00, 0x00, 0x00, 0x00, 0x00, 0x00, 0x00, 0x00, 0x00, 0x00, 0x00, 0x00, 0x00, 0x00, 0x00, 0x00, 0x00, 0x00, 0x00, 0x00, 0x00,
        0x00, 0x00, 0x00, 0x00, 0x00, 0x00, 0x00, 0x00, 0x26, 0x26, 0x24, 0xff, 0x00, 0x00, 0x00, 0x00, 0x00, 0x00, 0x00, 0x00, 0x26, 0x26, 0x24, 0xff, 0x26, 0x26, 0x24, 0xff, 0x00, 0x00, 0x00, 0x00, 0x00, 0x00, 0x00, 0x00, 0x26, 0x26, 0x24, 0xff, 0x26, 0x26, 0x24, 0xff, 0x00, 0x00, 0x00, 0x00, 0x00, 0x00, 0x00, 0x00, 0x26, 0x26, 0x24, 0xff, 0x26, 0x26, 0x24, 0xff, 0x00, 0x00, 0x00, 0x00, 0x00, 0x00, 0x00, 0x00, 0x26, 0x26, 0x24, 0xff, 0x00, 0x00, 0x00, 0x00, 0x00, 0x00, 0x00, 0x00,
        0x00, 0x00, 0x00, 0x00, 0x00, 0x00, 0x00, 0x00, 0x26, 0x26, 0x24, 0xff, 0x00, 0x00, 0x00, 0x00, 0x00, 0x00, 0x00, 0x00, 0x26, 0x26, 0x24, 0xff, 0x26, 0x26, 0x24, 0xff, 0x00, 0x00, 0x00, 0x00, 0x00, 0x00, 0x00, 0x00, 0x26, 0x26, 0x24, 0xff, 0x26, 0x26, 0x24, 0xff, 0x00, 0x00, 0x00, 0x00, 0x00, 0x00, 0x00, 0x00, 0x26, 0x26, 0x24, 0xff, 0x26, 0x26, 0x24, 0xff, 0x00, 0x00, 0x00, 0x00, 0x00, 0x00, 0x00, 0x00, 0x26, 0x26, 0x24, 0xff, 0x00, 0x00, 0x00, 0x00, 0x00, 0x00, 0x00, 0x00,
        0x00, 0x00, 0x00, 0x00, 0x00, 0x00, 0x00, 0x00, 0x4d, 0x45, 0x40, 0xff, 0x4d, 0x45, 0x40, 0xff, 0x5b, 0x50, 0x49, 0xff, 0x60, 0x5f, 0x5a, 0xff, 0x5b, 0x50, 0x49, 0xff, 0x60, 0x5f, 0x5a, 0xff, 0x60, 0x5f, 0x5a, 0xff, 0x60, 0x5f, 0x5a, 0xff, 0x60, 0x5f, 0x5a, 0xff, 0x60, 0x5f, 0x5a, 0xff, 0x60, 0x5f, 0x5a, 0xff, 0x5b, 0x50, 0x49, 0xff, 0x60, 0x5f, 0x5a, 0xff, 0x5b, 0x50, 0x49, 0xff, 0x4d, 0x45, 0x40, 0xff, 0x4d, 0x45, 0x40, 0xff, 0x00, 0x00, 0x00, 0x00, 0x00, 0x00, 0x00, 0x00,
    ] },
];
